<system>
	<name>1RXS1609</name>
	<rightascension>16 09 30</rightascension>
	<declination>-21 04 58</declination>
	<distance errorminus="14" errorplus="14">145</distance>
	<star>
		<name>1RXS1609</name>
		<name>1RXS J160929.1-210524</name>
		<name>GSC 6213-1358</name>
		<magJ errorminus="0.027" errorplus="0.027">9.764</magJ>
		<magH errorminus="0.023" errorplus="0.023">9.109</magH>
		<magK errorminus="0.021" errorplus="0.021">8.891</magK>
		<mass errorminus="0.10" errorplus="0.20">0.85</mass>
		<radius>1.35</radius>
		<spectraltype errorminus="1" errorplus="1">M0V</spectraltype>
		<temperature errorminus="200" errorplus="300">4060</temperature>
		<age errorminus="0.002" errorplus="0.002">0.011</age>
		<planet>
			<name>1RXS1609 b</name>
			<name>1RXS J160929.1-210524 b</name>
			<name>GSC 6213-1358 b</name>
			<list>Confirmed planets</list>
			<mass lowerlimit="13" upperlimit="16" />
			<radius>1.7</radius>
			<separation errorminus="0.01" errorplus="0.01" unit="arcsec">2.21</separation>
			<separation unit="AU">330</separation>
			<positionangle errorminus="0.3" errorplus="0.3">27.1</positionangle>
			<magJ errorminus="0.12" errorplus="0.12">17.85</magJ>
			<magH errorminus="0.07" errorplus="0.07">16.86</magH>
			<magK errorminus="0.18" errorplus="0.18">16.15</magK>
			<spectraltype errorminus="1" errorplus="1">L2</spectraltype>
			<temperature errorminus="100" errorplus="100">2000</temperature>
			<description>1RXS J160929.1-210524 is a 5 million year old pre-main sequence star in the constellation of Scorpius. The observed planet has a large separation, posing problems for current formation scenarios. Two possibilities are that the planet formed by gravitational instability or migrated outwards. There is evidence that 1RXS 1609 b is surrounded by a dust disc inclined to the line of sight.</description>
			<discoverymethod>imaging</discoverymethod>
			<lastupdate>15/07/29</lastupdate>
			<discoveryyear>2008</discoveryyear>
			<image>1RXS1609</image>
			<imagedescription>This image of the host star and the planet was taken with the Gemini North telescope and released in September 2008. Credit: Gemini Observatory.</imagedescription>
		</planet>
	</star>
	<videolink>http://youtu.be/xbowd4IY-Cg</videolink>
	<constellation>Scorpius</constellation>
</system>
