<system>
	<name>1SWASP J1407</name>
	<rightascension>14 07 47.93</rightascension>
	<declination>-39 45 42.7</declination>
	<distance errorminus="12" errorplus="12">133</distance>
	<star>
		<name>1SWASP J1407</name>
		<name>1SWASP J140747.93-394542.6</name>
		<radius errorminus="0.11" errorplus="0.11">0.99</radius>
		<spectraltype>K5</spectraltype>
		<age>0.016</age>
		<planet>
			<name>1SWASP J1407 b</name>
			<name>1SWASP J140747.93-394542.6 b</name>
			<name>J1407 b</name>
			<list>Controversial</list>
			<mass>14.0</mass>
			<period>10044</period>
			<eccentricity errorminus="0.1" errorplus="0.1">0.8</eccentricity>
			<description>The light curve of 1SWASP J140747.93-394542.6 underwent a complex series of deep eclipses that lasted 56 days in April 2007. This light curve is interpreted as the transit of a giant ring system that is filling up a fraction of the Hill sphere of an unseen secondary companion, J1407b. The object is currently listed as controversial as various inconsistencies arise in current models and it is not clear that the object really is a planet.</description>
			<imagedescription>Artist's conception of the extrasolar ring system circling the young giant planet or brown dwarf J1407b. The rings are shown eclipsing the young sun-like star J1407, as they would have appeared in early 2007. Credit: Ron Miller</imagedescription>
			<image>1SWASP1407</image>
			<discoverymethod>transit</discoverymethod>
			<istransiting>1</istransiting>
			<lastupdate>15/02/21</lastupdate>
			<discoveryyear>2007</discoveryyear>
		</planet>
	</star>
	<constellation>Centaurus</constellation>
</system>
