<system>
	<name>24 Boo</name>
	<name>HD 127243</name>
	<name>HIP 70791</name>
	<rightascension>14 28 37.8130</rightascension>
	<declination>+49 50 41.4610</declination>
	<distance errorminus="0.64" errorplus="0.64">96.25</distance>
	<star>
		<name>24 Boo</name>
		<name>HD 127243</name>
		<name>HIP 70791</name>
		<name>TYC 3475-1198-1</name>
		<name>Gaia DR2 1603662211901473408</name>
		<radius errorminus="0.59" errorplus="0.84">10.64</radius>
		<magV>5.580</magV>
		<magJ errorminus="0.240" errorplus="0.240">3.845</magJ>
		<magH errorminus="0.190" errorplus="0.190">3.340</magH>
		<magK errorminus="0.280" errorplus="0.280">3.159</magK>
		<mass errorminus="0.13" errorplus="0.19">0.99</mass>
		<temperature errorminus="15.00" errorplus="15.00">4893.00</temperature>
		<metallicity errorminus="0.030" errorplus="0.030">-0.770</metallicity>
		<spectraltype>G3IV</spectraltype>
		<planet>
			<name>24 Boo b</name>
			<name>HD 127243 b</name>
			<name>HIP 70791 b</name>
			<name>TYC 3475-1198-1 b</name>
			<name>Gaia DR2 1603662211901473408 b</name>
			<semimajoraxis errorminus="0.009000" errorplus="0.012000">0.190000</semimajoraxis>
			<eccentricity errorminus="0.029000" errorplus="0.048000">0.042000</eccentricity>
			<periastron errorminus="130.0000" errorplus="100.0000">210.0000</periastron>
			<period errorminus="0.00770000" errorplus="0.00780000">30.35060000</period>
			<description>This planet was discovered by Takarada et al. 2018. This was a ground based discovery. The parameters listed here are those reported by Takarada et al. 2018 and were imported into the Open Exoplanet Catalogue from the NASA Exoplanet Archive.</description>
			<mass errorminus="0.10000" errorplus="0.13000">0.91000</mass>
			<discoverymethod>RV</discoverymethod>
			<discoveryyear>2018</discoveryyear>
			<list>Confirmed planets</list>
			<lastupdate>18/04/26</lastupdate>
		</planet>
	</star>
	<constellation>Boötes</constellation>
</system>
