<system>
	<name>2M 1253+2734</name>
	<rightascension>12 53 01.00</rightascension>
	<declination>+27 34 19.00</declination>
	<star>
		<name>2M 1253+2734</name>
		<planet>
			<name>2M 1253+2734 b</name>
			<eccentricity errorminus="0.053" errorplus="0.053">0.681</eccentricity>
			<period errorminus="0.021" errorplus="0.021">24.31</period>
			<description>The parameters listed here were imported into the Open Exoplanet Catalogue from the exoplanet.eu website.</description>
			<mass errorminus="0.2" errorplus="1.8">8.3</mass>
			<discoverymethod>RV</discoverymethod>
			<discoveryyear>2021</discoveryyear>
			<list>Confirmed planets</list>
			<lastupdate>22/02/08</lastupdate>
			<new>1</new>
		</planet>
	</star>
	<constellation>Coma Berenices</constellation>
</system>
