<system>
	<name>2M 1258+2630</name>
	<rightascension>12 58 23.00</rightascension>
	<declination>+26 30 09.00</declination>
	<star>
		<name>2M 1258+2630</name>
		<planet>
			<name>2M 1258+2630 b</name>
			<eccentricity errorminus="0.084" errorplus="0.084">0.598</eccentricity>
			<period errorminus="0.19" errorplus="0.19">11.88</period>
			<description>The parameters listed here were imported into the Open Exoplanet Catalogue from the exoplanet.eu website.</description>
			<mass errorminus="0.18" errorplus="0.31">3.4</mass>
			<discoverymethod>RV</discoverymethod>
			<discoveryyear>2021</discoveryyear>
			<list>Confirmed planets</list>
			<lastupdate>22/02/08</lastupdate>
			<new>1</new>
		</planet>
	</star>
	<constellation>Coma Berenices</constellation>
</system>
