<system>
	<name>2M 1252+2735</name>
	<rightascension>12 52 51.00</rightascension>
	<declination>+27 35 13.00</declination>
	<distance errorminus="4.0" errorplus="4.0">197.2</distance>
	<star>
		<name>2M 1252+2735</name>
		<magV>12.0</magV>
		<spectraltype>G8IV</spectraltype>
		<planet>
			<name>2M 1252+2735 b</name>
			<eccentricity>0.0</eccentricity>
			<period errorminus="0.12" errorplus="0.12">35.08</period>
			<description>The parameters listed here were imported into the Open Exoplanet Catalogue from the exoplanet.eu website.</description>
			<mass errorminus="0.64" errorplus="0.21">6.88</mass>
			<discoverymethod>RV</discoverymethod>
			<discoveryyear>2021</discoveryyear>
			<list>Confirmed planets</list>
			<lastupdate>22/02/08</lastupdate>
			<new>1</new>
		</planet>
	</star>
	<constellation>Coma Berenices</constellation>
</system>
