<system>
	<name>2M 1938+4603</name>
	<name>Kepler-451</name>
	<name>KIC 9472174</name>
	<rightascension>19 38 32.6</rightascension>
	<declination>+46 03 59</declination>
	<distance errorminus="6.4" errorplus="6.4">400.8</distance>
	<binary>
		<name>2M 1938+4603</name>
		<name>Kepler-451</name>
		<name>KIC 9472174</name>
		<name>2MASS J19383260+4603591</name>
		<name>WISE J193832.61+460358.9</name>
		<name>TYC 3556-3568-1</name>
		<name>NSVS 5629361</name>
		<period errorminus="0.000000005" errorplus="0.000000005">0.125765282</period>
		<inclination errorminus="0.20" errorplus="0.20">69.45</inclination>
		<transittime errorminus="0.00003" errorplus="0.00003" unit="BJD">2455276.60843</transittime>
		<semimajoraxis errorminus="0.00007" errorplus="0.00007">0.00414</semimajoraxis>
		<star>
			<name>2M 1938+4603 A</name>
			<name>Kepler-451 A</name>
			<name>KIC 9472174 A</name>
			<name>2MASS J19383260+4603591 A</name>
			<name>WISE J193832.61+460358.9 A</name>
			<name>TYC 3556-3568-1 A</name>
			<name>NSVS 5629361 A</name>
			<magB errorminus="0.10" errorplus="0.10">12.17</magB>
			<magV errorminus="0.24" errorplus="0.24">12.69</magV>
			<magR errorminus="0.08" errorplus="0.08">12.46</magR>
			<magI>12.399</magI>
			<magJ errorminus="0.022" errorplus="0.022">12.757</magJ>
			<magH errorminus="0.020" errorplus="0.020">12.889</magH>
			<magK errorminus="0.029" errorplus="0.029">12.955</magK>
			<spectraltype>sdBV</spectraltype>
			<mass errorminus="0.03" errorplus="0.03">0.48</mass>
			<temperature errorminus="106" errorplus="106">29564</temperature>
			<radius errorminus="0.004" errorplus="0.004">0.223</radius>
		</star>
		<star>
			<name>2M 1938+4603 B</name>
			<name>Kepler-451 B</name>
			<name>KIC 9472174 B</name>
			<name>2MASS J19383260+4603591 B</name>
			<name>WISE J193832.61+460358.9 B</name>
			<name>TYC 3556-3568-1 B</name>
			<name>NSVS 5629361 B</name>
			<spectraltype>M</spectraltype>
			<mass errorminus="0.01" errorplus="0.01">0.12</mass>
			<radius errorminus="0.003" errorplus="0.003">0.158</radius>
		</star>
		<planet>
			<name>2M 1938+4603 b</name>
			<name>2M 1938+4603 (AB) b</name>
			<name>Kepler-451 b</name>
			<name>Kepler-451 (AB) b</name>
			<name>KIC 9472174 b</name>
			<name>KIC 9472174 (AB) b</name>
			<period errorminus="2" errorplus="2">416</period>
			<semimajoraxis errorminus="0.02" errorplus="0.02">0.92</semimajoraxis>
			<mass errorminus="0.1" errorplus="0.1">1.9</mass>
			<discoverymethod>timing</discoverymethod>
			<discoveryyear>2015</discoveryyear>
			<lastupdate>15/06/11</lastupdate>
			<description>2M 1938+4603 is an eclipsing post-common envelope binary in the Kepler field. Variations in the timing of the eclipses of the binary star have been used to infer the presence of a giant planet in a circumbinary orbit.</description>
			<list>Confirmed planets</list>
			<list>Planets in binary systems, P-type</list>
		</planet>
	</binary>
	<constellation>Cygnus</constellation>
</system>
