<system>
	<name>2M0437</name>
	<rightascension>04 37 21.73</rightascension>
	<declination>+26 51 01.07</declination>
	<distance errorminus="0.5" errorplus="0.5">128.1</distance>
	<star>
		<name>2M0437</name>
		<radius errorminus="0.11" errorplus="0.11">0.84</radius>
		<magV>15.7</magV>
		<mass errorminus="0.0015" errorplus="0.0015">0.0165</mass>
		<temperature errorminus="100.0" errorplus="100.0">3100.0</temperature>
		<metallicity errorminus="0.05" errorplus="0.05">0.01</metallicity>
		<planet>
			<name>2M0437 b</name>
			<semimajoraxis errorminus="1.3" errorplus="1.3">118.0</semimajoraxis>
			<description>The parameters listed here were imported into the Open Exoplanet Catalogue from the exoplanet.eu website.</description>
			<mass>4.0</mass>
			<temperature>1450.0</temperature>
			<discoverymethod>imaging</discoverymethod>
			<discoveryyear>2021</discoveryyear>
			<list>Confirmed planets</list>
			<lastupdate>21/10/19</lastupdate>
		</planet>
	</star>
	<constellation>Taurus</constellation>
</system>
