<system>
	<name>2MASS J01033563-5515561 A</name>
	<rightascension>01 03 36</rightascension>
	<declination>-55 15 56</declination>
	<distance errorminus="3.10" errorplus="3.10">47.20</distance>
	<star>
		<name>2MASS J01033563-5515561 A</name>
		<magJ errorminus="0.050" errorplus="0.050">7.360</magJ>
		<magH errorminus="0.050" errorplus="0.050">6.780</magH>
		<magK errorminus="0.050" errorplus="0.050">6.440</magK>
		<mass errorminus="0.02" errorplus="0.02">0.19</mass>
		<spectraltype>M5.5/M6</spectraltype>
		<planet>
			<name>2MASS J01033563-5515561 A b</name>
			<semimajoraxis>84.000000</semimajoraxis>
			<description>This planet was discovered by Delorme et al. 2013. This was a ground based discovery. The parameters listed here are those reported by Delorme et al. 2013 and were imported into the Open Exoplanet Catalogue from the NASA Exoplanet Archive.</description>
			<mass errorminus="1.00000" errorplus="1.00000">13.00000</mass>
			<discoverymethod>imaging</discoverymethod>
			<discoveryyear>2013</discoveryyear>
			<list>Confirmed planets</list>
			<lastupdate>20/09/03</lastupdate>
		</planet>
	</star>
	<constellation>Phoenix</constellation>
</system>
