<system>
	<name>2MASS J2206+3301</name>
	<rightascension>22 06 25.20</rightascension>
	<declination>+33 01 14.44</declination>
	<distance errorminus="3.7" errorplus="3.7">34.4</distance>
	<star>
		<name>2MASS J2206+3301</name>
		<planet>
			<name>2MASS J2206+3301</name>
			<description>The parameters listed here were imported into the Open Exoplanet Catalogue from the exoplanet.eu website.</description>
			<mass errorminus="1.0" errorplus="1.0">8.0</mass>
			<radius errorminus="0.02" errorplus="0.02">1.3</radius>
			<temperature errorminus="37.0" errorplus="37.0">1076.0</temperature>
			<discoverymethod>imaging</discoverymethod>
			<discoveryyear>2022</discoveryyear>
			<list>Confirmed planets</list>
			<lastupdate>22/01/23</lastupdate>
		</planet>
	</star>
	<constellation>Pegasus</constellation>
</system>
