<system>
	<name>2MASS J0951-8023</name>
	<rightascension>09 51 26.90</rightascension>
	<declination>-80 23 55.30</declination>
	<star>
		<name>2MASS J0951-8023</name>
		<planet>
			<name>2MASS J0951-8023</name>
			<name>2MASS J09512690-8023553</name>
			<description>The parameters listed here were imported into the Open Exoplanet Catalogue from the exoplanet.eu website.</description>
			<mass errorminus="2.0" errorplus="2.0">15.0</mass>
			<radius errorminus="0.05" errorplus="0.05">1.45</radius>
			<temperature errorminus="65.0" errorplus="65.0">1463.0</temperature>
			<discoverymethod>imaging</discoverymethod>
			<discoveryyear>2022</discoveryyear>
			<list>Confirmed planets</list>
			<lastupdate>22/01/23</lastupdate>
		</planet>
	</star>
	<constellation>Chamaleon</constellation>
</system>
