<system>
	<name>2MASS J06023447-0034369</name>
	<name>Gaia EDR3 3026325426682637824</name>
	<rightascension>06 02 34.48</rightascension>
	<declination>-00 34 36.92</declination>
	<star>
		<name>2MASS J06023447-0034369</name>
		<name>Gaia EDR3 3026325426682637824</name>
		<planet>
			<name>2MASS J06023447-0034369 b</name>
			<period errorminus="0.0001" errorplus="0.0001">3.0525</period>
			<description>The parameters listed here were imported into the Open Exoplanet Catalogue from the exoplanet.eu website.</description>
			<mass errorminus="0.1" errorplus="0.1">1.1</mass>
			<radius>1.3</radius>
			<discoverymethod>transit</discoverymethod>
			<istransiting>1</istransiting>
			<discoveryyear>2021</discoveryyear>
			<list>Confirmed planets</list>
			<lastupdate>21/09/24</lastupdate>
		</planet>
	</star>
	<constellation>Orion</constellation>
</system>
