<system>
	<name>2MASS J0642+4101</name>
	<rightascension>06 42 05.59</rightascension>
	<declination>+41 01 60.00</declination>
	<distance errorminus="1.9" errorplus="1.9">16.1</distance>
	<star>
		<name>2MASS J0642+4101</name>
		<planet>
			<name>2MASS J0642+4101</name>
			<description>The parameters listed here were imported into the Open Exoplanet Catalogue from the exoplanet.eu website.</description>
			<mass errorminus="1.0" errorplus="1.0">12.0</mass>
			<radius>1.23</radius>
			<temperature errorminus="11.0" errorplus="11.0">1124.0</temperature>
			<discoverymethod>imaging</discoverymethod>
			<discoveryyear>2022</discoveryyear>
			<list>Confirmed planets</list>
			<lastupdate>22/01/23</lastupdate>
		</planet>
	</star>
	<constellation>Auriga</constellation>
</system>
