<system>
	<name>2MASS J0718-6415</name>
	<rightascension>07 18 08.71</rightascension>
	<declination>-64 15 31.09</declination>
	<distance errorminus="0.86" errorplus="0.86">9.34</distance>
	<star>
		<name>2MASS J0718-6415</name>
		<planet>
			<name>2MASS J0718-6415</name>
			<description>The parameters listed here were imported into the Open Exoplanet Catalogue from the exoplanet.eu website.</description>
			<mass errorminus="1.0" errorplus="1.0">3.0</mass>
			<radius errorminus="0.02" errorplus="0.02">1.29</radius>
			<temperature errorminus="32.0" errorplus="32.0">596.0</temperature>
			<discoverymethod>imaging</discoverymethod>
			<discoveryyear>2022</discoveryyear>
			<list>Confirmed planets</list>
			<lastupdate>22/01/23</lastupdate>
		</planet>
	</star>
	<constellation>Volans</constellation>
</system>
