<system>
	<name>2MASS J0459-2853</name>
	<rightascension>00 59 00.35</rightascension>
	<declination>-28 53 39.65</declination>
	<distance errorminus="8.0" errorplus="8.0">38.0</distance>
	<star>
		<name>2MASS J0459-2853</name>
		<planet>
			<name>2MASS J0459-2853</name>
			<name>2MASS J04590034-2853396</name>
			<description>The parameters listed here were imported into the Open Exoplanet Catalogue from the exoplanet.eu website.</description>
			<mass errorminus="1.0" errorplus="1.0">8.0</mass>
			<radius errorminus="0.03" errorplus="0.03">1.32</radius>
			<temperature errorminus="98.0" errorplus="98.0">1152.0</temperature>
			<discoverymethod>imaging</discoverymethod>
			<discoveryyear>2019</discoveryyear>
			<list>Confirmed planets</list>
			<lastupdate>22/01/23</lastupdate>
		</planet>
	</star>
	<constellation>Sculptor</constellation>
</system>
