<system>
	<name>2MASS J1119-1137</name>
	<rightascension>11 19 32.54</rightascension>
	<declination>-11 37 46.70</declination>
	<star>
		<name>2MASS J1119-1137</name>
		<magK>14.62</magK>
		<spectraltype>L7</spectraltype>
		<planet>
			<name>2MASS J1119-1137 b</name>
			<period>32850.0</period>
			<description>The parameters listed here were imported into the Open Exoplanet Catalogue from the exoplanet.eu website.</description>
			<mass errorminus="0.9" errorplus="1.2">3.7</mass>
			<discoverymethod>imaging</discoverymethod>
			<discoveryyear>2017</discoveryyear>
			<list>Confirmed planets</list>
			<lastupdate>21/09/08</lastupdate>
		</planet>
	</star>
	<constellation>Crater</constellation>
</system>
