<system>
	<name>2MASS J22362452+4751425</name>
	<rightascension>22 36 24.5254</rightascension>
	<declination>+47 51 42.5312</declination>
	<distance errorminus="10.00" errorplus="10.00">74.00</distance>
	<star>
		<name>2MASS J22362452+4751425</name>
		<name>Gaia DR2 1986772848034988544</name>
		<magV errorminus="0.030" errorplus="0.030">12.510</magV>
		<magJ errorminus="0.018" errorplus="0.018">9.975</magJ>
		<magH errorminus="0.019" errorplus="0.019">9.338</magH>
		<magK errorminus="0.016" errorplus="0.016">9.148</magK>
		<mass errorminus="0.05" errorplus="0.05">0.60</mass>
		<temperature errorminus="35.00" errorplus="35.00">4045.00</temperature>
		<spectraltype>K7V</spectraltype>
		<planet>
			<name>2MASS J22362452+4751425 b</name>
			<name>Gaia DR2 1986772848034988544 b</name>
			<semimajoraxis errorminus="20.000000" errorplus="20.000000">230.000000</semimajoraxis>
			<description>This planet was discovered by Bowler et al. 2017. This was a ground based discovery. The parameters listed here are those reported by Bowler et al. 2017 and were imported into the Open Exoplanet Catalogue from the NASA Exoplanet Archive.</description>
			<mass errorminus="1.50000" errorplus="1.50000">12.50000</mass>
			<discoverymethod>imaging</discoverymethod>
			<discoveryyear>2016</discoveryyear>
			<list>Confirmed planets</list>
			<lastupdate>16/11/10</lastupdate>
		</planet>
	</star>
	<constellation>Lacerta</constellation>
</system>
