<system>
	<name>2MASS 0122-2439</name>
	<rightascension>01 22 50.938</rightascension>
	<declination>-24 39 50.65</declination>
	<distance errorminus="4" errorplus="4">36</distance>
	<star>
		<name>2MASS J01225093-2439505 A</name>
		<name>2MASS 0122-2439 A</name>
		<magV errorminus="0.07" errorplus="0.07">14.24</magV>
		<magR>13.2</magR>
		<magI>11.3</magI>
		<magJ errorminus="0.03" errorplus="0.03">10.02</magJ>
		<magH errorminus="0.02" errorplus="0.02">9.47</magH>
		<magK errorminus="0.03" errorplus="0.03">9.17</magK>
		<spectraltype errorminus="0.5" errorplus="0.5">M3.5</spectraltype>
		<mass errorminus="0.05" errorplus="0.05">0.40</mass>
		<age errorminus="0.010" errorplus="0.010">0.120</age>
		<planet>
			<name>2MASS 0122-2439 B</name>
			<name>2MASS J01225093-2439505 B</name>
			<magJ errorminus="0.14" errorplus="0.14">16.81</magJ>
			<magH errorminus="0.04" errorplus="0.04">15.65</magH>
			<magK errorminus="0.05" errorplus="0.05">14.53</magK>
			<spectraltype>L4–L6</spectraltype>
			<mass lowerlimit="12" upperlimit="27" />
			<separation errorminus="6" errorplus="6" unit="AU">52</separation>
			<separation errorminus="0.007" errorplus="0.007" unit="arcsec">1.444</separation>
			<positionangle errorminus="0.2" errorplus="0.2">216.7</positionangle>
			<discoverymethod>imaging</discoverymethod>
			<discoveryyear>2013</discoveryyear>
			<list>Confirmed planets</list>
			<description>2MASS 0122-2439 B is an L-dwarf companion to the star 2MASS J01225093-2439505. The age and luminosity of the object gives a dual-valued prediction for the mass, either in the range 12–13 or 22–27 Jupiter masses, assuming the system is a member of the AB Doradus moving group.</description>
			<lastupdate>15/04/20</lastupdate>
		</planet>
	</star>
	<constellation>Cetus</constellation>
</system>
