<system>
	<name>30 Ari</name>
	<rightascension>02 37 00.52363</rightascension>
	<declination>+24 38 49.9957</declination>
	<distance errorminus="0.15" errorplus="0.15">45.20</distance>
	<binary>
		<name>30 Ari</name>
		<name>30 Arietis</name>
		<name>WDS J02370+2439</name>
		<name>STFA 5</name>
		<separation unit="arcsec">38.00</separation>
		<separation unit="AU">1580</separation>
		<positionangle>275</positionangle>
		<binary>
			<name>30 Ari A</name>
			<name>30 Arietis A</name>
			<name>HD 16246</name>
			<name>HIP 12189</name>
			<name>TYC 1771-1398-1</name>
			<name>SAO 75471</name>
			<name>HR 765</name>
			<name>BD+24 376</name>
			<name>2MASS J02370051+2438500</name>
			<name>WDS J02370+2439 A</name>
			<period>1.1095</period>
			<semimajoraxis>0.02</semimajoraxis>
			<eccentricity>0.06</eccentricity>
			<periastron>281.4</periastron>
			<periastrontime unit="JD">2421946.382</periastrontime>
			<star>
				<name>30 Ari Aa</name>
				<name>30 Arietis Aa</name>
				<spectraltype>F5V</spectraltype>
				<magB>6.86</magB>
				<magV>6.48</magV>
				<magJ errorminus="0.019" errorplus="0.019">5.681</magJ>
				<magH errorminus="0.051" errorplus="0.051">5.580</magH>
				<magK errorminus="0.024" errorplus="0.024">5.479</magK>
				<mass errorminus="0.04" errorplus="0.04">1.31</mass>
				<radius errorminus="0.03" errorplus="0.03">1.37</radius>
				<age errorminus="0.63" errorplus="0.63">0.86</age>
				<temperature>6462</temperature>
			</star>
			<star>
				<name>30 Ari Ab</name>
				<name>30 Arietis Ab</name>
				<mass>0.14</mass>
			</star>
		</binary>
		<binary>
			<separation errorminus="0.002" errorplus="0.002" unit="arcsec">0.536</separation>
			<separation unit="AU">22.3</separation>
			<positionangle errorminus="0.2" errorplus="0.2">285.2</positionangle>
			<name>30 Ari BC</name>
			<name>RAO 8</name>
			<star>
				<name>30 Ari B</name>
				<name>30 Arietis B</name>
				<name>HD 16232</name>
				<name>HIP 12184</name>
				<name>TYC 1771-1397-1</name>
				<name>SAO 75470</name>
				<name>HR 764</name>
				<name>BD+24 375</name>
				<name>2MASS J02365772+2438530</name>
				<name>WDS J02370+2439 B</name>
				<mass errorminus="0.04" errorplus="0.04">1.16</mass>
				<radius errorminus="0.03" errorplus="0.03">1.13</radius>
				<magV>7.091</magV>
				<magB>7.59</magB>
				<magJ>6.080</magJ>
				<magH errorminus="0.029" errorplus="0.029">5.908</magH>
				<magK>5.90</magK>
				<metallicity>0.07</metallicity>
				<spectraltype>F8V</spectraltype>
				<age errorminus="0.83" errorplus="0.83">0.91</age>
				<planet>
					<name>30 Ari B b</name>
					<name>30 Arietis B b</name>
					<list>Confirmed planets</list>
					<mass errorminus="0.9" errorplus="0.9" type="msini">6.6</mass>
					<period errorminus="3.8" errorplus="3.8">345.4</period>
					<semimajoraxis errorminus="0.01" errorplus="0.01">1.01</semimajoraxis>
					<eccentricity errorminus="0.11" errorplus="0.11">0.18</eccentricity>
					<periastron errorminus="57" errorplus="57">337</periastron>
					<periastrontime errorminus="42.4" errorplus="42.4">245322.1</periastrontime>
					<discoverymethod>RV</discoverymethod>
					<lastupdate>16/01/10</lastupdate>
					<discoveryyear>2009</discoveryyear>
					<list>Planets in binary systems, S-type</list>
				</planet>
				<temperature>6424</temperature>
			</star>
			<star>
				<name>30 Ari C</name>
				<name>30 Arietis C</name>
				<name>WDS J02370+2439 C</name>
				<magJ>9.57</magJ>
				<magK>8.74</magK>
				<mass>0.50</mass>
				<spectraltype>M1V</spectraltype>
			</star>
		</binary>
	</binary>
	<constellation>Aries</constellation>
</system>
