<system>
	<name>4 UMa</name>
	<name>4 Uma</name>
	<rightascension>08 40 12.81767</rightascension>
	<declination>+64 19 40.5700</declination>
	<distance>78.5</distance>
	<star>
		<name>4 UMa</name>
		<name>4 Ursae Majoris</name>
		<name>pi.02 UMa</name>
		<name>Pi-2 Ursae Majoris</name>
		<name>π2 Ursae Majoris</name>
		<name>HD 73108</name>
		<name>HIP 42527</name>
		<name>TYC 4130-2355-1</name>
		<name>SAO 14616</name>
		<name>BD+64 698</name>
		<name>HR 3404</name>
		<name>2MASS J08401279+6419405</name>
		<name>Gaia DR2 1092230803510960640</name>
		<temperature errorminus="70" errorplus="70">4415</temperature>
		<magV errorminus="0.005" errorplus="0.005">5.787</magV>
		<magR>3.72</magR>
		<magI>3.09</magI>
		<magJ>2.48</magJ>
		<magH>1.94</magH>
		<magK>1.88</magK>
		<magB>5.787</magB>
		<mass errorminus="0.15" errorplus="0.15">1.234</mass>
		<radius errorminus="1.47" errorplus="1.47">18.11</radius>
		<metallicity errorminus="0.04" errorplus="0.04">-0.25</metallicity>
		<spectraltype>K1III</spectraltype>
		<age errorminus="2.0" errorplus="2.0">4.604</age>
		<planet>
			<name>4 UMa b</name>
			<name>4 Ursae Majoris b</name>
			<name>pi.02 UMa b</name>
			<name>Pi-2 Ursae Majoris b</name>
			<name>π2 Ursae Majoris b</name>
			<name>HD 73108 b</name>
			<name>HIP 42527 b</name>
			<name>TYC 4130-2355-1 b</name>
			<name>SAO 14616 b</name>
			<name>BD+64 698 b</name>
			<name>HR 3404 b</name>
			<name>2MASS J08401279+6419405 b</name>
			<name>Gaia DR2 1092230803510960640 b</name>
			<list>Confirmed planets</list>
			<mass errorminus="1.6" errorplus="1.6" type="msini">7.1</mass>
			<period errorminus="1.96" errorplus="1.96">269.3</period>
			<semimajoraxis errorminus="0.04" errorplus="0.04">0.87</semimajoraxis>
			<eccentricity errorminus="0.024" errorplus="0.024">0.432</eccentricity>
			<periastron errorminus="4.42" errorplus="4.42">23.81</periastron>
			<periastrontime errorminus="4.31" errorplus="4.31">2452987.3936</periastrontime>
			<description>4 Ursae Majoris is also known as Muscida, a name that is shared with 3 Ursae Majoris and Omicron Ursae Majoris.</description>
			<discoverymethod>RV</discoverymethod>
			<lastupdate>15/09/20</lastupdate>
			<discoveryyear>2007</discoveryyear>
			<temperature>877.3</temperature>
		</planet>
	</star>
	<constellation>Ursa Major</constellation>
</system>
