<system>
	<name>55 Cancri</name>
	<name>55 Cnc</name>
	<name>rho01 Cancri</name>
	<name>rho01 Cnc</name>
	<name>Rho¹ Cancri</name>
	<name>Rho¹ Cnc</name>
	<name>Rho-1 Cancri</name>
	<name>Rho-1 Cnc</name>
	<name>ρ1 Cancri</name>
	<name>ρ1 Cnc</name>
	<name>ρ¹ Cancri</name>
	<name>ρ¹ Cnc</name>
	<rightascension>08 52 35.8113282132</rightascension>
	<declination>+28 19 50.956901366</declination>
	<distance errorminus="0.0123" errorplus="0.0123">12.5901</distance>
	<binary>
		<name>55 Cancri</name>
		<name>55 Cnc</name>
		<name>rho01 Cancri</name>
		<name>rho01 Cnc</name>
		<name>Rho¹ Cancri</name>
		<name>Rho¹ Cnc</name>
		<name>Rho-1 Cancri</name>
		<name>Rho-1 Cnc</name>
		<name>ρ1 Cancri</name>
		<name>ρ1 Cnc</name>
		<name>ρ¹ Cancri</name>
		<name>ρ¹ Cnc</name>
		<name>Gliese 324</name>
		<name>GJ 324</name>
		<name>BD+28 1660</name>
		<name>WDS J08526+2820 AB</name>
		<name>LDS 6219 AB</name>
		<separation unit="arcsec">84</separation>
		<separation unit="AU">1033</separation>
		<positionangle>130</positionangle>
		<star>
			<name>55 Cancri A</name>
			<name>55 Cnc A</name>
			<name>rho01 Cancri A</name>
			<name>rho01 Cnc A</name>
			<name>Rho¹ Cancri A</name>
			<name>Rho¹ Cnc A</name>
			<name>Rho-1 Cancri A</name>
			<name>Rho-1 Cnc A</name>
			<name>ρ1 Cancri A</name>
			<name>ρ1 Cnc A</name>
			<name>ρ¹ Cancri A</name>
			<name>ρ¹ Cnc A</name>
			<name>HD 75732</name>
			<name>HIP 43587</name>
			<name>TYC 1949-2012-1</name>
			<name>Gaia DR2 704967037090946688</name>
			<name>SAO 80478</name>
			<name>HR 3522</name>
			<name>Gliese 324 A</name>
			<name>GJ 324 A</name>
			<name>BD+28 1660 A</name>
			<name>2MASS J08523579+2819509</name>
			<name>WDS J08526+2820 A</name>
			<name>LDS 6219 A</name>
			<mass errorminus="0.015" errorplus="0.015">0.905</mass>
			<radius errorminus="0.010" errorplus="0.010">0.943</radius>
			<magV errorminus="0.05" errorplus="0.05">5.95</magV>
			<magB>6.82</magB>
			<magR>5.4</magR>
			<magI>5.0</magI>
			<magJ errorminus="0.244" errorplus="0.244">4.768</magJ>
			<magH errorminus="0.234" errorplus="0.234">4.265</magH>
			<magK errorminus="0.036" errorplus="0.036">4.015</magK>
			<temperature errorminus="18" errorplus="18">5172</temperature>
			<metallicity errorminus="0.1" errorplus="0.1">0.35</metallicity>
			<spectraltype>K0IV-V</spectraltype>
			<planet>
				<name>55 Cancri b</name>
				<name>55 Cnc b</name>
				<name>rho01 Cancri b</name>
				<name>rho01 Cnc b</name>
				<name>Rho¹ Cancri b</name>
				<name>Rho¹ Cnc b</name>
				<name>Rho-1 Cancri b</name>
				<name>Rho-1 Cnc b</name>
				<name>ρ1 Cancri b</name>
				<name>ρ1 Cnc b</name>
				<name>ρ¹ Cancri b</name>
				<name>ρ¹ Cnc b</name>
				<name>HR 3522 b</name>
				<name>55 Cancri A b</name>
				<name>55 Cnc A b</name>
				<name>rho01 Cancri A b</name>
				<name>rho01 Cnc A b</name>
				<name>Rho¹ Cancri A b</name>
				<name>Rho¹ Cnc A b</name>
				<name>Rho-1 Cancri A b</name>
				<name>Rho-1 Cnc A b</name>
				<name>ρ1 Cancri A b</name>
				<name>ρ1 Cnc A b</name>
				<name>ρ¹ Cancri A b</name>
				<name>ρ¹ Cnc A b</name>
				<list>Confirmed planets</list>
				<mass errorminus="0.0091" errorplus="0.0092" type="msini">0.8036</mass>
				<period errorminus="0.0001" errorplus="0.0001">14.6516</period>
				<semimajoraxis errorminus="0.0006" errorplus="0.0006">0.1134</semimajoraxis>
				<eccentricity errorminus="0.01" errorplus="0.01">0.00</eccentricity>
				<periastron errorminus="89.8" errorplus="56.9">-21.5</periastron>
				<transittime errorminus="0.016" errorplus="0.013" unit="BJD">2455495.587</transittime>
				<istransiting>0</istransiting>
				<description>55 Cancri is a binary system in the constellation Cancer. 55 Cnc b and c are in a near 1:3 resonance. A dynamical analysis shows that the system has to be almost coplanar in order to be stable for the age the system.</description>
				<discoverymethod>RV</discoverymethod>
				<lastupdate>18/09/18</lastupdate>
				<discoveryyear>1996</discoveryyear>
				<list>Planets in binary systems, S-type</list>
			</planet>
			<planet>
				<name>55 Cancri c</name>
				<name>55 Cnc c</name>
				<name>rho01 Cancri c</name>
				<name>rho01 Cnc c</name>
				<name>Rho¹ Cancri c</name>
				<name>Rho¹ Cnc c</name>
				<name>Rho-1 Cancri c</name>
				<name>Rho-1 Cnc c</name>
				<name>ρ1 Cancri c</name>
				<name>ρ1 Cnc c</name>
				<name>ρ¹ Cancri c</name>
				<name>ρ¹ Cnc c</name>
				<name>HR 3522 c</name>
				<name>55 Cancri A c</name>
				<name>55 Cnc A c</name>
				<name>rho01 Cancri A c</name>
				<name>rho01 Cnc A c</name>
				<name>Rho¹ Cancri A c</name>
				<name>Rho¹ Cnc A c</name>
				<name>Rho-1 Cancri A c</name>
				<name>Rho-1 Cnc A c</name>
				<name>ρ1 Cancri A c</name>
				<name>ρ1 Cnc A c</name>
				<name>ρ¹ Cancri A c</name>
				<name>ρ¹ Cnc A c</name>
				<list>Confirmed planets</list>
				<mass errorminus="0.0040" errorplus="0.0040" type="msini">0.1611</mass>
				<period errorminus="0.0043" errorplus="0.0042">44.3989</period>
				<semimajoraxis errorminus="0.0013" errorplus="0.0013">0.2373</semimajoraxis>
				<eccentricity errorminus="0.02" errorplus="0.02">0.03</eccentricity>
				<periastron errorminus="49.2" errorplus="43.1">2.4</periastron>
				<transittime errorminus="0.42" errorplus="0.34" unit="BJD">2455492.02</transittime>
				<istransiting>0</istransiting>
				<description>55 Cancri is a binary system in the constellation Cancer. 55 Cnc b and c are in a near 1:3 resonance. A dynamical analysis shows that the system has to be almost coplanar in order to be stable for the age the system.</description>
				<discoverymethod>RV</discoverymethod>
				<lastupdate>18/09/18</lastupdate>
				<discoveryyear>2002</discoveryyear>
				<list>Planets in binary systems, S-type</list>
			</planet>
			<planet>
				<name>55 Cancri d</name>
				<name>55 Cnc d</name>
				<name>rho01 Cancri d</name>
				<name>rho01 Cnc d</name>
				<name>Rho¹ Cancri d</name>
				<name>Rho¹ Cnc d</name>
				<name>Rho-1 Cancri d</name>
				<name>Rho-1 Cnc d</name>
				<name>ρ1 Cancri d</name>
				<name>ρ1 Cnc d</name>
				<name>ρ¹ Cancri d</name>
				<name>ρ¹ Cnc d</name>
				<name>HR 3522 d</name>
				<name>55 Cancri A d</name>
				<name>55 Cnc A d</name>
				<name>rho01 Cancri A d</name>
				<name>rho01 Cnc A d</name>
				<name>Rho¹ Cancri A d</name>
				<name>Rho¹ Cnc A d</name>
				<name>Rho-1 Cancri A d</name>
				<name>Rho-1 Cnc A d</name>
				<name>ρ1 Cancri A d</name>
				<name>ρ1 Cnc A d</name>
				<name>ρ¹ Cancri A d</name>
				<name>ρ¹ Cnc A d</name>
				<list>Confirmed planets</list>
				<mass errorminus="0.10" errorplus="0.10" type="msini">3.12</mass>
				<period errorminus="88.6" errorplus="93.8">5574.2</period>
				<semimajoraxis errorminus="0.071" errorplus="0.074">5.957</semimajoraxis>
				<eccentricity errorminus="0.02" errorplus="0.02">0.13</eccentricity>
				<periastron errorminus="7.9" errorplus="9.1">-69.1</periastron>
				<transittime errorminus="76.5" errorplus="83.6" unit="BJD">2456669.3</transittime>
				<istransiting>0</istransiting>
				<description>55 Cancri is a binary system in the constellation Cancer. 55 Cnc b and c are in a near 1:3 resonance. A dynamical analysis shows that the system has to be almost coplanar in order to be stable for the age the system.</description>
				<discoverymethod>RV</discoverymethod>
				<lastupdate>18/09/18</lastupdate>
				<discoveryyear>2002</discoveryyear>
				<list>Planets in binary systems, S-type</list>
			</planet>
			<planet>
				<name>55 Cancri e</name>
				<name>55 Cnc e</name>
				<name>rho01 Cancri e</name>
				<name>rho01 Cnc e</name>
				<name>Rho¹ Cancri e</name>
				<name>Rho¹ Cnc e</name>
				<name>Rho-1 Cancri e</name>
				<name>Rho-1 Cnc e</name>
				<name>ρ1 Cancri e</name>
				<name>ρ1 Cnc e</name>
				<name>ρ¹ Cancri e</name>
				<name>ρ¹ Cnc e</name>
				<name>HR 3522 e</name>
				<name>55 Cancri A e</name>
				<name>55 Cnc A e</name>
				<name>rho01 Cancri A e</name>
				<name>rho01 Cnc A e</name>
				<name>Rho¹ Cancri A e</name>
				<name>Rho¹ Cnc A e</name>
				<name>Rho-1 Cancri A e</name>
				<name>Rho-1 Cnc A e</name>
				<name>ρ1 Cancri A e</name>
				<name>ρ1 Cnc A e</name>
				<name>ρ¹ Cancri A e</name>
				<name>ρ¹ Cnc A e</name>
				<list>Confirmed planets</list>
				<mass errorminus="0.0010" errorplus="0.0010">0.0251</mass>
				<radius errorminus="0.00259" errorplus="0.00259">0.16728</radius>
				<period errorminus="0.0000014" errorplus="0.0000013">0.7365474</period>
				<semimajoraxis errorminus="0.00005" errorplus="0.00005">0.01544</semimajoraxis>
				<eccentricity errorminus="0.03" errorplus="0.03">0.05</eccentricity>
				<inclination errorminus="0.44" errorplus="0.47">83.59</inclination>
				<periastron errorminus="33.4" errorplus="30.7">86.0</periastron>
				<transittime errorminus="0.0004" errorplus="0.0006" unit="BJD">2457063.2096</transittime>
				<description>55 Cancri e is a super-Earth which appears to exhibit extreme variations in brightness temperature. The cause of these variations is unknown but may be due to large-scale volcanic activity on the planet. The latest estimates of the planetary radius are compatible with a rocky composition, but a thick water envelope or a carbon-rich composition cannot be ruled out. The phase curve indicates that heat is being transported to the night side by an atmosphere, likely dominated by carbon monoxide or nitrogen.</description>
				<discoverymethod>transit</discoverymethod>
				<lastupdate>18/09/18</lastupdate>
				<discoveryyear>2004</discoveryyear>
				<list>Planets in binary systems, S-type</list>
				<temperature lowerlimit="1328" upperlimit="3016" />
				<istransiting>1</istransiting>
			</planet>
			<planet>
				<name>55 Cancri f</name>
				<name>55 Cnc f</name>
				<name>rho01 Cancri f</name>
				<name>rho01 Cnc f</name>
				<name>Rho¹ Cancri f</name>
				<name>Rho¹ Cnc f</name>
				<name>Rho-1 Cancri f</name>
				<name>Rho-1 Cnc f</name>
				<name>ρ1 Cancri f</name>
				<name>ρ1 Cnc f</name>
				<name>ρ¹ Cancri f</name>
				<name>ρ¹ Cnc f</name>
				<name>HR 3522 f</name>
				<name>55 Cancri A f</name>
				<name>55 Cnc A f</name>
				<name>rho01 Cancri A f</name>
				<name>rho01 Cnc A f</name>
				<name>Rho¹ Cancri A f</name>
				<name>Rho¹ Cnc A f</name>
				<name>Rho-1 Cancri A f</name>
				<name>Rho-1 Cnc A f</name>
				<name>ρ1 Cancri A f</name>
				<name>ρ1 Cnc A f</name>
				<name>ρ¹ Cancri A f</name>
				<name>ρ¹ Cnc A f</name>
				<list>Confirmed planets</list>
				<mass errorminus="0.0076" errorplus="0.0076" type="msini">0.1503</mass>
				<period errorminus="0.29" errorplus="0.29">259.88</period>
				<semimajoraxis errorminus="0.0044" errorplus="0.0043">0.7708</semimajoraxis>
				<eccentricity errorminus="0.04" errorplus="0.05">0.08</eccentricity>
				<periastron errorminus="51.3" errorplus="37.0">-97.6</periastron>
				<transittime errorminus="4.8" errorplus="4.8" unit="BJD">2455491.5</transittime>
				<istransiting>0</istransiting>
				<description>55 Cancri is a binary system in the constellation Cancer. 55 Cnc b and c are in a near 1:3 resonance. A dynamical analysis shows that the system has to be almost coplanar in order to be stable for the age the system.</description>
				<discoverymethod>RV</discoverymethod>
				<lastupdate>18/09/18</lastupdate>
				<discoveryyear>2007</discoveryyear>
				<list>Planets in binary systems, S-type</list>
			</planet>
		</star>
		<star>
			<name>55 Cancri B</name>
			<name>55 Cnc B</name>
			<name>rho01 Cancri B</name>
			<name>rho01 Cnc B</name>
			<name>Rho¹ Cancri B</name>
			<name>Rho¹ Cnc B</name>
			<name>Rho-1 Cancri B</name>
			<name>Rho-1 Cnc B</name>
			<name>ρ1 Cancri B</name>
			<name>ρ1 Cnc B</name>
			<name>ρ¹ Cancri B</name>
			<name>ρ¹ Cnc B</name>
			<name>Gaia DR2 704966762213039488</name>
			<name>Gliese 324 B</name>
			<name>GJ 324 B</name>
			<name>BD+28 1660 B</name>
			<name>2MASS J08524084+2818589</name>
			<name>WDS J08526+2820 B</name>
			<name>LDS 6219 B</name>
			<mass>0.2</mass>
			<spectraltype>M4</spectraltype>
			<magV>13</magV>
			<magJ errorminus="0.027" errorplus="0.027">8.560</magJ>
			<magH errorminus="0.040" errorplus="0.040">7.933</magH>
			<magK errorminus="0.023" errorplus="0.023">7.666</magK>
		</star>
	</binary>
	<constellation>Cancer</constellation>
</system>
