<system>
	<name>61 Cygni</name>
	<distance errorminus="0.0003679" errorplus="0.0003679">3.4955011</distance>
	<rightascension>21 06 53.9</rightascension>
	<declination>+38 44 58</declination>
	<binary>
		<period>247634.21</period>
		<eccentricity>0.49</eccentricity>
		<inclination>51</inclination>
		<star>
			<name>61 Cygni A</name>
			<name>BD+384343</name>
			<spectraltype>K5.0V</spectraltype>
			<mass>0.70</mass>
			<magV>7.49</magV>
			<discoveryyear>1712</discoveryyear>
		</star>
		<star>
			<name>61 Cygni B</name>
			<name>BD+384344</name>
			<spectraltype>K7.0V</spectraltype>
			<mass>0.63</mass>
			<magV>8.31</magV>
			<discoveryyear>1753</discoveryyear>
		</star>
	</binary>
	<constellation>Cygnus</constellation>
</system>
