<system>
	<name>7 CMa</name>
	<rightascension>06 36 41.0375</rightascension>
	<declination>-19 15 21.1659</declination>
	<distance errorminus="0.09" errorplus="0.09">19.75</distance>
	<star>
		<name>7 CMa</name>
		<name>7 Canis Majoris</name>
		<name>nu.02 CMa</name>
		<name>Nu-2 Canis Majoris</name>
		<name>ν2 CMa</name>
		<name>ν2 Canis Majoris</name>
		<name>HD 47205</name>
		<name>HIP 31592</name>
		<name>TYC 5956-2621-1</name>
		<name>SAO 151702</name>
		<name>HR 2429</name>
		<name>BD-19 1502</name>
		<name>CPD-19 1369</name>
		<name>Gliese 239.1</name>
		<name>GJ 9214</name>
		<name>2MASS J06364103-1915210</name>
		<name>GJ 239.1</name>
		<name>Gaia DR2 2939555954747554176</name>
		<radius errorminus="0.14" errorplus="0.17">4.87</radius>
		<magV>3.920</magV>
		<magI>2.935</magI>
		<magJ errorminus="0.244" errorplus="0.244">2.173</magJ>
		<magH errorminus="0.234" errorplus="0.234">1.679</magH>
		<magK errorminus="0.252" errorplus="0.252">1.564</magK>
		<mass errorminus="0.12" errorplus="0.11">1.34</mass>
		<temperature errorminus="55.00" errorplus="45.00">4826.00</temperature>
		<metallicity errorminus="0.100" errorplus="0.100">0.210</metallicity>
		<spectraltype>K1III</spectraltype>
		<planet>
			<name>7 CMa b</name>
			<name>HD 47205 b</name>
			<name>HIP 31592 b</name>
			<name>GJ 239.1 b</name>
			<name>Gaia DR2 2939555954747554176 b</name>
			<name>TYC 5956-2621-1 b</name>
			<name>GJ 9214 b</name>
			<semimajoraxis errorminus="0.001000" errorplus="0.024000">1.758000</semimajoraxis>
			<eccentricity errorminus="0.030000" errorplus="0.030000">0.060000</eccentricity>
			<periastron errorminus="70.8000" errorplus="5.1000">165.3000</periastron>
			<inclination>90.000</inclination>
			<period errorminus="1.00000000" errorplus="14.80000000">735.10000000</period>
			<description>This planet was discovered by Wittenmyer et al. 2011. This was a ground based discovery. The parameters listed here are those reported by Luque et al. 2019 and were imported into the Open Exoplanet Catalogue from the NASA Exoplanet Archive.</description>
			<mass errorminus="0.04000" errorplus="0.06000">1.85000</mass>
			<discoverymethod>RV</discoverymethod>
			<discoveryyear>2011</discoveryyear>
			<list>Confirmed planets</list>
			<lastupdate>19/10/24</lastupdate>
		</planet>
		<planet>
			<name>7 CMa c</name>
			<name>HD 47205 c</name>
			<name>HIP 31592 c</name>
			<name>GJ 239.1 c</name>
			<name>Gaia DR2 2939555954747554176 c</name>
			<name>TYC 5956-2621-1 c</name>
			<name>GJ 9214 c</name>
			<semimajoraxis errorminus="0.080000" errorplus="0.003000">2.153000</semimajoraxis>
			<eccentricity errorminus="0.040000" errorplus="0.050000">0.080000</eccentricity>
			<periastron errorminus="40.2000" errorplus="7.7000">233.5000</periastron>
			<inclination>90.000</inclination>
			<period errorminus="52.40000000" errorplus="1.50000000">996.00000000</period>
			<description>This planet was discovered by Luque et al. 2019. This was a ground based discovery. The parameters listed here are those reported by Luque et al. 2019 and were imported into the Open Exoplanet Catalogue from the NASA Exoplanet Archive.</description>
			<mass errorminus="0.06000" errorplus="0.06000">0.87000</mass>
			<discoverymethod>RV</discoverymethod>
			<discoveryyear>2019</discoveryyear>
			<list>Confirmed planets</list>
			<lastupdate>19/10/24</lastupdate>
		</planet>
	</star>
	<constellation>Canis Major</constellation>
</system>
