<system>
	<name>8 Ursae Minoris</name>
	<rightascension>14 56 48.3536</rightascension>
	<declination>+74 54 03.3212</declination>
	<distance errorminus="11.0" errorplus="11.0">159.1</distance>
	<star>
		<name>8 Ursae Minoris</name>
		<name>HD 133086</name>
		<name>HIP 73136</name>
		<name>TYC 4417-267-1</name>
		<name>BD+75 547</name>
		<name>PPM 8785</name>
		<name>WDS J14568+7454A</name>
		<name>2MASS J14564834+7454032</name>
		<name>Gaia DR2 1700658653802527104</name>
		<name>Baekdu</name>
		<magB>7.817</magB>
		<magV>6.843</magV>
		<magJ errorminus="0.027" errorplus="0.027">5.069</magJ>
		<magH errorminus="0.036" errorplus="0.036">4.749</magH>
		<magK errorminus="0.020" errorplus="0.020">4.515</magK>
		<mass errorminus="0.1" errorplus="0.1">1.8</mass>
		<radius errorminus="0.4" errorplus="0.4">9.9</radius>
		<temperature errorminus="7.5" errorplus="7.5">4847.4</temperature>
		<metallicity errorminus="0.02" errorplus="0.02">-0.03</metallicity>
		<spectraltype>K0</spectraltype>
		<planet>
			<name>8 Ursae Minoris b</name>
			<name>HD 133086 b</name>
			<name>HIP 73136 b</name>
			<name>TYC 4417-267-1 b</name>
			<name>BD+75 547 b</name>
			<name>PPM 8785 b</name>
			<name>WDS J14568+7454A b</name>
			<name>2MASS J14564834+7454032 b</name>
			<name>Gaia DR2 1700658653802527104 b</name>
			<name>Baekdu b</name>
			<list>Confirmed planets</list>
			<mass errorminus="0.2" errorplus="0.2" type="msini">1.5</mass>
			<period errorminus="4.5" errorplus="4.5">93.4</period>
			<periastrontime errorminus="22.8" errorplus="22.8">2454108.5</periastrontime>
			<semimajoraxis errorminus="0.03" errorplus="0.03">0.49</semimajoraxis>
			<eccentricity errorminus="0.18" errorplus="0.18">0.06</eccentricity>
			<description>This planet was detected by the Bohyunsan Optical Astronomy Observatory (BOAO) which searches for exoplanets at northern circumpolar stars.</description>
			<discoverymethod>RV</discoverymethod>
			<lastupdate>15/09/30</lastupdate>
			<discoveryyear>2015</discoveryyear>
		</planet>
	</star>
	<constellation>Ursa Minor</constellation>
</system>
