<system>
	<name>AD Leonis</name>
	<distance errorminus="0.0016863" errorplus="0.0016863">4.9660227</distance>
	<rightascension>10 19 36.2808</rightascension>
	<declination>+19 52 10</declination>
	<star>
		<name>AD Leonis</name>
		<name>Gaia DR2 625453654702751872</name>
		<name>TYC 1423-174-1</name>
		<name>GJ 388 A</name>
		<name>GJ 388</name>
		<spectraltype>M3.0V</spectraltype>
		<mass>0.4</mass>
		<magV>10.87</magV>
		<discoveryyear>1850</discoveryyear>
	</star>
	<constellation>Leo</constellation>
</system>
