<system>
	<name>Alpha Centauri</name>
	<name>Rigil Kentaurus</name>
	<name>Rigil Kent</name>
	<name>alpha Cen B</name>
	<name>Toliman</name>
	<name>Bungula</name>
	<name>Proxima Centauri</name>
	<rightascension>14 39 36.204</rightascension>
	<declination>-60 50 08.23</declination>
	<distance errorminus="0.0045" errorplus="0.0045">1.295</distance>
	<binary>
		<semimajoraxis>15000</semimajoraxis>
		<star>
			<name>Proxima Centauri</name>
			<name>α Centauri C</name>
			<name>GL 551</name>
			<name>HIP 70890</name>
			<name>Proxima</name>
			<temperature errorminus="100" errorplus="100">2900</temperature>
			<radius errorminus="0.019" errorplus="0.022">0.141</radius>
			<mass errorminus="0.02" errorplus="0.02">0.120</mass>
			<spectraltype>M5.5V</spectraltype>
			<planet>
				<name>Proxima Centauri b</name>
				<name>α Centauri C b</name>
				<name>GL 551 b</name>
				<name>HIP 70890 b</name>
				<name>Proxima b</name>
				<period errorminus="0.00070" errorplus="0.00070">11.18427</period>
				<mass errorminus="0.000271" errorplus="0.000271">0.003691</mass>
				<semimajoraxis errorminus="0.0051" errorplus="0.0041">0.04857</semimajoraxis>
				<eccentricity upperlimit="0.35" />
				<longitude errorminus="8" errorplus="8">110</longitude>
				<temperature errorminus="14" errorplus="6">234</temperature>
				<description>Astronomers using ESO telescopes and other facilities have found clear evidence of a planet orbiting the closest star to Earth, Proxima Centauri. The long-sought world, designated Proxima b, orbits its cool red parent star every 11 days and has a temperature suitable for liquid water to exist on its surface. This rocky world is a little more massive than the Earth and is the closest exoplanet to us — and it may also be the closest possible abode for life outside the Solar System.</description>
				<discoverymethod>RV</discoverymethod>
				<list>Confirmed planets</list>
				<discoveryyear>2016</discoveryyear>
				<lastupdate>16/08/22</lastupdate>
				<list>Planets in binary systems, S-type</list>
				<image>eso1629a</image>
				<imagedescription>This artist's impression shows a view of the surface of the planet Proxima b orbiting the red dwarf star Proxima Centauri, the closest star to the Solar System. The double star Alpha Centauri AB also appears in the image to the upper-right of Proxima itself. Proxima b is a little more massive than the Earth and orbits in the habitable zone around Proxima Centauri, where the temperature is suitable for liquid water to exist on its surface. Credit: ESO/M. Kornmesser.</imagedescription>
			</planet>
			<planet>
				<name>Proxima Centauri c</name>
				<name>α Centauri C c</name>
				<name>GL 551 c</name>
				<name>HIP 70890 c</name>
				<name>Proxima c</name>
				<period errorminus="20" errorplus="20">1929</period>
				<inclination errorminus="1" errorplus="1">133</inclination>
				<mass errorminus="0.003146" errorplus="0.003146">0.022024</mass>
				<description>Proxima c is a Super-Earth about 7 times as heavy as Earth, orbiting at roughly 1.5 astronomical units (220,000,000 km) every 1,900 days (5.2 yr). Due to its large distance from Proxima Centauri, the exoplanet is unlikely to be habitable, with a low equilibrium temperature of around 39 K. The planet was first reported by Italian astrophysicist Mario Damasso and his colleagues in April 2019. Damasso's team had noticed minor movements of Proxima Centauri in the radial velocity data from the ESO's HARPS instrument, indicating a possible additional planet orbiting Proxima Centauri. In 2020, the planet's existence was confirmed by precovery images from Hubble c. 1995, making it the first and closest planet ever to be directly imaged. Due to the differences in how its light shines throughout its orbit, the planet is speculated to have a ring system.</description>
				<discoverymethod>RV</discoverymethod>
				<discoveryyear>2019</discoveryyear>
				<lastupdate>20/08/29</lastupdate>
				<list>Confirmed planets</list>
				<list>Planets in binary systems, S-type</list>
			</planet>
			<planet>
				<name>Proxima Centauri d</name>
				<name>α Centauri C d</name>
				<name>GL 551 d</name>
				<name>HIP 70890 d</name>
				<name>Proxima d</name>
				<period errorplus="0.002" errorminus="0.036">5.122</period>
				<mass errorminus="0.000157" errorplus="0.000157">0.000818</mass>
				<eccentricity errorplus="0.15" errorminus="0.04">0.04</eccentricity>
				<semimajoraxis errorplus="0.00019" errorminus="0.00022">0.02885</semimajoraxis>
				<description>This planet has been found using a large set of observations taken with the ESPRESSO spectrograph at the VLT. This candidate planet is the third detected in the system and the lightest yet discovered orbiting this star. At just a quarter of Earth’s mass, the planet is also one of the lightest exoplanets ever found. The analysis of subsets of the ESPRESSO data, the activity indicators, and chromatic RVs suggest that this signal is not caused by stellar variability but instead by a planetary companion.</description>
				<image>eso2202a</image>
				<imagedescription>This artist’s impression shows a close-up view of Proxima d, a planet candidate recently found orbiting the red dwarf star Proxima Centauri, the closest star to the Solar System. The planet is believed to be rocky and to have a mass about a quarter that of Earth. Two other planets known to orbit Proxima Centauri are visible in the image too: Proxima b, a planet with about the same mass as Earth that orbits the star every 11 days and is within the habitable zone, and candidate Proxima c, which is on a longer five-year orbit around the star.

Credit:
ESO/L. Calçada</imagedescription>
				<discoverymethod>RV</discoverymethod>
				<discoveryyear>2022</discoveryyear>
				<lastupdate>22/02/10</lastupdate>
				<list>Confirmed planets</list>
				<list>Planets in binary systems, S-type</list>
			</planet>
		</star>
		<binary>
			<name>Alpha Centauri</name>
			<name>alf Cen</name>
			<name>α Cen</name>
			<name>α Centauri</name>
			<name>Rigil Kentaurus</name>
			<name>Rigil Kent</name>
			<name>Toliman</name>
			<name>Bungula</name>
			<name>CD-60 5293</name>
			<name>CPD-60 5483</name>
			<name>WDS J14396-6050</name>
			<name>RHD 1</name>
			<semimajoraxis errorminus="0.048" errorplus="0.048">23.518</semimajoraxis>
			<eccentricity errorminus="0.00076" errorplus="0.00076">0.5179</eccentricity>
			<inclination errorminus="0.041" errorplus="0.041">79.20</inclination>
			<period errorminus="4.0" errorplus="4.0">29187.1</period>
			<periastron errorminus="0.076" errorplus="0.076">231.65</periastron>
			<ascendingnode errorminus="0.084" errorplus="0.084">204.85</ascendingnode>
			<periastrontime errorminus="4.4" errorplus="4.4">2406130.3</periastrontime>
			<star>
				<name>Alpha Centauri A</name>
				<name>alf Cen A</name>
				<name>α Cen A</name>
				<name>α Centauri A</name>
				<name>Alpha-1 Centauri</name>
				<name>alf01 Cen</name>
				<name>α1 Cen</name>
				<name>α1 Centauri</name>
				<name>Rigil Kentaurus A</name>
				<name>Rigil Kent A</name>
				<name>Toliman A</name>
				<name>Bungula A</name>
				<name>Gliese 559 A</name>
				<name>GJ 559 A</name>
				<name>HR 5459</name>
				<name>HD 128620</name>
				<name>HIP 71683</name>
				<name>TYC 9007-5849-1</name>
				<name>CD-60 5293 A</name>
				<name>CPD-60 5483 A</name>
				<name>WDS J14396-6050 A</name>
				<name>RHD 1 A</name>
				<magU>0.96</magU>
				<magB>0.72</magB>
				<magV>0.01</magV>
				<magJ>-1.15</magJ>
				<magH>-1.38</magH>
				<magK>-1.49</magK>
				<spectraltype>G2 V</spectraltype>
				<mass errorminus="0.006" errorplus="0.006">1.100</mass>
				<radius errorminus="0.005" errorplus="0.005">1.227</radius>
				<temperature errorminus="30" errorplus="30">5790</temperature>
				<metallicity errorminus="0.02" errorplus="0.02">0.20</metallicity>
			</star>
			<star>
				<name>Alpha Centauri B</name>
				<name>alf Cen B</name>
				<name>α Cen B</name>
				<name>α Centauri B</name>
				<name>Alpha-2 Centauri</name>
				<name>alf02 Cen</name>
				<name>α2 Cen</name>
				<name>α2 Centauri</name>
				<name>Rigil Kentaurus B</name>
				<name>Rigil Kent B</name>
				<name>Toliman B</name>
				<name>Bungula B</name>
				<name>Gliese 559 B</name>
				<name>GJ 559 B</name>
				<name>HR 5460</name>
				<name>HD 128621</name>
				<name>HIP 71681</name>
				<name>TYC 9007-5848-1</name>
				<name>WDS J14396-6050 B</name>
				<name>RHD 1 B</name>
				<magU>2.89</magU>
				<magB>2.21</magB>
				<magV>1.33</magV>
				<magJ>-0.01</magJ>
				<magH>-0.49</magH>
				<magK>-0.60</magK>
				<spectraltype>K1 V</spectraltype>
				<mass errorminus="0.006" errorplus="0.006">0.907</mass>
				<radius errorminus="0.006" errorplus="0.006">0.865</radius>
				<temperature errorminus="50" errorplus="50">5260</temperature>
				<metallicity errorminus="0.03" errorplus="0.03">0.23</metallicity>
				<planet>
					<name>Alpha Centauri B b</name>
					<name>GJ 559 B b</name>
					<name>HR 5460 b</name>
					<name>HD 128621 b</name>
					<name>HIP 71681 b</name>
					<name>Albertus Alauda</name>
					<name>alf Cen B b</name>
					<mass errorminus="0.00028" errorplus="0.00028" type="msini">0.00356</mass>
					<period errorminus="0.0008" errorplus="0.0008">3.2357</period>
					<semimajoraxis>0.04</semimajoraxis>
					<eccentricity>0.0</eccentricity>
					<discoverymethod>RV</discoverymethod>
					<list>Retracted planet candidate</list>
					<discoveryyear>2012</discoveryyear>
					<lastupdate>20/08/29</lastupdate>
					<description>Alpha Centauri is one of the brightest stars in the southern sky (in fact, it is a triple system). The planet candidate Alpha Centauri Bb was announced as the nearest exoplanet to Earth and also the lightest exoplanet ever discovered around a Sun-like star. The candidate was detected using the HARPS instrument on the 3.6-metre telescope at ESO's La Silla Observatory in Chile. The planet's existence was challenged by Hatzes (2013) and was shown to be likely an artifact caused by the data sampling by Rajpaul et al. (2015).</description>
					<image>AlphaCentauriB</image>
					<imagedescription>This artist's impression shows the planet orbiting the star Alpha Centauri B, a member of the triple star system that is the closest to Earth. Alpha Centauri B is the most brilliant object in the sky and the other dazzling object is Alpha Centauri A. Our own Sun is visible to the upper right. The tiny signal of the planet was found with the HARPS spectrograph on the 3.6-metre telescope at ESO's La Silla Observatory in Chile. Credit: ESO/L. Calcada</imagedescription>
					<list>Planets in binary systems, S-type</list>
				</planet>
				<planet>
					<name>Alpha Centauri B c</name>
					<name>GJ 559 B c</name>
					<name>HR 5460 c</name>
					<name>HD 128621 c</name>
					<name>HIP 71681 c</name>
					<name>alf Cen B c</name>
					<radius errorminus="0.005468" errorplus="0.005468">0.083840</radius>
					<period upperlimit="20.4" />
					<eccentricity upperlimit="0.24" />
					<transittime unit="BJD">2456482.195</transittime>
					<discoverymethod>transit</discoverymethod>
					<discoveryyear>2015</discoveryyear>
					<description>A possible transit event was detected in Hubble Space Telescope photometry of Alpha Centauri B while searching for transits of the planet candidate Alpha Centauri Bb. This may be due to the presence of a roughly Earth-sized planet in an orbit less than 20 days.</description>
					<lastupdate>15/11/17</lastupdate>
					<list>Controversial</list>
					<list>Planets in binary systems, S-type</list>
					<istransiting>1</istransiting>
				</planet>
			</star>
		</binary>
	</binary>
	<constellation>Centaurus</constellation>
</system>
