<system>
	<name>AU Mic</name>
	<name>HD 197481</name>
	<name>HIP 102409</name>
	<rightascension>20 45 09.5323</rightascension>
	<declination>-31 20 27.2417</declination>
	<distance errorminus="0.04" errorplus="0.04">9.79</distance>
	<star>
		<name>AU Mic</name>
		<name>HD 197481</name>
		<name>HIP 102409</name>
		<name>Gaia DR2 6794047652729201024</name>
		<name>TYC 7457-641-1</name>
		<name>GJ 803</name>
		<radius errorminus="0.03" errorplus="0.03">0.75</radius>
		<magV>8.810</magV>
		<magI>6.590</magI>
		<magJ errorminus="0.017" errorplus="0.017">5.436</magJ>
		<magH errorminus="0.016" errorplus="0.016">4.831</magH>
		<magK errorminus="0.020" errorplus="0.020">4.529</magK>
		<mass errorminus="0.03" errorplus="0.03">0.50</mass>
		<temperature errorminus="100.00" errorplus="100.00">3700.00</temperature>
		<spectraltype>M1VE</spectraltype>
		<planet>
			<name>AU Mic b</name>
			<name>HD 197481 b</name>
			<name>HIP 102409 b</name>
			<name>Gaia DR2 6794047652729201024 b</name>
			<name>TYC 7457-641-1 b</name>
			<name>GJ 803 b</name>
			<semimajoraxis errorminus="0.006000" errorplus="0.007000">0.066000</semimajoraxis>
			<eccentricity errorminus="0.090000" errorplus="0.170000">0.100000</eccentricity>
			<period errorminus="0.00004000" errorplus="0.00004000">8.46321000</period>
			<description>This planet was discovered by Plavchan et al. 2020. The discovery was made with a space based telescope (0.1 m TESS Telescope). The parameters listed here are those reported by Plavchan et al. 2020 and were imported into the Open Exoplanet Catalogue from the NASA Exoplanet Archive.</description>
			<mass>0.18000</mass>
			<radius errorminus="0.018" errorplus="0.018">0.375</radius>
			<discoverymethod>transit</discoverymethod>
			<istransiting>1</istransiting>
			<discoveryyear>2020</discoveryyear>
			<list>Confirmed planets</list>
			<lastupdate>20/06/24</lastupdate>
			<transittime errorminus="0.000680" errorplus="0.000700">2458330.391530</transittime>
		</planet>
	</star>
	<constellation>Microscopium</constellation>
</system>
