<system>
	<name>Barnard's Star</name>
	<name>BD+043561a</name>
	<distance errorminus="0.0009811" errorplus="0.0009811">1.8266391</distance>
	<rightascension>17 57 48.4997</rightascension>
	<declination>+04 41 36</declination>
	<star>
		<name>Barnard's Star</name>
		<name>BD+043561a</name>
		<name>GJ 699</name>
		<name>Gaia DR2 4472832130942575872</name>
		<name>TYC 425-2502-1</name>
		<name>HIP 87937</name>
		<name>Barnard Star</name>
		<name>Barnard's star</name>
		<spectraltype>M4.0Ve</spectraltype>
		<mass>0.144</mass>
		<magV>13.22</magV>
		<discoveryyear>1916</discoveryyear>
	</star>
	<constellation>Ophiucus</constellation>
</system>
