<system>
	<name>BD+02.3313</name>
	<rightascension>17 25 56.00</rightascension>
	<declination>+02 05 27.00</declination>
	<distance errorminus="3.0" errorplus="3.0">292.8</distance>
	<star>
		<name>BD+02.3313</name>
		<radius errorminus="1.53" errorplus="1.53">8.47</radius>
		<magV>9.45</magV>
		<mass errorminus="0.03" errorplus="0.03">1.03</mass>
		<temperature errorminus="13.0" errorplus="13.0">4425.0</temperature>
		<metallicity errorminus="0.07" errorplus="0.07">0.1</metallicity>
		<spectraltype>K2</spectraltype>
		<planet>
			<name>BD+02.3313 b</name>
			<semimajoraxis errorminus="0.03" errorplus="0.03">2.47</semimajoraxis>
			<eccentricity errorminus="0.01" errorplus="0.01">0.47</eccentricity>
			<periastron errorminus="0.7" errorplus="0.7">351.3</periastron>
			<period errorminus="3.0" errorplus="3.0">1393.0</period>
			<description>The parameters listed here were imported into the Open Exoplanet Catalogue from the exoplanet.eu website.</description>
			<mass errorminus="1.1" errorplus="1.1">34.1</mass>
			<discoverymethod>RV</discoverymethod>
			<discoveryyear>2021</discoveryyear>
			<list>Confirmed planets</list>
			<lastupdate>21/01/28</lastupdate>
		</planet>
	</star>
	<constellation>Ophiucus</constellation>
</system>
