<system>
	<name>BD+03 2562</name>
	<rightascension>11 50 15.5526</rightascension>
	<declination>+02 45 36.4417</declination>
	<distance errorminus="63.0" errorplus="63.0">1106.9</distance>
	<star>
		<name>BD+03 2562</name>
		<name>TYC 276-507-1</name>
		<name>Gaia DR2 3895649725336884736</name>
		<magV errorminus="0.04" errorplus="0.04">9.58</magV>
		<magB errorminus="0.07" errorplus="0.07">10.79</magB>
		<magH errorminus="0.042" errorplus="0.042">6.186</magH>
		<magJ errorminus="0.021" errorplus="0.021">6.960</magJ>
		<magK errorminus="0.021" errorplus="0.021">6.021</magK>
		<age>5.25</age>
		<radius>32.35</radius>
		<mass>1.14</mass>
		<temperature>4095.0</temperature>
		<metallicity>-0.71</metallicity>
		<planet>
			<name>BD+03 2562 b</name>
			<name>TYC 276-507-1 b</name>
			<name>Gaia DR2 3895649725336884736 b</name>
			<semimajoraxis errorminus="0.1" errorplus="0.1">1.3</semimajoraxis>
			<periastron errorminus="26.0" errorplus="32.0">218.0</periastron>
			<eccentricity errorminus="0.08" errorplus="0.12">0.2</eccentricity>
			<period errorminus="2.800000" errorplus="2.700000">481.9</period>
			<mass errorminus="1.3" errorplus="1.3">6.4</mass>
			<discoverymethod>RV</discoverymethod>
			<discoveryyear>2017</discoveryyear>
			<lastupdate>17/06/30</lastupdate>
			<list>Confirmed planets</list>
			<description>Data for this planet was imported from the exoplanet.eu database.</description>
		</planet>
	</star>
	<constellation>Virgo</constellation>
</system>
