<system>
	<name>BD+15 2375</name>
	<rightascension>11 45 55.7138</rightascension>
	<declination>+14 36 58.9267</declination>
	<distance errorminus="190" errorplus="190">610</distance>
	<star>
		<name>BD+15 2375</name>
		<name>TYC 870-204-1</name>
		<name>2MASS J11455572+1436589</name>
		<name>Gaia DR2 3924009634910406912</name>
		<magB>11.3</magB>
		<magV errorminus="0.023" errorplus="0.023">10.31</magV>
		<magJ errorminus="0.021" errorplus="0.021">8.372</magJ>
		<magH errorminus="0.029" errorplus="0.029">7.862</magH>
		<magK errorminus="0.017" errorplus="0.017">7.718</magK>
		<temperature errorminus="30" errorplus="30">4649</temperature>
		<metallicity errorminus="0.08" errorplus="0.08">-0.22</metallicity>
		<mass errorminus="0.14" errorplus="0.14">1.08</mass>
		<radius errorminus="1.45" errorplus="1.45">8.95</radius>
		<age errorminus="3.0" errorplus="3.0">7.4</age>
		<planet>
			<name>BD+15 2375 b</name>
			<name>Gaia DR2 3924009634910406912 b</name>
			<name>TYC 870-204-1 b</name>
			<list>Confirmed planets</list>
			<period errorminus="0.44" errorplus="0.44">153.22</period>
			<periastrontime errorminus="630" errorplus="700">2457680</periastrontime>
			<eccentricity errorminus="0.001" errorplus="0.25">0.001</eccentricity>
			<periastron errorminus="17" errorplus="240">55</periastron>
			<mass errorminus="0.27" errorplus="0.27" type="msini">1.061</mass>
			<semimajoraxis errorminus="0.027" errorplus="0.027">0.576</semimajoraxis>
			<discoverymethod>RV</discoverymethod>
			<discoveryyear>2016</discoveryyear>
			<description>BD+15 2375 b is a giant planet orbiting a red giant star.</description>
			<lastupdate>17/12/09</lastupdate>
		</planet>
	</star>
	<constellation>Leo</constellation>
</system>
