<system>
	<name>BD+20 274</name>
	<rightascension>01 43 40.8760</rightascension>
	<declination>+21 00 19.0277</declination>
	<distance errorminus="81.5" errorplus="81.5">1383.9</distance>
	<star>
		<name>BD+20 274</name>
		<name>TYC 1211-603-1</name>
		<name>SAO 74893</name>
		<name>2MASS J01434087+2100191</name>
		<name>GSC 01211-00603</name>
		<name>Gaia DR2 96530596864007552</name>
		<magB errorminus="0.07" errorplus="0.07">10.72</magB>
		<magV errorminus="0.029" errorplus="0.029">9.367</magV>
		<magJ errorminus="0.019" errorplus="0.019">7.003</magJ>
		<magH errorminus="0.020" errorplus="0.020">6.337</magH>
		<magK errorminus="0.027" errorplus="0.027">6.169</magK>
		<mass errorminus="0.2" errorplus="0.2">0.8</mass>
		<radius errorminus="0.9" errorplus="0.9">17.3</radius>
		<temperature errorminus="10" errorplus="10">4296</temperature>
		<metallicity errorminus="0.07" errorplus="0.07">-0.46</metallicity>
		<spectraltype>K5 III</spectraltype>
		<planet>
			<name>BD+20 274 b</name>
			<name>2MASS J01434087+2100191 b</name>
			<name>TYC 1211-603-1 b</name>
			<name>GSC 1211-603 b</name>
			<name>SAO 74893 b</name>
			<name>Gaia DR2 96530596864007552 b</name>
			<list>Confirmed planets</list>
			<mass type="msini">4.2</mass>
			<period errorminus="5.4" errorplus="5.4">578.2</period>
			<semimajoraxis>1.3</semimajoraxis>
			<eccentricity errorminus="0.06" errorplus="0.06">0.21</eccentricity>
			<periastron errorminus="38.1" errorplus="38.1">108.5</periastron>
			<periastrontime errorminus="33.2" errorplus="33.2">2453921.0</periastrontime>
			<description>This planet was found by the Penn State-Torun Planet Search Team (PTPS) using the Hobby-Eberly Telescope. Most likely, there is another low-mass stellar companion in the system.</description>
			<discoverymethod>RV</discoverymethod>
			<lastupdate>15/11/23</lastupdate>
			<discoveryyear>2012</discoveryyear>
		</planet>
	</star>
	<constellation>Pisces</constellation>
</system>
