<system>
	<name>BD+26 1888</name>
	<rightascension>09 02 30.6419</rightascension>
	<declination>+25 53 21.9299</declination>
	<distance errorminus="0.80" errorplus="0.80">41.20</distance>
	<star>
		<name>BD+26 1888</name>
		<name>HIP 44387</name>
		<name>TYC 1953-1518-1</name>
		<name>Gaia DR2 691524682806651776</name>
		<magB errorminus="0.07" errorplus="0.07">10.87</magB>
		<magV errorminus="0.04" errorplus="0.04">9.76</magV>
		<magR>8.9</magR>
		<magI>8.6</magI>
		<magJ errorminus="0.019" errorplus="0.019">7.912</magJ>
		<magH errorminus="0.020" errorplus="0.020">7.437</magH>
		<magK errorminus="0.020" errorplus="0.020">7.336</magK>
		<spectraltype>K7</spectraltype>
		<temperature errorminus="87" errorplus="87">4748</temperature>
		<metallicity errorminus="0.04" errorplus="0.04">0.02</metallicity>
		<mass errorminus="0.08" errorplus="0.08">0.76</mass>
		<planet>
			<name>BD+26 1888 b</name>
			<name>Gaia DR2 691524682806651776 b</name>
			<name>TYC 1953-1518-1 b</name>
			<name>HIP 44387 b</name>
			<period errorminus="0.25" errorplus="0.25">536.78</period>
			<eccentricity errorminus="0.0016" errorplus="0.0016">0.2675</eccentricity>
			<periastron errorminus="0.7" errorplus="0.7">1.3</periastron>
			<periastrontime errorminus="0.9" errorplus="0.9" unit="BJD">2456548.3</periastrontime>
			<semimajoraxis errorminus="0.05" errorplus="0.05">1.19</semimajoraxis>
			<mass errorminus="2" errorplus="2" type="msini">26</mass>
			<list>Confirmed planets</list>
			<discoveryyear>2016</discoveryyear>
			<discoverymethod>RV</discoverymethod>
			<description>BD+26 1888 b is a massive planet or brown dwarf orbiting a K7 star.</description>
			<lastupdate>17/12/09</lastupdate>
		</planet>
	</star>
	<constellation>Cancer</constellation>
</system>
