<system>
	<name>BD+20 594</name>
	<name>K2-56</name>
	<name>EPIC 210848071</name>
	<rightascension>03 34 36.2296</rightascension>
	<declination>+20 35 57.2697</declination>
	<distance errorminus="7.5" errorplus="7.5">173.0</distance>
	<star>
		<name>BD+20 594</name>
		<name>K2-56</name>
		<name>EPIC 210848071</name>
		<name>TYC 1242-608-1</name>
		<name>2MASS J03343623+2035574</name>
		<name>Gaia DR2 58200934326315136</name>
		<temperature errorminus="99" errorplus="99">5766</temperature>
		<spectraltype>G</spectraltype>
		<metallicity errorminus="0.05" errorplus="0.05">-0.15</metallicity>
		<magB errorminus="0.044" errorplus="0.044">11.728</magB>
		<magV errorminus="0.047" errorplus="0.047">11.038</magV>
		<magJ errorminus="0.022" errorplus="0.022">9.770</magJ>
		<magH errorminus="0.022" errorplus="0.022">9.432</magH>
		<magK errorminus="0.018" errorplus="0.018">9.368</magK>
		<mass errorminus="0.029" errorplus="0.032">0.961</mass>
		<radius errorminus="0.040" errorplus="0.055">0.928</radius>
		<age errorminus="1.49" errorplus="1.95">3.34</age>
		<planet>
			<name>BD+20 594 b</name>
			<name>K2-56 b</name>
			<name>EPIC 210848071 b</name>
			<name>TYC 1242-608-1 b</name>
			<name>Gaia DR2 58200934326315136 b</name>
			<list>Confirmed planets</list>
			<period errorminus="0.0031" errorplus="0.0030">41.6855</period>
			<transittime errorminus="0.0047" errorplus="0.0042" unit="BJD">2457151.9021</transittime>
			<inclination errorminus="0.14" errorplus="0.17">89.55</inclination>
			<eccentricity>0</eccentricity>
			<mass errorminus="0.01919" errorplus="0.01868">0.05129</mass>
			<radius errorminus="0.0098" errorplus="0.0125">0.1989</radius>
			<semimajoraxis errorminus="0.017" errorplus="0.019">0.241</semimajoraxis>
			<istransiting>1</istransiting>
			<discoverymethod>transit</discoverymethod>
			<discoveryyear>2016</discoveryyear>
			<description>K2-56 b is a Neptune-sized planet with a density compatible with a mainly-rocky composition.</description>
			<lastupdate>17/11/30</lastupdate>
		</planet>
	</star>
	<constellation>Taurus</constellation>
</system>
