<system>
	<name>BD+45 564</name>
	<rightascension>02 11 46.8786</rightascension>
	<declination>+45 55 27.2985</declination>
	<distance errorminus="0.1905000" errorplus="0.1919000">53.6220000</distance>
	<star>
		<name>BD+45 564</name>
		<name>Gaia DR2 353030751066772480</name>
		<name>TYC 3281-2225-1</name>
		<name>HIP 10245</name>
		<radius errorminus="0.04" errorplus="0.04">0.81</radius>
		<magV errorminus="0.0300000" errorplus="0.0300000">9.6700000</magV>
		<magJ errorminus="0.0230000" errorplus="0.0230000">8.0630000</magJ>
		<magH errorminus="0.0240000" errorplus="0.0240000">7.6450000</magH>
		<magK errorminus="0.0240000" errorplus="0.0240000">7.5570000</magK>
		<mass errorminus="0.07" errorplus="0.07">0.81</mass>
		<temperature errorminus="50.00" errorplus="50.00">5004.00</temperature>
		<metallicity errorminus="0.030" errorplus="0.030">-0.090</metallicity>
		<spectraltype>K1</spectraltype>
		<planet>
			<name>BD+45 564 b</name>
			<name>Gaia DR2 353030751066772480 b</name>
			<name>TYC 3281-2225-1 b</name>
			<name>HIP 10245 b</name>
			<semimajoraxis errorminus="0.040000" errorplus="0.040000">0.830000</semimajoraxis>
			<eccentricity errorminus="0.060000" errorplus="0.060000">0.120000</eccentricity>
			<periastron errorminus="51.8500" errorplus="51.8500">70.3100</periastron>
			<inclination>2.579</inclination>
			<period errorminus="1.47000000" errorplus="1.47000000">307.88000000</period>
			<description>This planet was discovered by Dalal et al. 2021. This was a ground based discovery. The parameters listed here have been imported into the Open Exoplanet Catalogue from the NASA Exoplanet Archive.</description>
			<mass errorminus="0.12000" errorplus="0.12000">1.36000</mass>
			<radius>1.210</radius>
			<discoverymethod>RV</discoverymethod>
			<discoveryyear>2021</discoveryyear>
			<list>Confirmed planets</list>
			<lastupdate>21/06/13</lastupdate>
		</planet>
	</star>
	<constellation>Andromeda</constellation>
</system>
