<system>
	<name>BD+48 738</name>
	<name>BD +48 738</name>
	<rightascension>02 42 50.4643</rightascension>
	<declination>+49 35 13.0796</declination>
	<distance errorminus="42.7" errorplus="42.7">892.1</distance>
	<star>
		<name>BD+48 738</name>
		<name>TYC 3304-323-1</name>
		<name>SAO 38269</name>
		<name>2MASS J02425045+4935130</name>
		<name>Gaia DR2 438899345022759424</name>
		<mass errorminus="0.39" errorplus="0.39">0.74</mass>
		<radius errorminus="1" errorplus="1">11</radius>
		<magB errorminus="0.04" errorplus="0.04">10.35</magB>
		<magV errorminus="0.017" errorplus="0.017">9.139</magV>
		<magR errorminus="0.06" errorplus="0.06">8.56</magR>
		<magJ errorminus="0.021" errorplus="0.021">6.704</magJ>
		<magH errorminus="0.047" errorplus="0.047">6.077</magH>
		<magK errorminus="0.018" errorplus="0.018">5.904</magK>
		<metallicity errorminus="0.07" errorplus="0.07">-0.20</metallicity>
		<spectraltype>K0III</spectraltype>
		<temperature errorminus="15" errorplus="15">4414</temperature>
		<planet>
			<name>BD+48 738 b</name>
			<name>Gaia DR2 438899345022759424 b</name>
			<name>TYC 3304-323-1 b</name>
			<list>Confirmed planets</list>
			<mass type="msini">0.91</mass>
			<period errorminus="5.5" errorplus="5.5">392.6</period>
			<semimajoraxis>1.0</semimajoraxis>
			<eccentricity errorminus="0.1" errorplus="0.1">0.2</eccentricity>
			<periastron errorminus="31.1" errorplus="31.1">358.9</periastron>
			<periastrontime errorminus="28.5" errorplus="28.5">2454457.7</periastrontime>
			<description>This planet was found by the Penn State-Torun Planet Search Team (PTPS) using the Hobby-Eberly Telescope.</description>
			<discoverymethod>RV</discoverymethod>
			<lastupdate>15/11/17</lastupdate>
			<discoveryyear>2011</discoveryyear>
		</planet>
	</star>
	<constellation>Perseus</constellation>
</system>
