<system>
	<name>BD+49 828</name>
	<rightascension>03 02 33.7362</rightascension>
	<declination>+49 43 47.9632</declination>
	<distance errorminus="7.7" errorplus="7.7">447.6</distance>
	<star>
		<name>BD+49 828</name>
		<name>GSC 03318-01515</name>
		<name>TYC 3318-1515-1</name>
		<name>2MASS J03023372+4943480</name>
		<name>Gaia DR2 439327501725338752</name>
		<magB errorminus="0.04" errorplus="0.04">10.51</magB>
		<magV errorminus="0.02" errorplus="0.02">9.38</magV>
		<magJ errorminus="0.019" errorplus="0.019">7.246</magJ>
		<magH errorminus="0.024" errorplus="0.024">6.729</magH>
		<magK errorminus="0.021" errorplus="0.021">6.571</magK>
		<spectraltype>K0</spectraltype>
		<temperature errorminus="30" errorplus="30">4943</temperature>
		<metallicity errorminus="0.06" errorplus="0.06">-0.19</metallicity>
		<mass errorminus="0.22" errorplus="0.22">1.52</mass>
		<radius errorminus="1.3" errorplus="1.3">7.6</radius>
		<age errorminus="0.8" errorplus="1.2">2.3</age>
		<planet>
			<name>BD+49 828 b</name>
			<name>Gaia DR2 439327501725338752 b</name>
			<name>TYC 3318-1515-1 b</name>
			<period errorminus="180" errorplus="300">2590</period>
			<periastrontime errorminus="170" errorplus="200">2455470</periastrontime>
			<eccentricity errorminus="0.10" errorplus="0.24">0.35</eccentricity>
			<periastron errorminus="30" errorplus="32">170</periastron>
			<mass errorminus="0.2" errorplus="0.4" type="msini">1.6</mass>
			<semimajoraxis errorminus="0.2" errorplus="0.32">4.2</semimajoraxis>
			<list>Confirmed planets</list>
			<discoverymethod>RV</discoverymethod>
			<discoveryyear>2015</discoveryyear>
			<lastupdate>15/11/23</lastupdate>
		</planet>
	</star>
	<constellation>Perseus</constellation>
</system>
