<system>
	<name>BD+48 740</name>
	<name>HIP 12684</name>
	<rightascension>02 42 58.2182</rightascension>
	<declination>+48 55 48.2258</declination>
	<distance errorminus="22.15" errorplus="22.15">678.94</distance>
	<star>
		<name>BD+48 740</name>
		<name>HIP 12684</name>
		<name>Gaia DR2 438444868763388800</name>
		<name>TYC 3304-90-1</name>
		<radius errorminus="1.81" errorplus="1.81">10.33</radius>
		<magV errorminus="0.015" errorplus="0.015">8.699</magV>
		<magJ errorminus="0.018" errorplus="0.018">6.385</magJ>
		<magH errorminus="0.027" errorplus="0.027">5.791</magH>
		<magK errorminus="0.017" errorplus="0.017">5.645</magK>
		<mass errorminus="0.16" errorplus="0.16">1.09</mass>
		<temperature errorminus="8.00" errorplus="8.00">4534.00</temperature>
		<metallicity errorminus="0.060" errorplus="0.060">-0.130</metallicity>
		<spectraltype>K3III</spectraltype>
		<planet>
			<name>BD+48 740 b</name>
			<name>HIP 12684 b</name>
			<name>Gaia DR2 438444868763388800 b</name>
			<name>TYC 3304-90-1 b</name>
			<semimajoraxis errorminus="0.100000" errorplus="0.100000">1.700000</semimajoraxis>
			<eccentricity errorminus="0.090000" errorplus="0.050000">0.760000</eccentricity>
			<periastron errorminus="15.0000" errorplus="12.0000">100.0000</periastron>
			<period errorminus="8.00000000" errorplus="5.00000000">733.00000000</period>
			<description>This planet was discovered by Adamów et al. 2018. This was a ground based discovery. The parameters listed here are those reported by Adamów et al. 2018 and were imported into the Open Exoplanet Catalogue from the NASA Exoplanet Archive.</description>
			<mass errorminus="0.70000" errorplus="0.70000">1.70000</mass>
			<discoverymethod>RV</discoverymethod>
			<discoveryyear>2018</discoveryyear>
			<list>Confirmed planets</list>
			<lastupdate>18/02/01</lastupdate>
		</planet>
	</star>
	<constellation>Perseus</constellation>
</system>
