<system>
	<name>BD+55 362</name>
	<rightascension>01 35 50.7830</rightascension>
	<declination>+56 41 56.9727</declination>
	<distance errorminus="0.0971000" errorplus="0.0974000">52.5697000</distance>
	<star>
		<name>BD+55 362</name>
		<name>Gaia DR2 412783469966211456</name>
		<name>TYC 3679-2176-1</name>
		<name>HIP 7441</name>
		<radius errorminus="0.04" errorplus="0.06">0.90</radius>
		<magV errorminus="0.0300000" errorplus="0.0300000">9.3800000</magV>
		<magJ errorminus="0.0190000" errorplus="0.0190000">7.8260000</magJ>
		<magH errorminus="0.0310000" errorplus="0.0310000">7.4430000</magH>
		<magK errorminus="0.0210000" errorplus="0.0210000">7.3310000</magK>
		<mass errorminus="0.10" errorplus="0.10">0.91</mass>
		<temperature errorminus="78.00" errorplus="78.00">5012.00</temperature>
		<metallicity errorminus="0.050" errorplus="0.050">0.180</metallicity>
		<spectraltype>K3</spectraltype>
		<planet>
			<name>BD+55 362 b</name>
			<name>Gaia DR2 412783469966211456 b</name>
			<name>TYC 3679-2176-1 b</name>
			<name>HIP 7441 b</name>
			<semimajoraxis errorminus="0.050000" errorplus="0.050000">0.780000</semimajoraxis>
			<eccentricity errorminus="0.060000" errorplus="0.060000">0.270000</eccentricity>
			<periastron errorminus="62.4300" errorplus="62.4300">-134.4400</periastron>
			<inclination>0.601</inclination>
			<period errorminus="1.04000000" errorplus="1.04000000">265.59000000</period>
			<description>This planet was discovered by Dalal et al. 2021. This was a ground based discovery. The parameters listed here have been imported into the Open Exoplanet Catalogue from the NASA Exoplanet Archive.</description>
			<mass errorminus="0.08000" errorplus="0.08000">0.72000</mass>
			<radius>1.250</radius>
			<discoverymethod>RV</discoverymethod>
			<discoveryyear>2021</discoveryyear>
			<list>Confirmed planets</list>
			<lastupdate>21/06/13</lastupdate>
		</planet>
	</star>
	<constellation>Cassiopeia</constellation>
</system>
