<system>
	<name>BD+63 1405</name>
	<rightascension>18 05 35.5657</rightascension>
	<declination>+63 40 08.1792</declination>
	<distance errorminus="0.0329000" errorplus="0.0329000">38.0473000</distance>
	<star>
		<name>BD+63 1405</name>
		<name>TYC 4205-1710-1</name>
		<name>Gaia DR2 2160951157908163968</name>
		<name>HIP 88617</name>
		<radius errorminus="0.06" errorplus="0.04">0.80</radius>
		<magV errorminus="0.0300000" errorplus="0.0300000">8.9600000</magV>
		<magJ errorminus="0.0200000" errorplus="0.0200000">7.3030000</magJ>
		<magH errorminus="0.0200000" errorplus="0.0200000">6.8950000</magH>
		<magK errorminus="0.0170000" errorplus="0.0170000">6.7800000</magK>
		<mass errorminus="0.08" errorplus="0.08">0.82</mass>
		<temperature errorminus="53.00" errorplus="53.00">5000.00</temperature>
		<metallicity errorminus="0.030" errorplus="0.030">-0.090</metallicity>
		<spectraltype>K0</spectraltype>
		<planet>
			<name>BD+63 1405 b</name>
			<name>TYC 4205-1710-1 b</name>
			<name>Gaia DR2 2160951157908163968 b</name>
			<name>HIP 88617 b</name>
			<semimajoraxis errorminus="0.140000" errorplus="0.140000">2.060000</semimajoraxis>
			<eccentricity errorminus="0.020000" errorplus="0.020000">0.880000</eccentricity>
			<periastron errorminus="3.7600" errorplus="3.7600">94.2500</periastron>
			<inclination>5.974</inclination>
			<period errorminus="60.79000000" errorplus="60.79000000">1198.48000000</period>
			<description>This planet was discovered by Dalal et al. 2021. This was a ground based discovery. The parameters listed here have been imported into the Open Exoplanet Catalogue from the NASA Exoplanet Archive.</description>
			<mass errorminus="0.31000" errorplus="0.31000">3.96000</mass>
			<radius>1.160</radius>
			<discoverymethod>RV</discoverymethod>
			<discoveryyear>2021</discoveryyear>
			<list>Confirmed planets</list>
			<lastupdate>21/06/13</lastupdate>
		</planet>
	</star>
	<constellation>Draco</constellation>
</system>
