<system>
	<name>BD+60 1417</name>
	<rightascension>12 43 33.00</rightascension>
	<declination>+69 00 51.84</declination>
	<distance errorminus="0.027" errorplus="0.027">44.957</distance>
	<star>
		<name>BD+60 1417</name>
		<radius errorminus="0.051" errorplus="0.051">0.797</radius>
		<mass>1.0</mass>
		<temperature errorminus="124.0" errorplus="124.0">4993.0</temperature>
		<planet>
			<name>BD+60 1417 b</name>
			<semimajoraxis>1662.0</semimajoraxis>
			<description>The parameters listed here were imported into the Open Exoplanet Catalogue from the exoplanet.eu website.</description>
			<mass errorminus="5.0" errorplus="5.0">15.0</mass>
			<radius errorminus="0.06" errorplus="0.06">1.31</radius>
			<temperature>1303.0</temperature>
			<discoverymethod>imaging</discoverymethod>
			<discoveryyear>2021</discoveryyear>
			<list>Confirmed planets</list>
			<lastupdate>21/12/10</lastupdate>
		</planet>
	</star>
	<constellation>Draco</constellation>
</system>
