<system>
	<name>BD-11 4672</name>
	<name>HIP 90979</name>
	<rightascension>18 33 28.8322</rightascension>
	<declination>-11 38 09.7218</declination>
	<distance>27.30</distance>
	<star>
		<name>BD-11 4672</name>
		<name>HIP 90979</name>
		<name>Gaia DR2 4154598526336121600</name>
		<name>GJ 717</name>
		<name>TYC 5699-2129-1</name>
		<radius errorminus="0.02" errorplus="0.02">0.64</radius>
		<magV>9.990</magV>
		<magI errorminus="0.008" errorplus="0.008">8.540</magI>
		<magJ errorminus="0.023" errorplus="0.023">7.651</magJ>
		<magH errorminus="0.031" errorplus="0.031">7.031</magH>
		<magK errorminus="0.024" errorplus="0.024">6.867</magK>
		<magB errorminus="0.10" errorplus="0.10">11.21</magB>
		<magR>9.60</magR>
		<mass errorminus="0.03" errorplus="0.03">0.65</mass>
		<temperature errorminus="110.00" errorplus="110.00">4550.00</temperature>
		<metallicity errorminus="0.150" errorplus="0.150">-0.350</metallicity>
		<spectraltype>K7V</spectraltype>
		<planet>
			<name>BD-11 4672 b</name>
			<name>HIP 90979 b</name>
			<name>Gaia DR2 4154598526336121600 b</name>
			<name>GJ 717 b</name>
			<name>TYC 5699-2129-1 b</name>
			<semimajoraxis errorminus="0.040000" errorplus="0.040000">2.360000</semimajoraxis>
			<eccentricity errorminus="0.030000" errorplus="0.050000">0.050000</eccentricity>
			<periastron errorminus="66.9500" errorplus="92.6300">343.8800</periastron>
			<period errorminus="14.00000000" errorplus="13.00000000">1634.00000000</period>
			<description>This planet was discovered by Moutou et al. 2015. This was a ground based discovery. The parameters listed here are those reported by Barbato et al. 2020 and were imported into the Open Exoplanet Catalogue from the NASA Exoplanet Archive.</description>
			<mass errorminus="0.06000" errorplus="0.05000">0.65000</mass>
			<discoverymethod>RV</discoverymethod>
			<discoveryyear>2014</discoveryyear>
			<list>Confirmed planets</list>
			<lastupdate>20/07/23</lastupdate>
		</planet>
		<planet>
			<name>BD-11 4672 c</name>
			<name>HIP 90979 c</name>
			<name>Gaia DR2 4154598526336121600 c</name>
			<name>GJ 717 c</name>
			<name>TYC 5699-2129-1 c</name>
			<semimajoraxis errorminus="0.010000" errorplus="0.010000">0.300000</semimajoraxis>
			<eccentricity errorminus="0.150000" errorplus="0.130000">0.400000</eccentricity>
			<periastron errorminus="26.5800" errorplus="23.0200">245.9200</periastron>
			<period errorminus="0.08000000" errorplus="0.06000000">74.20000000</period>
			<description>This planet was discovered by Barbato et al. 2020. This was a ground based discovery. The parameters listed here are those reported by Barbato et al. 2020 and were imported into the Open Exoplanet Catalogue from the NASA Exoplanet Archive.</description>
			<mass errorminus="0.00884" errorplus="0.00934">0.04836</mass>
			<discoverymethod>RV</discoverymethod>
			<discoveryyear>2020</discoveryyear>
			<list>Confirmed planets</list>
			<lastupdate>20/07/23</lastupdate>
		</planet>
	</star>
	<constellation>Scutum</constellation>
</system>
