<system>
	<name>beta Pic</name>
	<name>bet Pic</name>
	<name>HD 39060</name>
	<name>HIP 27321</name>
	<rightascension>05 47 17.0876</rightascension>
	<declination>-51 03 59.4411</declination>
	<distance errorminus="0.13" errorplus="0.13">19.75</distance>
	<star>
		<name>beta Pic</name>
		<name>bet Pic</name>
		<name>HD 39060</name>
		<name>HIP 27321</name>
		<name>TYC 8099-1392-1</name>
		<name>GJ 219</name>
		<name>GJ 219.0</name>
		<name>Gaia DR2 4792774797545105664</name>
		<magV>3.850</magV>
		<magI>3.675</magI>
		<magJ errorminus="0.236" errorplus="0.236">3.669</magJ>
		<magH errorminus="0.200" errorplus="0.200">3.544</magH>
		<magK errorminus="0.222" errorplus="0.222">3.526</magK>
		<magB>4.03</magB>
		<magR>3.74</magR>
		<mass errorminus="0.17" errorplus="0.18">1.76</mass>
		<spectraltype>A5V</spectraltype>
		<planet>
			<name>beta Pic b</name>
			<name>bet Pic b</name>
			<name>HD 39060 b</name>
			<name>HIP 27321 b</name>
			<name>TYC 8099-1392-1 b</name>
			<name>GJ 219 b</name>
			<name>GJ 219.0 b</name>
			<name>Gaia DR2 4792774797545105664 b</name>
			<semimajoraxis errorminus="0.500000" errorplus="5.300000">9.100000</semimajoraxis>
			<eccentricity errorminus="0.060000" errorplus="0.320000">0.080000</eccentricity>
			<periastron errorminus="94.0000" errorplus="93.0000">-8.0000</periastron>
			<inclination errorminus="0.700" errorplus="0.700">88.900</inclination>
			<period errorminus="730.00000000" errorplus="7300.00000000">7665.00000000</period>
			<description>Beta Pictoris is an A type star, 63 lightyears away from our own Solar System. The star is host to a debris disk and a planet. Using high spectroscopic observations, astronomers were able to measure the length of a day on bet Pic b: 8.1 hours. The planet or material in orbit around it may have been responsible for a transit-like event observed in November 1981.</description>
			<lastupdate>15/08/22</lastupdate>
			<image>beta Pic</image>
			<imagedescription>This image shows the planet Beta Pictoris b. It has been optained with NACO on VLT. The star has been masked out to enable the viewer to see clearly the planet. Credit: ESO.</imagedescription>
			<discoverymethod>imaging</discoverymethod>
			<discoveryyear>2008</discoveryyear>
			<list>Confirmed planets</list>
		</planet>
		<planet>
			<name>beta Pic c</name>
			<name>bet Pic c</name>
			<name>HD 39060 c</name>
			<name>HIP 27321 c</name>
			<name>TYC 8099-1392-1 c</name>
			<name>GJ 219 c</name>
			<name>GJ 219.0 c</name>
			<name>Gaia DR2 4792774797545105664 c</name>
			<semimajoraxis>2.700000</semimajoraxis>
			<eccentricity>0.240000</eccentricity>
			<inclination>90.000</inclination>
			<period>1200.00000000</period>
			<description>This planet was discovered by Lagrange et al. 2019. This was a ground based discovery. The parameters listed here are those reported by Lagrange et al. 2019 and were imported into the Open Exoplanet Catalogue from the NASA Exoplanet Archive.</description>
			<mass>9.00000</mass>
			<discoverymethod>RV</discoverymethod>
			<discoveryyear>2019</discoveryyear>
			<list>Confirmed planets</list>
			<lastupdate>19/08/29</lastupdate>
		</planet>
	</star>
	<constellation>Pictor</constellation>
</system>
