<system>
	<name>COCONUTS-2</name>
	<name>WISEPA J075108.79-763449.6</name>
	<rightascension>07 49 13.00</rightascension>
	<declination>-76 42 07.00</declination>
	<distance errorminus="0.002" errorplus="0.002">10.89</distance>
	<star>
		<name>COCONUTS-2</name>
		<name>COCONUTS-2A</name>
		<name>WISEPA J075108.79-763449.6</name>
		<radius errorminus="0.011" errorplus="0.011">0.388</radius>
		<magV>11.3</magV>
		<mass errorminus="0.02" errorplus="0.02">0.37</mass>
		<temperature errorminus="69.0" errorplus="69.0">3406.0</temperature>
		<metallicity errorminus="0.08" errorplus="0.08">0.0</metallicity>
		<spectraltype>M3</spectraltype>
		<age errorminus="0.325" errorplus="0.325">0.475</age>
		<planet>
			<name>COCONUTS-2 b</name>
			<name>WISEPA J075108.79-763449.6 b</name>
			<semimajoraxis>6471.0</semimajoraxis>
			<description>COCONUT-2b is the second coldest directly imaged exoplanet. The acronym COCONUT stands for COol Companions ON Ultrawide orbiTS. Archival data from ASAS-SN, Evryscope, KELT, and SuperWASP reveal a prominent apsidal motion of the binary orbit, caused by the dynamical interactions between the binary and the planet. The system is accessible for high-resolution spectroscopic observations, e.g. Rossiter-McLaughlin effect and transit spectroscopy.</description>
			<mass errorminus="2.0" errorplus="2.0">6.4</mass>
			<radius errorminus="0.04" errorplus="0.04">1.12</radius>
			<temperature>433.0</temperature>
			<discoverymethod>imaging</discoverymethod>
			<discoveryyear>2021</discoveryyear>
			<list>Confirmed planets</list>
			<lastupdate>21/07/08</lastupdate>
		</planet>
	</star>
	<constellation>Chamaleon</constellation>
</system>
