<system>
	<name>CoRoT-30</name>
	<rightascension>18 30 24.2837</rightascension>
	<declination>+06 50 09.3654</declination>
	<distance errorminus="40.00" errorplus="68.00">960.00</distance>
	<star>
		<name>CoRoT-30</name>
		<name>Gaia DR2 4477300378701511296</name>
		<radius errorminus="0.03" errorplus="0.09">0.91</radius>
		<magV>15.650</magV>
		<magI>14.750</magI>
		<magJ errorminus="0.026" errorplus="0.026">14.019</magJ>
		<magH errorminus="0.036" errorplus="0.036">13.551</magH>
		<magK errorminus="0.044" errorplus="0.044">13.562</magK>
		<mass errorminus="0.05" errorplus="0.03">0.98</mass>
		<temperature errorminus="100.00" errorplus="100.00">5650.00</temperature>
		<metallicity errorminus="0.100" errorplus="0.100">0.020</metallicity>
		<spectraltype>G3V</spectraltype>
		<planet>
			<name>CoRoT-30 b</name>
			<name>Gaia DR2 4477300378701511296 b</name>
			<semimajoraxis errorminus="0.001200" errorplus="0.001200">0.084400</semimajoraxis>
			<eccentricity errorminus="0.031000" errorplus="0.031000">0.007000</eccentricity>
			<periastron errorminus="100.2000" errorplus="100.2000">178.1000</periastron>
			<inclination errorminus="0.560" errorplus="0.560">90.000</inclination>
			<period errorminus="0.00024000" errorplus="0.00024000">9.06005000</period>
			<description>This planet was discovered by Bordé et al. 2020. The discovery was made with a space based telescope (0.27 m CoRoT Telescope). The parameters listed here are those reported by Bordé et al. 2020 and were imported into the Open Exoplanet Catalogue from the NASA Exoplanet Archive.</description>
			<mass errorminus="0.22000" errorplus="0.22000">2.90000</mass>
			<radius errorminus="0.076" errorplus="0.076">1.009</radius>
			<discoverymethod>transit</discoverymethod>
			<istransiting>1</istransiting>
			<discoveryyear>2020</discoveryyear>
			<list>Confirmed planets</list>
			<lastupdate>20/04/16</lastupdate>
			<transittime errorminus="0.001200" errorplus="0.001200">2455665.514600</transittime>
		</planet>
	</star>
	<constellation>Ophiucus</constellation>
</system>
