<system>
	<name>CoRoT-11</name>
	<rightascension>18 42 44.9499</rightascension>
	<declination>+05 56 15.6521</declination>
	<distance>560</distance>
	<star>
		<mass>1.27</mass>
		<radius>1.37</radius>
		<magV errorminus="0.38" errorplus="0.38">12.80</magV>
		<magB errorminus="0.45" errorplus="0.45">13.73</magB>
		<magJ errorminus="0.021" errorplus="0.021">11.589</magJ>
		<magH errorminus="0.029" errorplus="0.029">11.416</magH>
		<magK errorminus="0.022" errorplus="0.022">11.248</magK>
		<metallicity>-0.03</metallicity>
		<spectraltype>F6V</spectraltype>
		<planet>
			<name>CoRoT-11 b</name>
			<name>CoRoT-Exo-11 b</name>
			<name>2MASS J18424494+0556156 b</name>
			<name>CoRoTID 105833549 b</name>
			<name>Gaia DR2 4285511294172309504 b</name>
			<list>Confirmed planets</list>
			<mass>2.49</mass>
			<radius>1.39</radius>
			<period>2.994325</period>
			<semimajoraxis>0.04351</semimajoraxis>
			<eccentricity>0.0</eccentricity>
			<inclination>81.41</inclination>
			<transittime errorminus="0.0003" errorplus="0.0003" unit="BJD">2454597.6797</transittime>
			<discoverymethod>transit</discoverymethod>
			<lastupdate>12/07/02</lastupdate>
			<discoveryyear>2010</discoveryyear>
			<temperature>1593.4</temperature>
			<istransiting>1</istransiting>
		</planet>
		<name>CoRoT-11</name>
		<name>Gaia DR2 4285511294172309504</name>
		<temperature>6440.0</temperature>
	</star>
	<constellation>Serpens</constellation>
</system>
