<system>
	<name>CoRoT-28</name>
	<rightascension>18 34 45.2033</rightascension>
	<declination>+05 34 25.3913</declination>
	<distance errorminus="70" errorplus="70">560</distance>
	<star>
		<magB errorminus="0.033" errorplus="0.033">14.994</magB>
		<magV errorminus="0.022" errorplus="0.022">13.775</magV>
		<magJ errorminus="0.023" errorplus="0.023">11.601</magJ>
		<magH errorminus="0.025" errorplus="0.025">11.143</magH>
		<magK errorminus="0.025" errorplus="0.025">11.032</magK>
		<name>CoRoT-28</name>
		<name>2MASS J18344520+0534254</name>
		<name>Gaia DR2 4284680029006075648</name>
		<mass errorminus="0.14" errorplus="0.14">1.01</mass>
		<radius errorminus="0.11" errorplus="0.11">1.78</radius>
		<temperature errorminus="100" errorplus="100">5150</temperature>
		<age errorminus="1.5" errorplus="1.5">12.0</age>
		<metallicity errorminus="0.10" errorplus="0.10">0.15</metallicity>
		<spectraltype>G8/9IV</spectraltype>
		<planet>
			<name>CoRoT-28 b</name>
			<name>2MASS J18344520+0534254 b</name>
			<name>Gaia DR2 4284680029006075648 b</name>
			<list>Confirmed planets</list>
			<mass errorminus="0.087" errorplus="0.087">0.484</mass>
			<radius errorminus="0.066" errorplus="0.066">0.955</radius>
			<period errorminus="0.00038" errorplus="0.00038">5.20851</period>
			<transittime errorminus="0.0029" errorplus="0.0029" unit="HJD">2455755.8466</transittime>
			<semimajoraxis errorminus="0.0027" errorplus="0.0027">0.0590</semimajoraxis>
			<eccentricity errorminus="0.038" errorplus="0.055">0.047</eccentricity>
			<inclination errorminus="0.8" errorplus="0.8">88.1</inclination>
			<description>CoRoT-28 b is a Jupiter-sized planet orbiting an evolved star. It was discovered by the European space mission CoRoT.</description>
			<discoverymethod>transit</discoverymethod>
			<lastupdate>15/04/07</lastupdate>
			<discoveryyear>2015</discoveryyear>
			<istransiting>1</istransiting>
		</planet>
	</star>
	<constellation>Serpens</constellation>
</system>
