<system>
	<name>CoRoTID 223977153</name>
	<rightascension>06 40 47</rightascension>
	<declination>+09 15 27</declination>
	<distance errorminus="10.70" errorplus="10.70">586.20</distance>
	<star>
		<name>CoRoTID 223977153</name>
		<radius errorminus="0.09" errorplus="0.08">0.79</radius>
		<magJ errorminus="0.024" errorplus="0.024">12.519</magJ>
		<magH errorminus="0.029" errorplus="0.029">12.250</magH>
		<magK errorminus="0.027" errorplus="0.027">12.193</magK>
		<mass errorminus="0.07" errorplus="0.08">1.08</mass>
		<temperature errorminus="100.00" errorplus="100.00">5970.00</temperature>
		<metallicity errorminus="0.200" errorplus="0.200">0.000</metallicity>
		<spectraltype>G0VI</spectraltype>
		<planet>
			<name>CoRoTID 223977153 b</name>
			<semimajoraxis errorminus="0.001000" errorplus="0.001000">0.071000</semimajoraxis>
			<inclination errorminus="0.500" errorplus="0.500">89.000</inclination>
			<period errorminus="0.00001000" errorplus="0.00001000">6.71837000</period>
			<description>This planet was discovered by Boufleur et al. 2018. The discovery was made with a space based telescope (0.27 m CoRoT Telescope). The parameters listed here are those reported by Boufleur et al. 2018 and were imported into the Open Exoplanet Catalogue from the NASA Exoplanet Archive.</description>
			<mass errorminus="0.10000" errorplus="0.10000">0.15000</mass>
			<radius errorminus="0.050" errorplus="0.060">0.570</radius>
			<temperature errorminus="52" errorplus="65">938</temperature>
			<discoverymethod>transit</discoverymethod>
			<istransiting>1</istransiting>
			<discoveryyear>2017</discoveryyear>
			<list>Confirmed planets</list>
			<lastupdate>17/09/15</lastupdate>
			<transittime errorminus="0.001000" errorplus="0.002000">2455901.811000</transittime>
		</planet>
	</star>
	<constellation>Monoceros</constellation>
</system>
