<system>
	<name>CoRoT-31</name>
	<rightascension>06 19 16.9733</rightascension>
	<declination>-04 25 20.1611</declination>
	<distance errorminus="710.00" errorplus="710.00">2190.00</distance>
	<star>
		<name>CoRoT-31</name>
		<name>Gaia DR2 3020494716521521152</name>
		<radius errorminus="0.66" errorplus="0.56">2.15</radius>
		<magI>14.590</magI>
		<magJ errorminus="0.023" errorplus="0.023">13.908</magJ>
		<magH errorminus="0.023" errorplus="0.023">13.469</magH>
		<magK errorminus="0.037" errorplus="0.037">13.426</magK>
		<mass errorminus="0.21" errorplus="0.22">1.25</mass>
		<temperature errorminus="120.00" errorplus="120.00">5700.00</temperature>
		<metallicity errorminus="0.100" errorplus="0.100">0.000</metallicity>
		<spectraltype>G2IV</spectraltype>
		<planet>
			<name>CoRoT-31 b</name>
			<name>Gaia DR2 3020494716521521152 b</name>
			<semimajoraxis errorminus="0.003400" errorplus="0.003400">0.058600</semimajoraxis>
			<eccentricity errorminus="0.160000" errorplus="0.160000">0.020000</eccentricity>
			<periastron errorminus="107.9000" errorplus="107.9000">303.6000</periastron>
			<inclination errorminus="2.300" errorplus="2.300">83.200</inclination>
			<period errorminus="0.00075000" errorplus="0.00075000">4.62941000</period>
			<description>This planet was discovered by Bordé et al. 2020. The discovery was made with a space based telescope (0.27 m CoRoT Telescope). The parameters listed here are those reported by Bordé et al. 2020 and were imported into the Open Exoplanet Catalogue from the NASA Exoplanet Archive.</description>
			<mass errorminus="0.34000" errorplus="0.34000">0.84000</mass>
			<radius errorminus="0.300" errorplus="0.300">1.460</radius>
			<discoverymethod>transit</discoverymethod>
			<istransiting>1</istransiting>
			<discoveryyear>2020</discoveryyear>
			<list>Confirmed planets</list>
			<lastupdate>20/04/16</lastupdate>
			<transittime errorminus="0.004400" errorplus="0.004400">2455843.944500</transittime>
		</planet>
	</star>
	<constellation>Monoceros</constellation>
</system>
