<system>
	<name>CoRoT-5</name>
	<rightascension>06 45 06.5406</rightascension>
	<declination>+00 48 54.9068</declination>
	<distance>400</distance>
	<star>
		<mass errorminus="0.02" errorplus="0.02">1.00</mass>
		<radius errorminus="0.04" errorplus="0.04">1.186</radius>
		<magV>14</magV>
		<magR>13.82</magR>
		<magB errorminus="0.35" errorplus="0.35">14.67</magB>
		<magI errorminus="0.03" errorplus="0.03">13.29</magI>
		<magJ errorminus="0.024" errorplus="0.024">12.871</magJ>
		<magH errorminus="0.03" errorplus="0.03">12.61</magH>
		<magK errorminus="0.026" errorplus="0.026">12.546</magK>
		<metallicity errorminus="0.06" errorplus="0.06">-0.25</metallicity>
		<spectraltype>F9V</spectraltype>
		<planet>
			<name>CoRoT-5 b</name>
			<name>CoRoT-Exo-5 b</name>
			<name>CoRoTID 102764809 b</name>
			<name>Gaia DR2 3125611120515388800 b</name>
			<list>Confirmed planets</list>
			<mass errorminus="0.024" errorplus="0.047">0.467</mass>
			<radius errorminus="0.047" errorplus="0.046">1.388</radius>
			<period errorminus="0.0000019" errorplus="0.0000019">4.0378962</period>
			<semimajoraxis errorminus="0.00029" errorplus="0.00026">0.04947</semimajoraxis>
			<eccentricity errorminus="0.04" errorplus="0.09">0.09</eccentricity>
			<inclination errorminus="1.38" errorplus="0.99">85.83</inclination>
			<description>CoRoT 6 is an F-type star in the constellation Monoceros.</description>
			<discoverymethod>transit</discoverymethod>
			<lastupdate>09/07/18</lastupdate>
			<discoveryyear>2008</discoveryyear>
			<temperature>1316.3</temperature>
			<transittime errorminus="0.0002" errorplus="0.0002" unit="BJD">2454400.19963</transittime>
			<istransiting>1</istransiting>
		</planet>
		<name>CoRoT-5</name>
		<name>Gaia DR2 3125611120515388800</name>
		<temperature>6100.0</temperature>
	</star>
	<constellation>Monoceros</constellation>
</system>
