<system>
	<name>CoRoT-25</name>
	<rightascension>18 42 31.1200</rightascension>
	<declination>+06 30 49.7463</declination>
	<distance errorminus="25" errorplus="85">1000</distance>
	<star>
		<name>CoRoT-25</name>
		<name>2MASS J18423111+0630497</name>
		<name>Gaia DR2 4285689616891369600</name>
		<magU errorminus="0.47" errorplus="0.47">15.93</magU>
		<magB errorminus="0.064" errorplus="0.064">15.806</magB>
		<magV errorminus="0.031" errorplus="0.031">14.965</magV>
		<magR errorminus="0.15" errorplus="0.15">14.61</magR>
		<magJ errorminus="0.024" errorplus="0.024">13.300</magJ>
		<magH errorminus="0.032" errorplus="0.032">12.990</magH>
		<magK errorminus="0.031" errorplus="0.031">12.846</magK>
		<mass errorminus="0.05" errorplus="0.11">1.09</mass>
		<radius errorminus="0.03" errorplus="0.14">1.19</radius>
		<temperature errorminus="90" errorplus="90">6040</temperature>
		<metallicity errorminus="0.13" errorplus="0.13">-0.01</metallicity>
		<spectraltype>F9V</spectraltype>
		<planet>
			<name>CoRoT-25 b</name>
			<name>Gaia DR2 4285689616891369600 b</name>
			<list>Confirmed planets</list>
			<mass errorminus="0.04" errorplus="0.04">0.27</mass>
			<radius errorminus="0.10" errorplus="0.3">1.08</radius>
			<period errorminus="0.00006" errorplus="0.00006">4.86069</period>
			<semimajoraxis errorminus="0.0009" errorplus="0.0020">0.0578</semimajoraxis>
			<eccentricity>0</eccentricity>
			<inclination errorminus="0.3" errorplus="0.8">84.5</inclination>
			<discoverymethod>transit</discoverymethod>
			<discoveryyear>2013</discoveryyear>
			<transittime errorminus="0.0008" errorplus="0.0008" unit="HJD">2454576.2156</transittime>
			<lastupdate>13/05/24</lastupdate>
			<istransiting>1</istransiting>
		</planet>
	</star>
	<constellation>Ophiucus</constellation>
</system>
