<system>
	<name>CoRoT-17</name>
	<rightascension>18 34 47.8213</rightascension>
	<declination>-06 36 44.1119</declination>
	<distance>920</distance>
	<star>
		<mass>1.04</mass>
		<radius>1.59</radius>
		<magV errorminus="0.43" errorplus="0.43">15.88</magV>
		<magB errorminus="0.44" errorplus="0.44">17.38</magB>
		<magR errorminus="0.36" errorplus="0.36">15.59</magR>
		<magI errorminus="0.07" errorplus="0.07">14.65</magI>
		<magJ errorminus="0.04" errorplus="0.04">13.17</magJ>
		<magH errorminus="0.06" errorplus="0.06">12.62</magH>
		<magK errorminus="0.05" errorplus="0.05">12.47</magK>
		<spectraltype>G2V</spectraltype>
		<planet>
			<name>CoRoT-17 b</name>
			<name>2MASS J18344782-0636440 b</name>
			<name>Gaia DR2 4255957040079935488 b</name>
			<list>Confirmed planets</list>
			<mass>2.45</mass>
			<radius>1.02</radius>
			<period>3.768125</period>
			<semimajoraxis>0.0461</semimajoraxis>
			<eccentricity>0.0</eccentricity>
			<inclination>88.34</inclination>
			<transittime errorminus="0.0036" errorplus="0.0036" unit="BJD">2454923.3100</transittime>
			<discoverymethod>transit</discoverymethod>
			<lastupdate>11/05/11</lastupdate>
			<discoveryyear>2010</discoveryyear>
			<temperature>1486.4</temperature>
			<istransiting>1</istransiting>
		</planet>
		<name>CoRoT-17</name>
		<name>Gaia DR2 4255957040079935488</name>
		<temperature>5740.0</temperature>
	</star>
	<constellation>Scutum</constellation>
</system>
