<system>
	<name>CoRoT-18</name>
	<rightascension>06 32 41.3777</rightascension>
	<declination>-00 01 53.7256</declination>
	<distance>870</distance>
	<star>
		<mass>0.95</mass>
		<radius>1</radius>
		<magV errorminus="0.1" errorplus="0.1">15.00</magV>
		<magB>15.8</magB>
		<magR>14.9</magR>
		<magI errorminus="0.03" errorplus="0.03">14.05</magI>
		<magJ errorminus="0.024" errorplus="0.024">13.441</magJ>
		<magH errorminus="0.03" errorplus="0.03">13.08</magH>
		<magK errorminus="0.03" errorplus="0.03">13.01</magK>
		<metallicity>-0.1</metallicity>
		<spectraltype>G9V</spectraltype>
		<planet>
			<name>CoRoT-18 b</name>
			<name>2MASS J06324137-0001537 b</name>
			<name>Gaia DR2 3120058170178779392 b</name>
			<list>Confirmed planets</list>
			<mass>3.47</mass>
			<radius>1.31</radius>
			<period>1.9000693</period>
			<semimajoraxis>0.0295</semimajoraxis>
			<eccentricity>0.08</eccentricity>
			<inclination>86.5</inclination>
			<transittime errorminus="0.00018" errorplus="0.00018" unit="BJD">2455321.72490</transittime>
			<discoverymethod>transit</discoverymethod>
			<lastupdate>12/04/05</lastupdate>
			<discoveryyear>2011</discoveryyear>
			<temperature>1396.0</temperature>
			<istransiting>1</istransiting>
		</planet>
		<name>CoRoT-18</name>
		<name>Gaia DR2 3120058170178779392</name>
		<temperature>5440.0</temperature>
	</star>
	<constellation>Monoceros</constellation>
</system>
