<system>
	<name>CoRoT-29</name>
	<rightascension>18 35 36.5004</rightascension>
	<declination>+06 28 46.6756</declination>
	<distance errorminus="50" errorplus="50">765</distance>
	<star>
		<name>CoRoT-29</name>
		<name>2MASS J18353650+0628467</name>
		<name>Gaia DR2 4285073581136130560</name>
		<magB errorminus="0.105" errorplus="0.105">16.705</magB>
		<magV errorminus="0.069" errorplus="0.069">15.560</magV>
		<magJ errorminus="0.021" errorplus="0.021">13.565</magJ>
		<magH errorminus="0.021" errorplus="0.021">13.120</magH>
		<magK errorminus="0.031" errorplus="0.031">13.048</magK>
		<mass errorminus="0.14" errorplus="0.14">0.97</mass>
		<radius errorminus="0.12" errorplus="0.12">0.90</radius>
		<temperature errorminus="100" errorplus="100">5260</temperature>
		<age errorminus="3.5" errorplus="3.5">4.5</age>
		<metallicity errorminus="0.10" errorplus="0.10">0.20</metallicity>
		<spectraltype>K0V</spectraltype>
		<planet>
			<name>CoRoT-29 b</name>
			<name>2MASS J18353650+0628467 b</name>
			<name>Gaia DR2 4285073581136130560 b</name>
			<list>Confirmed planets</list>
			<mass errorminus="0.20" errorplus="0.20">0.85</mass>
			<radius errorminus="0.13" errorplus="0.13">0.97</radius>
			<period errorminus="0.0000072" errorplus="0.0000072">2.8505615</period>
			<transittime errorminus="0.00075" errorplus="0.00075" unit="BJD">2456870.53809</transittime>
			<semimajoraxis errorminus="0.005" errorplus="0.005">0.0357</semimajoraxis>
			<inclination errorminus="0.30" errorplus="0.32">85.80</inclination>
			<description>CoRoT-29 b is a Jupiter-sized planet orbiting an oblate star. It was discovered by the European space mission CoRoT. The transits were originally announced by Cabrera et al. (2015) to be asymmetric but this was not confirmed by the follow-up study of Pallé et al. (2016)</description>
			<discoverymethod>transit</discoverymethod>
			<lastupdate>17/11/29</lastupdate>
			<discoveryyear>2015</discoveryyear>
			<istransiting>1</istransiting>
		</planet>
	</star>
	<constellation>Ophiucus</constellation>
</system>
