<system>
	<name>CoRoT-13</name>
	<rightascension>06 50 53.0726</rightascension>
	<declination>-05 05 11.1901</declination>
	<distance>1310</distance>
	<star>
		<mass>1.09</mass>
		<radius>1.01</radius>
		<magV>15.04</magV>
		<magB errorminus="0.42" errorplus="0.42">15.33</magB>
		<magR errorminus="0.36" errorplus="0.36">15.17</magR>
		<magI errorminus="0.03" errorplus="0.03">14.19</magI>
		<magJ errorminus="0.024" errorplus="0.024">13.710</magJ>
		<magH errorminus="0.029" errorplus="0.029">13.406</magH>
		<magK errorminus="0.04" errorplus="0.04">13.38</magK>
		<metallicity>0.01</metallicity>
		<spectraltype>G0V</spectraltype>
		<planet>
			<name>CoRoT-13 b</name>
			<name>CoRoT-Exo-13 b</name>
			<name>2MASS J06505307-0505112 b</name>
			<name>CoRoTID 110839339 b</name>
			<name>Gaia DR2 3101974231859723776 b</name>
			<list>Confirmed planets</list>
			<mass>1.308</mass>
			<radius>0.885</radius>
			<period>4.03519</period>
			<semimajoraxis>0.051</semimajoraxis>
			<eccentricity>0.0</eccentricity>
			<inclination>88.02</inclination>
			<transittime errorminus="0.0006" errorplus="0.0006" unit="BJD">2454790.8099</transittime>
			<discoverymethod>transit</discoverymethod>
			<lastupdate>10/07/12</lastupdate>
			<discoveryyear>2010</discoveryyear>
			<temperature>1166.5</temperature>
			<istransiting>1</istransiting>
		</planet>
		<name>CoRoT-13</name>
		<name>Gaia DR2 3101974231859723776</name>
		<temperature>5945.0</temperature>
	</star>
	<constellation>Monoceros</constellation>
</system>
