<system>
	<name>CoRoT-8</name>
	<rightascension>19 26 21.2426</rightascension>
	<declination>+01 25 35.1781</declination>
	<distance>380</distance>
	<star>
		<mass>0.88</mass>
		<radius>0.77</radius>
		<magV>14.797</magV>
		<magB>16.096</magB>
		<magR>14.267</magR>
		<magI errorminus="0.07" errorplus="0.07">13.26</magI>
		<magJ errorminus="0.023" errorplus="0.023">12.154</magJ>
		<magH errorminus="0.024" errorplus="0.024">11.641</magH>
		<magK errorminus="0.021" errorplus="0.021">11.463</magK>
		<metallicity>0.3</metallicity>
		<spectraltype>K1V</spectraltype>
		<planet>
			<name>CoRoT-8 b</name>
			<name>CoRoT-Exo-8 b</name>
			<name>2MASS J19262124+0125352 b</name>
			<name>CoRoTID 101086161 b</name>
			<name>Gaia DR2 4287832775526476800 b</name>
			<list>Confirmed planets</list>
			<mass>0.22</mass>
			<radius>0.57</radius>
			<period>6.21229</period>
			<semimajoraxis>0.063</semimajoraxis>
			<eccentricity>0.0</eccentricity>
			<inclination>88.4</inclination>
			<transittime errorminus="0.0004" errorplus="0.0004" unit="BJD">2454238.9750</transittime>
			<discoverymethod>transit</discoverymethod>
			<lastupdate>10/06/14</lastupdate>
			<discoveryyear>2010</discoveryyear>
			<temperature>783.1</temperature>
			<istransiting>1</istransiting>
		</planet>
		<name>CoRoT-8</name>
		<name>Gaia DR2 4287832775526476800</name>
		<temperature>5080.0</temperature>
	</star>
	<constellation>Aquila</constellation>
</system>
