<system>
	<name>DE CVn</name>
	<rightascension>13 26 53.2714</rightascension>
	<declination>+45 32 46.6870</declination>
	<distance errorminus="0.03" errorplus="0.03">30.55</distance>
	<star>
		<name>DE CVn</name>
		<name>Gaia DR2 1550299304833675392</name>
		<magJ errorminus="0.019" errorplus="0.019">9.392</magJ>
		<magH errorminus="0.028" errorplus="0.028">8.797</magH>
		<magK errorminus="0.019" errorplus="0.019">8.555</magK>
		<mass>0.51</mass>
		<planet>
			<name>DE CVn b</name>
			<name>Gaia DR2 1550299304833675392 b</name>
			<semimajoraxis errorminus="2.020000" errorplus="2.020000">5.750000</semimajoraxis>
			<eccentricity>0.000000</eccentricity>
			<inclination>86.000</inclination>
			<period errorminus="131.50000000" errorplus="131.50000000">4098.10000000</period>
			<description>This planet was discovered by Han et al. 2018. This was a ground based discovery. The parameters listed here are those reported by Han et al. 2018 and were imported into the Open Exoplanet Catalogue from the NASA Exoplanet Archive.</description>
			<mass errorminus="3.00000" errorplus="3.00000">12.00000</mass>
			<discoverymethod>timing</discoverymethod>
			<discoveryyear>2018</discoveryyear>
			<list>Confirmed planets</list>
			<lastupdate>19/07/11</lastupdate>
		</planet>
	</star>
	<constellation>Canes Venatici</constellation>
</system>
