<system>
	<name>DH Tau</name>
	<rightascension>04 29 41.5520</rightascension>
	<declination>+26 32 58.1237</declination>
	<distance>140.01</distance>
	<star>
		<mass>0.4</mass>
		<magV>13.71</magV>
		<magB>15.23</magB>
		<magR>13.01</magR>
		<magJ errorminus="0.021" errorplus="0.021">9.767</magJ>
		<magH errorminus="0.026" errorplus="0.026">8.824</magH>
		<magK errorminus="0.026" errorplus="0.026">8.178</magK>
		<spectraltype>M0.5V</spectraltype>
		<planet>
			<name>DH Tau B</name>
			<name>DH Tauri B</name>
			<list>Confirmed planets</list>
			<mass errorminus="4" errorplus="10">12</mass>
			<spectraltype>M9-M9.5</spectraltype>
			<temperature lowerlimit="2700" upperlimit="2800">2750</temperature>
			<magJ errorminus="0.05" errorplus="0.05">15.71</magJ>
			<magH errorminus="0.04" errorplus="0.04">14.96</magH>
			<magK errorminus="0.02" errorplus="0.02">14.19</magK>
			<separation errorminus="0.003" errorplus="0.003" unit="arcsec">2.344</separation>
			<separation errorminus="0.4" errorplus="0.4" unit="AU">328.2</separation>
			<positionangle errorminus="0.06" errorplus="0.06">139.83</positionangle>
			<discoverymethod>imaging</discoverymethod>
			<lastupdate>11/03/08</lastupdate>
			<discoveryyear>2005</discoveryyear>
			<image>DH Tau</image>
			<imagedescription>This image shows the companion to the star DH Tauri on the lower left. The star itself has been masked to enhance the contrast. Credit: Subaru Telescope, National Astronomical Observatory of Japan.</imagedescription>
		</planet>
		<name>DH Tau</name>
		<name>Gaia DR2 151374202498079872</name>
		<temperature>3840.0</temperature>
	</star>
	<videolink>http://youtu.be/VcvmxphhDQI</videolink>
	<constellation>Taurus</constellation>
</system>
