<system>
	<name>DMPP-1</name>
	<name>HD 38677</name>
	<name>HIP 27305</name>
	<rightascension>05 47 06.2667</rightascension>
	<declination>-10 37 48.8282</declination>
	<distance errorminus="1.00" errorplus="1.00">62.00</distance>
	<star>
		<name>DMPP-1</name>
		<name>HD 38677</name>
		<name>HIP 27305</name>
		<name>TYC 5351-434-1</name>
		<name>Gaia DR2 3011005587574818432</name>
		<radius errorminus="0.02" errorplus="0.02">1.26</radius>
		<magV errorminus="0.012" errorplus="0.012">7.981</magV>
		<magJ errorminus="0.024" errorplus="0.024">7.001</magJ>
		<magH errorminus="0.036" errorplus="0.036">6.746</magH>
		<magK errorminus="0.024" errorplus="0.024">6.690</magK>
		<mass errorminus="0.03" errorplus="0.03">1.21</mass>
		<temperature errorminus="29.00" errorplus="29.00">6196.00</temperature>
		<spectraltype>F8V</spectraltype>
		<planet>
			<name>DMPP-1 b</name>
			<name>HD 38677 b</name>
			<name>HIP 27305 b</name>
			<name>TYC 5351-434-1 b</name>
			<name>Gaia DR2 3011005587574818432 b</name>
			<semimajoraxis errorminus="0.001200" errorplus="0.001200">0.146200</semimajoraxis>
			<eccentricity>0.083000</eccentricity>
			<period errorminus="0.01000000" errorplus="0.01000000">18.57000000</period>
			<description>This planet was discovered by Staab et al. 2019. This was a ground based discovery. The parameters listed here are those reported by Staab et al. 2019 and were imported into the Open Exoplanet Catalogue from the NASA Exoplanet Archive.</description>
			<mass errorminus="0.00500" errorplus="0.00365">0.07636</mass>
			<temperature>877</temperature>
			<discoverymethod>RV</discoverymethod>
			<discoveryyear>2019</discoveryyear>
			<list>Confirmed planets</list>
			<lastupdate>20/01/30</lastupdate>
		</planet>
		<planet>
			<name>DMPP-1 c</name>
			<name>HD 38677 c</name>
			<name>HIP 27305 c</name>
			<name>TYC 5351-434-1 c</name>
			<name>Gaia DR2 3011005587574818432 c</name>
			<semimajoraxis errorminus="0.000700" errorplus="0.000600">0.073300</semimajoraxis>
			<eccentricity>0.057000</eccentricity>
			<period errorminus="0.00200000" errorplus="0.00300000">6.58400000</period>
			<description>This planet was discovered by Staab et al. 2019. This was a ground based discovery. The parameters listed here are those reported by Staab et al. 2019 and were imported into the Open Exoplanet Catalogue from the NASA Exoplanet Archive.</description>
			<mass errorminus="0.00497" errorplus="0.00167">0.03020</mass>
			<temperature>1239</temperature>
			<discoverymethod>RV</discoverymethod>
			<discoveryyear>2019</discoveryyear>
			<list>Confirmed planets</list>
			<lastupdate>20/01/30</lastupdate>
		</planet>
		<planet>
			<name>DMPP-1 d</name>
			<name>HD 38677 d</name>
			<name>HIP 27305 d</name>
			<name>TYC 5351-434-1 d</name>
			<name>Gaia DR2 3011005587574818432 d</name>
			<semimajoraxis errorminus="0.000300" errorplus="0.000400">0.042200</semimajoraxis>
			<eccentricity>0.070000</eccentricity>
			<period errorminus="0.00100000" errorplus="0.00100000">2.88200000</period>
			<description>This planet was discovered by Staab et al. 2019. This was a ground based discovery. The parameters listed here are those reported by Staab et al. 2019 and were imported into the Open Exoplanet Catalogue from the NASA Exoplanet Archive.</description>
			<mass errorminus="0.00107" errorplus="0.00120">0.01054</mass>
			<temperature>1632</temperature>
			<discoverymethod>RV</discoverymethod>
			<discoveryyear>2019</discoveryyear>
			<list>Confirmed planets</list>
			<lastupdate>20/01/30</lastupdate>
		</planet>
		<planet>
			<name>DMPP-1 e</name>
			<name>HD 38677 e</name>
			<name>HIP 27305 e</name>
			<name>TYC 5351-434-1 e</name>
			<name>Gaia DR2 3011005587574818432 e</name>
			<semimajoraxis errorminus="0.000500" errorplus="0.000500">0.065100</semimajoraxis>
			<eccentricity>0.070000</eccentricity>
			<period errorminus="0.00400000" errorplus="0.00200000">5.51600000</period>
			<description>This planet was discovered by Staab et al. 2019. This was a ground based discovery. The parameters listed here are those reported by Staab et al. 2019 and were imported into the Open Exoplanet Catalogue from the NASA Exoplanet Archive.</description>
			<mass errorminus="0.00359" errorplus="0.00208">0.01299</mass>
			<temperature>1314</temperature>
			<discoverymethod>RV</discoverymethod>
			<discoveryyear>2019</discoveryyear>
			<list>Confirmed planets</list>
			<lastupdate>20/01/30</lastupdate>
		</planet>
	</star>
	<constellation>Orion</constellation>
</system>
