<system>
	<name>DS Tuc A</name>
	<name>HD 222259 A</name>
	<name>HIP 116748 A</name>
	<rightascension>23 39 39</rightascension>
	<declination>-69 11 45</declination>
	<distance errorminus="0.07" errorplus="0.07">44.12</distance>
	<star>
		<name>DS Tuc A</name>
		<name>HD 222259 A</name>
		<name>HIP 116748 A</name>
		<radius errorminus="0.03" errorplus="0.03">0.96</radius>
		<magV errorminus="0.012" errorplus="0.012">8.469</magV>
		<magJ errorminus="0.024" errorplus="0.024">7.122</magJ>
		<magH errorminus="0.022" errorplus="0.022">6.759</magH>
		<magK errorminus="0.034" errorplus="0.034">6.676</magK>
		<mass errorminus="0.06" errorplus="0.06">1.01</mass>
		<temperature errorminus="80.00" errorplus="80.00">5428.00</temperature>
		<metallicity>0.000</metallicity>
		<spectraltype>G6V</spectraltype>
		<planet>
			<name>DS Tuc A b</name>
			<name>HD 222259 A b</name>
			<name>HIP 116748 A b</name>
			<eccentricity>0.000000</eccentricity>
			<inclination errorminus="0.410" errorplus="0.340">89.500</inclination>
			<period errorminus="0.00001100" errorplus="0.00001100">8.13826800</period>
			<description>This planet was discovered by Newton et al. 2019. The discovery was made with a space based telescope (0.1 m TESS Telescope). The parameters listed here are those reported by Newton et al. 2019 and were imported into the Open Exoplanet Catalogue from the NASA Exoplanet Archive.</description>
			<radius errorminus="0.015" errorplus="0.015">0.509</radius>
			<temperature>850</temperature>
			<discoverymethod>transit</discoverymethod>
			<istransiting>1</istransiting>
			<discoveryyear>2019</discoveryyear>
			<list>Confirmed planets</list>
			<lastupdate>19/07/11</lastupdate>
			<transittime errorminus="0.000260" errorplus="0.000260">2458332.309970</transittime>
		</planet>
	</star>
	<constellation>Tucana</constellation>
</system>
