<system>
	<name>DX Cancri</name>
	<name>G 51-15</name>
	<distance errorminus="0.0017170" errorplus="0.0017170">3.5804910</distance>
	<rightascension>08 29 49.3528</rightascension>
	<declination>+26 46 37</declination>
	<star>
		<name>DX Cancri</name>
		<name>G 51-15</name>
		<name>Gaia DR2 703790044252850688</name>
		<name>GJ 1111</name>
		<spectraltype>M6.5Ve</spectraltype>
		<mass>0.09</mass>
		<magV>16.98</magV>
		<discoveryyear>1972</discoveryyear>
	</star>
	<constellation>Cancer</constellation>
</system>
