<system>
	<name>EPIC 216468514</name>
	<name>K2-107</name>
	<rightascension>18 59 56.4921</rightascension>
	<declination>-22 17 36.2448</declination>
	<distance errorminus="19.9" errorplus="19.9">698.1</distance>
	<star>
		<name>EPIC 216468514</name>
		<name>K2-107</name>
		<name>2MASS J18595649-2217363</name>
		<name>Gaia DR2 4081684580199958528</name>
		<age>4.25</age>
		<radius>1.78</radius>
		<mass>1.3</mass>
		<magV errorminus="0.01" errorplus="0.01">12.92</magV>
		<magB errorminus="0.01" errorplus="0.01">13.64</magB>
		<spectraltype>F9IV</spectraltype>
		<temperature>6030.0</temperature>
		<metallicity>0.1</metallicity>
		<planet>
			<name>EPIC 216468514 b</name>
			<name>K2-107 b</name>
			<name>Gaia DR2 4081684580199958528 b</name>
			<semimajoraxis errorminus="0.005" errorplus="0.005">0.048</semimajoraxis>
			<inclination errorminus="0.7" errorplus="0.7">81.9</inclination>
			<period errorminus="0.000020" errorplus="0.000020">3.31392</period>
			<mass errorminus="0.08" errorplus="0.08">0.84</mass>
			<radius errorminus="0.15" errorplus="0.15">1.44</radius>
			<istransiting>1</istransiting>
			<discoverymethod>transit</discoverymethod>
			<discoveryyear>2016</discoveryyear>
			<lastupdate>17/02/21</lastupdate>
			<list>Confirmed planets</list>
			<description>Data for this planet was imported from the exoplanet.eu database.</description>
		</planet>
	</star>
	<constellation>Sagittarius</constellation>
</system>
