<system>
	<name>EPIC 211391664</name>
	<name>K2-98</name>
	<rightascension>08 25 57.1875</rightascension>
	<declination>+11 30 40.0834</declination>
	<distance>435.0</distance>
	<star>
		<name>EPIC 211391664</name>
		<name>K2-98</name>
		<name>2MASS J08255719+1130402</name>
		<name>Gaia DR2 601199802584914816</name>
		<age>5.2</age>
		<radius>1.311</radius>
		<mass>1.074</mass>
		<magV errorminus="0.03" errorplus="0.03">12.17</magV>
		<magB errorminus="0.03" errorplus="0.03">12.65</magB>
		<magR errorminus="0.05" errorplus="0.05">12.13</magR>
		<magJ errorminus="0.022" errorplus="0.022">11.124</magJ>
		<magH errorminus="0.025" errorplus="0.025">10.905</magH>
		<magK errorminus="0.028" errorplus="0.028">10.869</magK>
		<spectraltype>F8V</spectraltype>
		<temperature>6120.0</temperature>
		<metallicity>-0.2</metallicity>
		<planet>
			<name>EPIC 211391664 b</name>
			<name>K2-98 b</name>
			<name>Gaia DR2 601199802584914816 b</name>
			<semimajoraxis errorminus="0.0052" errorplus="0.0061">0.0943</semimajoraxis>
			<inclination errorminus="0.7" errorplus="0.5">89.0</inclination>
			<period errorminus="0.000330" errorplus="0.000330">10.13675</period>
			<mass errorminus="0.025" errorplus="0.025">0.101</mass>
			<radius errorminus="0.018" errorplus="0.027">0.38</radius>
			<istransiting>1</istransiting>
			<discoverymethod>transit</discoverymethod>
			<discoveryyear>2016</discoveryyear>
			<lastupdate>18/07/24</lastupdate>
			<list>Confirmed planets</list>
			<description>Data for this planet was imported from the exoplanet.eu database.</description>
			<transittime errorminus="0.0016" errorplus="0.0015" unit="BJD">2457145.9800</transittime>
		</planet>
	</star>
	<constellation>Cancer</constellation>
</system>
