<system>
	<name>EPIC 212424622</name>
	<rightascension>13 29 19.5433</rightascension>
	<declination>-14 21 34.0230</declination>
	<distance errorminus="10.40" errorplus="10.40">622.67</distance>
	<star>
		<name>EPIC 212424622</name>
		<name>Gaia DR2 3608139421926380544</name>
		<magV errorminus="0.040" errorplus="0.040">13.354</magV>
		<magJ errorminus="0.021" errorplus="0.021">12.101</magJ>
		<magH errorminus="0.023" errorplus="0.023">11.841</magH>
		<magK errorminus="0.021" errorplus="0.021">11.775</magK>
		<magB errorminus="0.05" errorplus="0.05">13.97</magB>
		<magR errorminus="0.09" errorplus="0.09">13.34</magR>
		<mass errorminus="0.12" errorplus="0.14">1.11</mass>
		<planet>
			<name>EPIC 212424622 b</name>
			<name>Gaia DR2 3608139421926380544 b</name>
			<period errorminus="0.00580000" errorplus="0.00600000">18.09830000</period>
			<description>This planet was discovered by Heller et al. 2019. The discovery was made with a space based telescope (0.95 m Kepler Telescope). The parameters listed here are those reported by Heller et al. 2019 and were imported into the Open Exoplanet Catalogue from the NASA Exoplanet Archive.</description>
			<radius errorminus="0.037" errorplus="0.060">0.194</radius>
			<discoverymethod>transit</discoverymethod>
			<istransiting>1</istransiting>
			<discoveryyear>2019</discoveryyear>
			<list>Confirmed planets</list>
			<lastupdate>19/06/13</lastupdate>
			<transittime errorminus="0.006900" errorplus="0.009000">2457263.261600</transittime>
		</planet>
	</star>
	<constellation>Virgo</constellation>
</system>
