<system>
	<name>EPIC 201295312</name>
	<name>K2-44</name>
	<rightascension>11 36 02.7919</rightascension>
	<declination>-02 31 15.1678</declination>
	<distance errorminus="35" errorplus="61">331</distance>
	<star>
		<name>EPIC 201295312</name>
		<name>2MASS J11360278-0231150</name>
		<name>K2-44</name>
		<name>Gaia DR2 3793339378098543616</name>
		<mass errorminus="0.07" errorplus="0.07">1.13</mass>
		<radius errorminus="0.10" errorplus="0.10">1.52</radius>
		<temperature errorminus="70" errorplus="70">5830</temperature>
		<magB errorminus="0.040" errorplus="0.040">12.782</magB>
		<magV errorminus="0.120" errorplus="0.120">12.189</magV>
		<magJ errorminus="0.03" errorplus="0.03">11.02</magJ>
		<magH errorminus="0.02" errorplus="0.02">10.7</magH>
		<magK errorminus="0.02" errorplus="0.02">10.69</magK>
		<magI errorminus="0.04" errorplus="0.04">11.462</magI>
		<magR errorminus="0.06" errorplus="0.06">12.18</magR>
		<metallicity errorminus="0.07" errorplus="0.07">0.13</metallicity>
		<planet>
			<name>EPIC 201295312 b</name>
			<name>EPIC 201295312.01</name>
			<name>K2-44 b</name>
			<name>Gaia DR2 3793339378098543616 b</name>
			<list>Confirmed planets</list>
			<radius errorminus="0.0196" errorplus="0.0214">0.2453</radius>
			<period errorminus="0.00075" errorplus="0.00075">5.65639</period>
			<transittime errorminus="0.0049" errorplus="0.0049" unit="BJD">2456811.7191</transittime>
			<eccentricity errorminus="0.09" errorplus="0.22">0.12</eccentricity>
			<mass upperlimit="0.03776" />
			<impactparameter errorminus="0.26" errorplus="0.25">0.43</impactparameter>
			<description>This planet was discovered by the Kepler spacecraft during its extended K2 mission, Campaign 1.</description>
			<discoverymethod>transit</discoverymethod>
			<istransiting>1</istransiting>
			<lastupdate>16/03/07</lastupdate>
			<discoveryyear>2015</discoveryyear>
		</planet>
	</star>
	<constellation>Leo</constellation>
</system>
