<system>
	<name>EPIC 201238110</name>
	<rightascension>11 58 49.4307</rightascension>
	<declination>-03 23 21.8679</declination>
	<distance errorminus="1.40" errorplus="1.40">159.98</distance>
	<star>
		<name>EPIC 201238110</name>
		<name>Gaia DR2 3600975145895223040</name>
		<magJ errorminus="0.023" errorplus="0.023">12.759</magJ>
		<magH errorminus="0.021" errorplus="0.021">12.147</magH>
		<magK errorminus="0.024" errorplus="0.024">11.933</magK>
		<mass errorminus="0.05" errorplus="0.11">0.41</mass>
		<planet>
			<name>EPIC 201238110 b</name>
			<name>Gaia DR2 3600975145895223040 b</name>
			<period errorminus="0.00280000" errorplus="0.00270000">28.16560000</period>
			<description>This planet was discovered by Heller et al. 2019. The discovery was made with a space based telescope (0.95 m Kepler Telescope). The parameters listed here are those reported by Heller et al. 2019 and were imported into the Open Exoplanet Catalogue from the NASA Exoplanet Archive.</description>
			<radius errorminus="0.040" errorplus="0.018">0.167</radius>
			<discoverymethod>transit</discoverymethod>
			<istransiting>1</istransiting>
			<discoveryyear>2019</discoveryyear>
			<list>Confirmed planets</list>
			<lastupdate>19/06/13</lastupdate>
			<transittime errorminus="0.002300" errorplus="0.002300">2456852.657200</transittime>
		</planet>
	</star>
	<constellation>Virgo</constellation>
</system>
