<system>
	<name>EPIC 201497682</name>
	<rightascension>11 15 44.7913</rightascension>
	<declination>+00 29 17.2049</declination>
	<distance errorminus="1.68" errorplus="1.68">254.88</distance>
	<star>
		<name>EPIC 201497682</name>
		<name>Gaia DR2 3810098271767907840</name>
		<magV errorminus="0.060" errorplus="0.060">14.102</magV>
		<magJ errorminus="0.023" errorplus="0.023">12.086</magJ>
		<magH errorminus="0.022" errorplus="0.022">11.540</magH>
		<magK errorminus="0.026" errorplus="0.026">11.438</magK>
		<mass errorminus="0.17" errorplus="0.09">0.78</mass>
		<planet>
			<name>EPIC 201497682 b</name>
			<name>Gaia DR2 3810098271767907840 b</name>
			<period errorminus="0.00022000" errorplus="0.00022000">2.13174000</period>
			<description>This planet was discovered by Heller et al. 2019. The discovery was made with a space based telescope (0.95 m Kepler Telescope). The parameters listed here are those reported by Heller et al. 2019 and were imported into the Open Exoplanet Catalogue from the NASA Exoplanet Archive.</description>
			<radius errorminus="0.004" errorplus="0.005">0.062</radius>
			<discoverymethod>transit</discoverymethod>
			<istransiting>1</istransiting>
			<discoveryyear>2019</discoveryyear>
			<list>Confirmed planets</list>
			<lastupdate>19/06/13</lastupdate>
			<transittime errorminus="0.002600" errorplus="0.002800">2456850.026300</transittime>
		</planet>
	</star>
	<constellation>Leo</constellation>
</system>
