<system>
	<name>EPIC 201403446</name>
	<name>K2-46</name>
	<rightascension>11 37 03.923</rightascension>
	<declination>-00 54 26.14</declination>
	<distance errorminus="48" errorplus="86">362</distance>
	<binary>
		<star>
			<name>EPIC 201403446</name>
			<name>K2-46</name>
			<name>2MASS J11370392-0054262</name>
			<mass errorminus="0.06" errorplus="0.08">1.01</mass>
			<radius errorminus="0.14" errorplus="0.26">1.12</radius>
			<temperature errorminus="111" errorplus="81">6445</temperature>
			<magB errorminus="0.020" errorplus="0.020">12.485</magB>
			<magV errorminus="0.020" errorplus="0.020">12.029</magV>
			<magJ errorminus="0.03" errorplus="0.03">11.05</magJ>
			<magH errorminus="0.02" errorplus="0.02">10.76</magH>
			<magK errorminus="0.02" errorplus="0.02">10.78</magK>
			<metallicity errorminus="0.13" errorplus="0.15">-0.5</metallicity>
			<planet>
				<name>EPIC 201403446 b</name>
				<name>EPIC 201403446.01</name>
				<name>K2-46 b</name>
				<list>Controversial</list>
				<radius errorminus="0.042" errorplus="0.042">0.188</radius>
				<period errorminus="0.00607" errorplus="0.00607">19.15344</period>
				<transittime errorminus="0.0152" errorplus="0.0152" unit="BJD">2456815.3412</transittime>
				<semimajoraxis errorminus="0.004" errorplus="0.004">0.1408</semimajoraxis>
				<temperature errorminus="88" errorplus="88">889</temperature>
				<description>This planet was discovered by the Kepler spacecraft during its extended K2 mission, Campaign 1.</description>
				<discoverymethod>transit</discoverymethod>
				<istransiting>1</istransiting>
				<lastupdate>18/07/24</lastupdate>
				<discoveryyear>2015</discoveryyear>
				<list>Planets in binary systems, S-type</list>
				<inclination errorminus="1.7" errorplus="1.0">88.6</inclination>
			</planet>
		</star>
		<star>
			<name>EPIC 201403446 B</name>
		</star>
		<separation errorminus="0.14" errorplus="0.14" unit="arcsec">9.78</separation>
	</binary>
	<constellation>Leo</constellation>
</system>
