<system>
	<name>EPIC 201577035</name>
	<name>K2-10</name>
	<rightascension>11 28 29.2704</rightascension>
	<declination>+01 41 26.2770</declination>
	<distance errorminus="21" errorplus="48">271</distance>
	<star>
		<name>EPIC 201577035</name>
		<name>K2-10</name>
		<name>2MASS J11282927+0141264</name>
		<name>Gaia DR2 3798690151434945280</name>
		<mass errorminus="0.05" errorplus="0.05">0.92</mass>
		<radius errorminus="0.08" errorplus="0.08">0.98</radius>
		<temperature errorminus="70" errorplus="70">5620</temperature>
		<magB errorminus="0.110" errorplus="0.110">13.138</magB>
		<magV errorminus="0.020" errorplus="0.020">12.418</magV>
		<magJ errorminus="0.02" errorplus="0.02">11.06</magJ>
		<magH errorminus="0.02" errorplus="0.02">10.75</magH>
		<magK errorminus="0.02" errorplus="0.02">10.64</magK>
		<magR errorminus="0.06" errorplus="0.06">12.29</magR>
		<metallicity errorminus="0.07" errorplus="0.07">-0.07</metallicity>
		<planet>
			<name>EPIC 201577035 b</name>
			<name>EPIC 201577035.01</name>
			<name>K2-10 b</name>
			<name>Gaia DR2 3798690151434945280 b</name>
			<list>Confirmed planets</list>
			<radius errorminus="0.0303" errorplus="0.0312">0.3426</radius>
			<period errorminus="0.0012" errorplus="0.0012">19.3044</period>
			<transittime errorminus="0.0021" errorplus="0.0021" unit="BJD">2456819.5814</transittime>
			<eccentricity errorminus="0.18" errorplus="0.16">0.31</eccentricity>
			<impactparameter errorminus="0.27" errorplus="0.27">0.40</impactparameter>
			<mass errorminus="0.0503" errorplus="0.0535">0.0850</mass>
			<description>This planet was discovered by the Kepler spacecraft during its extended K2 mission, Campaign 1.</description>
			<discoverymethod>transit</discoverymethod>
			<istransiting>1</istransiting>
			<lastupdate>16/03/07</lastupdate>
			<discoveryyear>2015</discoveryyear>
		</planet>
	</star>
	<constellation>Leo</constellation>
</system>
