<system>
	<name>EPIC 212587672</name>
	<rightascension>13 41 46.6984</rightascension>
	<declination>-10 51 44.7891</declination>
	<distance errorminus="6.33" errorplus="6.33">322.88</distance>
	<star>
		<name>EPIC 212587672</name>
		<name>Gaia DR2 3616620814104819328</name>
		<name>TYC 5549-288-1</name>
		<magV errorminus="0.268" errorplus="0.268">12.487</magV>
		<magJ errorminus="0.023" errorplus="0.023">11.181</magJ>
		<magH errorminus="0.021" errorplus="0.021">10.911</magH>
		<magK errorminus="0.021" errorplus="0.021">10.857</magK>
		<magB errorminus="0.29" errorplus="0.29">12.69</magB>
		<mass errorminus="0.04" errorplus="0.04">0.95</mass>
		<planet>
			<name>EPIC 212587672 b</name>
			<name>Gaia DR2 3616620814104819328 b</name>
			<name>TYC 5549-288-1 b</name>
			<period errorminus="0.00290000" errorplus="0.00370000">15.28410000</period>
			<description>This planet was discovered by Heller et al. 2019. The discovery was made with a space based telescope (0.95 m Kepler Telescope). The parameters listed here are those reported by Heller et al. 2019 and were imported into the Open Exoplanet Catalogue from the NASA Exoplanet Archive.</description>
			<radius errorminus="0.008" errorplus="0.011">0.100</radius>
			<discoverymethod>transit</discoverymethod>
			<istransiting>1</istransiting>
			<discoveryyear>2019</discoveryyear>
			<list>Confirmed planets</list>
			<lastupdate>19/06/13</lastupdate>
			<transittime errorminus="0.005400" errorplus="0.005300">2457273.490600</transittime>
		</planet>
	</star>
	<constellation>Virgo</constellation>
</system>
