<system>
	<name>EPIC 228754001</name>
	<name>K2-132</name>
	<rightascension>12 08 39.9335</rightascension>
	<declination>-08 44 49.8466</declination>
	<distance errorminus="17.434" errorplus="17.434">620.42</distance>
	<star>
		<name>EPIC 228754001</name>
		<name>K2-132</name>
		<name>2MASS J12083992-0844497</name>
		<name>Gaia DR2 3582339626395387264</name>
		<magV errorminus="0.030" errorplus="0.030">11.897</magV>
		<magB errorminus="0.050" errorplus="0.050">12.934</magB>
		<magH errorminus="0.022" errorplus="0.022">9.637</magH>
		<magJ errorminus="0.022" errorplus="0.022">10.153</magJ>
		<magK errorminus="0.023" errorplus="0.023">9.540</magK>
		<age>5.5</age>
		<radius>4.11</radius>
		<mass>1.19</mass>
		<spectraltype>K</spectraltype>
		<temperature>4878.0</temperature>
		<metallicity>-0.11</metallicity>
		<planet>
			<name>EPIC 228754001 b</name>
			<name>K2-132 b</name>
			<name>Gaia DR2 3582339626395387264 b</name>
			<semimajoraxis errorminus="0.0006" errorplus="0.0006">0.0916</semimajoraxis>
			<periastron errorminus="4.2" errorplus="4.0">82.6</periastron>
			<eccentricity errorminus="0.049" errorplus="0.049">0.29</eccentricity>
			<inclination errorminus="0.51" errorplus="0.47">77.56</inclination>
			<period errorminus="0.002500" errorplus="0.002500">9.1708</period>
			<mass errorminus="0.0063" errorplus="0.0068">0.495</mass>
			<radius errorminus="0.006" errorplus="0.006">1.089</radius>
			<istransiting>1</istransiting>
			<discoverymethod>transit</discoverymethod>
			<discoveryyear>2017</discoveryyear>
			<lastupdate>17/07/12</lastupdate>
			<list>Confirmed planets</list>
			<description>Data for this planet was imported from the exoplanet.eu database.</description>
		</planet>
	</star>
	<constellation>Virgo</constellation>
</system>
