<system>
	<name>EPIC 220504338</name>
	<name>K2-113</name>
	<rightascension>01 17 47.8306</rightascension>
	<declination>+06 42 08</declination>
	<distance>553.4</distance>
	<star>
		<name>EPIC 220504338</name>
		<name>K2-113</name>
		<name>2MASS J01174783+0652080</name>
		<name>Gaia DR2 2564787622577189760</name>
		<age>5.9</age>
		<radius>1.047</radius>
		<mass>1.007</mass>
		<spectraltype>G</spectraltype>
		<temperature>5627.0</temperature>
		<metallicity>0.18</metallicity>
		<planet>
			<name>EPIC 220504338 b</name>
			<name>K2-113 b</name>
			<name>Gaia DR2 2564787622577189760 b</name>
			<semimajoraxis errorminus="0.0057" errorplus="0.0074">0.0575</semimajoraxis>
			<eccentricity>0.0</eccentricity>
			<inclination errorminus="0.042" errorplus="0.54">86.44</inclination>
			<period errorminus="0.000040" errorplus="0.000040">5.817712</period>
			<mass errorminus="0.12" errorplus="0.12">1.28</mass>
			<radius errorminus="0.07" errorplus="0.1">0.91</radius>
			<istransiting>1</istransiting>
			<discoverymethod>transit</discoverymethod>
			<discoveryyear>2016</discoveryyear>
			<lastupdate>16/11/24</lastupdate>
			<list>Confirmed planets</list>
			<description>Data for this planet was imported from the exoplanet.eu database.</description>
		</planet>
	</star>
	<constellation>Pisces</constellation>
</system>
