<system>
	<name>EPIC 201565013</name>
	<rightascension>11 47 58.1262</rightascension>
	<declination>+01 30 36.9786</declination>
	<distance errorminus="38" errorplus="154">506</distance>
	<star>
		<name>EPIC 201565013</name>
		<name>Gaia DR2 3796418010656112256</name>
		<mass errorminus="0.03" errorplus="0.13">0.51</mass>
		<radius errorminus="0.03" errorplus="0.12">0.5</radius>
		<temperature errorminus="68" errorplus="142">3987</temperature>
		<magJ errorminus="0.04" errorplus="0.04">14.78</magJ>
		<magH errorminus="0.05" errorplus="0.05">14.11</magH>
		<magK errorminus="0.07" errorplus="0.07">14.08</magK>
		<metallicity errorminus="0.08" errorplus="0.47">-0.44</metallicity>
		<planet>
			<name>EPIC 201565013 b</name>
			<name>EPIC 201565013.01</name>
			<name>Gaia DR2 3796418010656112256 b</name>
			<list>Controversial</list>
			<radius errorminus="0.846" errorplus="0.846">1.472</radius>
			<period errorminus="0.00024" errorplus="0.00024">8.6381</period>
			<transittime errorminus="0.0016" errorplus="0.0016" unit="BJD">2456811.4284</transittime>
			<semimajoraxis errorminus="0.0031" errorplus="0.0031">0.0669</semimajoraxis>
			<temperature errorminus="37" errorplus="37">536</temperature>
			<description>This planet was discovered by the Kepler spacecraft during its extended K2 mission, Campaign 1.</description>
			<discoverymethod>transit</discoverymethod>
			<istransiting>1</istransiting>
			<lastupdate>15/07/07</lastupdate>
			<discoveryyear>2015</discoveryyear>
		</planet>
	</star>
	<constellation>Virgo</constellation>
</system>
