<system>
	<name>EPIC 248847494</name>
	<rightascension>10 37 33.4202</rightascension>
	<declination>+11 50 33.8754</declination>
	<distance errorminus="13.00" errorplus="13.00">560.00</distance>
	<star>
		<name>EPIC 248847494</name>
		<name>Gaia DR2 3882879683758393344</name>
		<radius errorminus="0.12" errorplus="0.12">2.70</radius>
		<magV errorminus="0.020" errorplus="0.020">12.416</magV>
		<magJ errorminus="0.023" errorplus="0.023">10.765</magJ>
		<magH errorminus="0.022" errorplus="0.022">10.235</magH>
		<magK errorminus="0.020" errorplus="0.020">10.148</magK>
		<magB errorminus="0.07" errorplus="0.07">13.33</magB>
		<magR errorminus="0.07" errorplus="0.07">12.17</magR>
		<mass errorminus="0.09" errorplus="0.09">0.90</mass>
		<temperature errorminus="68.00" errorplus="68.00">4898.00</temperature>
		<metallicity errorminus="0.040" errorplus="0.040">-0.230</metallicity>
		<planet>
			<name>EPIC 248847494 b</name>
			<name>Gaia DR2 3882879683758393344 b</name>
			<semimajoraxis errorminus="1.000000" errorplus="1.000000">4.500000</semimajoraxis>
			<eccentricity>0.000000</eccentricity>
			<inclination errorminus="0.030" errorplus="0.020">89.870</inclination>
			<period errorminus="1130.00000000" errorplus="1280.00000000">3650.00000000</period>
			<description>This planet was discovered by Giles et al. 2018. The discovery was made with a space based telescope (0.95 m Kepler Telescope). The parameters listed here are those reported by Giles et al. 2018 and were imported into the Open Exoplanet Catalogue from the NASA Exoplanet Archive.</description>
			<mass>13.00000</mass>
			<radius errorminus="0.070" errorplus="0.070">1.110</radius>
			<temperature errorminus="18" errorplus="25">183</temperature>
			<discoverymethod>transit</discoverymethod>
			<istransiting>1</istransiting>
			<discoveryyear>2018</discoveryyear>
			<list>Confirmed planets</list>
			<lastupdate>19/07/25</lastupdate>
			<transittime errorminus="0.010000" errorplus="0.010000">2457967.170000</transittime>
		</planet>
	</star>
	<constellation>Leo</constellation>
</system>
