<system>
	<name>EPIC 212737443</name>
	<rightascension>13 36 53.2097</rightascension>
	<declination>-07 19 05.3513</declination>
	<distance errorminus="12.01" errorplus="12.01">347.45</distance>
	<star>
		<name>EPIC 212737443</name>
		<name>Gaia DR2 3630680754621236096</name>
		<radius errorminus="0.02" errorplus="0.02">0.67</radius>
		<magV errorminus="0.013" errorplus="0.013">14.836</magV>
		<magI errorminus="0.017" errorplus="0.017">13.626</magI>
		<magJ errorminus="0.026" errorplus="0.026">12.824</magJ>
		<magH errorminus="0.026" errorplus="0.026">12.239</magH>
		<magK errorminus="0.024" errorplus="0.024">12.160</magK>
		<magB errorminus="0.0034" errorplus="0.0034">15.963</magB>
		<magR errorminus="0.12" errorplus="0.12">14.58</magR>
		<mass errorminus="0.04" errorplus="0.04">0.69</mass>
		<temperature errorminus="79.00" errorplus="79.00">4684.00</temperature>
		<metallicity errorminus="0.127" errorplus="0.127">-0.137</metallicity>
		<spectraltype>K3</spectraltype>
		<planet>
			<name>EPIC 212737443 b</name>
			<name>Gaia DR2 3630680754621236096 b</name>
			<semimajoraxis errorminus="0.004000" errorplus="0.004000">0.098000</semimajoraxis>
			<eccentricity errorminus="0.200000" errorplus="0.200000">0.200000</eccentricity>
			<inclination errorminus="0.161" errorplus="0.161">89.071</inclination>
			<period errorminus="0.00130000" errorplus="0.00130000">13.60300000</period>
			<description>This planet was discovered by Herath et al. 2019. The discovery was made with a space based telescope (0.95 m Kepler Telescope). The parameters listed here are those reported by Herath et al. 2019 and were imported into the Open Exoplanet Catalogue from the NASA Exoplanet Archive.</description>
			<radius errorminus="0.011" errorplus="0.011">0.231</radius>
			<temperature errorminus="18" errorplus="18">536</temperature>
			<discoverymethod>transit</discoverymethod>
			<istransiting>1</istransiting>
			<discoveryyear>2019</discoveryyear>
			<list>Confirmed planets</list>
			<lastupdate>19/07/25</lastupdate>
			<transittime errorminus="0.004000" errorplus="0.004000">2457234.970000</transittime>
		</planet>
		<planet>
			<name>EPIC 212737443 c</name>
			<name>Gaia DR2 3630680754621236096 c</name>
			<semimajoraxis errorminus="0.006000" errorplus="0.006000">0.280000</semimajoraxis>
			<eccentricity errorminus="0.200000" errorplus="0.200000">0.200000</eccentricity>
			<inclination errorminus="0.044" errorplus="0.044">89.630</inclination>
			<period errorminus="0.00890000" errorplus="0.00890000">65.55000000</period>
			<description>This planet was discovered by Herath et al. 2019. The discovery was made with a space based telescope (0.95 m Kepler Telescope). The parameters listed here are those reported by Herath et al. 2019 and were imported into the Open Exoplanet Catalogue from the NASA Exoplanet Archive.</description>
			<radius errorminus="0.013" errorplus="0.013">0.240</radius>
			<temperature errorminus="10" errorplus="10">316</temperature>
			<discoverymethod>transit</discoverymethod>
			<istransiting>1</istransiting>
			<discoveryyear>2019</discoveryyear>
			<list>Confirmed planets</list>
			<lastupdate>19/07/25</lastupdate>
			<transittime errorminus="0.005000" errorplus="0.005000">2457227.790000</transittime>
		</planet>
	</star>
	<constellation>Virgo</constellation>
</system>
