<system>
	<name>EPIC 212499991</name>
	<rightascension>13 29 57.3050</rightascension>
	<declination>-12 44 05.0721</declination>
	<distance errorminus="2.05" errorplus="2.05">285.61</distance>
	<star>
		<name>EPIC 212499991</name>
		<name>Gaia DR2 3610090784483619456</name>
		<magV errorminus="0.020" errorplus="0.020">13.552</magV>
		<magJ errorminus="0.026" errorplus="0.026">11.877</magJ>
		<magH errorminus="0.026" errorplus="0.026">11.456</magH>
		<magK errorminus="0.023" errorplus="0.023">11.366</magK>
		<magB errorminus="0.07" errorplus="0.07">14.45</magB>
		<magR errorminus="0.08" errorplus="0.08">13.44</magR>
		<mass errorminus="0.16" errorplus="0.04">0.91</mass>
		<planet>
			<name>EPIC 212499991 b</name>
			<name>Gaia DR2 3610090784483619456 b</name>
			<period errorminus="0.01000000" errorplus="0.01100000">34.88500000</period>
			<description>This planet was discovered by Heller et al. 2019. The discovery was made with a space based telescope (0.95 m Kepler Telescope). The parameters listed here are those reported by Heller et al. 2019 and were imported into the Open Exoplanet Catalogue from the NASA Exoplanet Archive.</description>
			<radius errorminus="0.014" errorplus="0.012">0.143</radius>
			<discoverymethod>transit</discoverymethod>
			<istransiting>1</istransiting>
			<discoveryyear>2019</discoveryyear>
			<list>Confirmed planets</list>
			<lastupdate>19/06/13</lastupdate>
			<transittime errorminus="0.009600" errorplus="0.008100">2457280.625400</transittime>
		</planet>
	</star>
	<constellation>Virgo</constellation>
</system>
