<system>
	<name>EPIC 246193072</name>
	<name>K2-329</name>
	<rightascension>23 24 32</rightascension>
	<declination>-05 09 51</declination>
	<distance errorminus="2.81" errorplus="2.81">230.36</distance>
	<star>
		<name>EPIC 246193072</name>
		<name>K2-329</name>
		<radius errorminus="0.02" errorplus="0.03">0.82</radius>
		<magV errorminus="0.080" errorplus="0.080">12.697</magV>
		<magJ errorminus="0.023" errorplus="0.023">11.174</magJ>
		<magH errorminus="0.028" errorplus="0.028">10.798</magH>
		<magK errorminus="0.023" errorplus="0.023">10.668</magK>
		<mass errorminus="0.05" errorplus="0.05">0.90</mass>
		<temperature errorminus="39.00" errorplus="40.00">5282.00</temperature>
		<metallicity errorminus="0.070" errorplus="0.065">0.098</metallicity>
		<planet>
			<name>EPIC 246193072 b</name>
			<name>K2-329</name>
			<semimajoraxis errorminus="0.001900" errorplus="0.001800">0.101600</semimajoraxis>
			<eccentricity errorminus="0.040000" errorplus="0.041000">0.069700</eccentricity>
			<periastron errorminus="30.0000" errorplus="22.0000">161.0000</periastron>
			<inclination errorminus="0.090" errorplus="0.110">89.220</inclination>
			<period errorminus="0.00000310" errorplus="0.00000310">12.45512250</period>
			<description>This planet was discovered by Sha et al. 2020. The discovery was made with a space based telescope (0.95 m Kepler Telescope). The parameters listed here are those reported by Sha et al. 2020 and were imported into the Open Exoplanet Catalogue from the NASA Exoplanet Archive.</description>
			<mass errorminus="0.02200" errorplus="0.02000">0.26000</mass>
			<radius errorminus="0.024" errorplus="0.026">0.774</radius>
			<temperature errorminus="70" errorplus="53">650</temperature>
			<discoverymethod>transit</discoverymethod>
			<istransiting>1</istransiting>
			<discoveryyear>2020</discoveryyear>
			<list>Confirmed planets</list>
			<lastupdate>20/11/19</lastupdate>
			<transittime errorminus="0.000075" errorplus="0.000073">2457773.157267</transittime>
		</planet>
	</star>
	<constellation>Aquarius</constellation>
</system>
