<system>
	<name>EPIC 206317286</name>
	<rightascension>22 30 28.2226</rightascension>
	<declination>-07 58 20.6494</declination>
	<distance errorminus="2.94" errorplus="2.94">317.20</distance>
	<star>
		<name>EPIC 206317286</name>
		<name>Gaia DR2 2621545958991110144</name>
		<magV errorminus="0.036" errorplus="0.036">14.051</magV>
		<magJ errorminus="0.026" errorplus="0.026">12.258</magJ>
		<magH errorminus="0.021" errorplus="0.021">11.720</magH>
		<magK errorminus="0.025" errorplus="0.025">11.635</magK>
		<mass errorminus="0.03" errorplus="0.09">0.71</mass>
		<planet>
			<name>EPIC 206317286 b</name>
			<name>Gaia DR2 2621545958991110144 b</name>
			<period errorminus="0.00018000" errorplus="0.00017000">1.58252000</period>
			<description>This planet was discovered by Heller et al. 2019. The discovery was made with a space based telescope (0.95 m Kepler Telescope). The parameters listed here are those reported by Heller et al. 2019 and were imported into the Open Exoplanet Catalogue from the NASA Exoplanet Archive.</description>
			<radius errorminus="0.013" errorplus="0.010">0.086</radius>
			<discoverymethod>transit</discoverymethod>
			<istransiting>1</istransiting>
			<discoveryyear>2019</discoveryyear>
			<list>Confirmed planets</list>
			<lastupdate>19/06/13</lastupdate>
			<transittime errorminus="0.002400" errorplus="0.002400">2457011.332700</transittime>
		</planet>
	</star>
	<constellation>Aquarius</constellation>
</system>
