<system>
	<name>EPIC 228735255</name>
	<name>K2-140</name>
	<rightascension>12 32 32.9632</rightascension>
	<declination>-09 36 27.4958</declination>
	<distance>340.24</distance>
	<star>
		<name>EPIC 228735255</name>
		<name>K2-140</name>
		<name>2MASS J12323296-0936274</name>
		<name>Gaia DR2 3579426053724051584</name>
		<magV errorminus="0.03" errorplus="0.03">12.62</magV>
		<age>4.22</age>
		<radius>0.987</radius>
		<mass>1.005</mass>
		<spectraltype>G5</spectraltype>
		<temperature>5654.0</temperature>
		<metallicity>0.12</metallicity>
		<planet>
			<name>EPIC 228735255 b</name>
			<name>K2-140 b</name>
			<name>Gaia DR2 3579426053724051584 b</name>
			<semimajoraxis errorminus="0.0034" errorplus="0.0034">0.0591</semimajoraxis>
			<periastron errorminus="4.16" errorplus="3.85">98.88</periastron>
			<eccentricity errorminus="0.046" errorplus="0.056">0.12</eccentricity>
			<inclination errorminus="0.53" errorplus="0.69">88.51</inclination>
			<period errorminus="0.000020" errorplus="0.000017">6.5693</period>
			<mass errorminus="0.07" errorplus="0.07">1.019</mass>
			<radius errorminus="0.018" errorplus="0.018">1.095</radius>
			<istransiting>1</istransiting>
			<discoverymethod>transit</discoverymethod>
			<discoveryyear>2017</discoveryyear>
			<lastupdate>17/06/25</lastupdate>
			<list>Confirmed planets</list>
			<description>Data for this planet was imported from the exoplanet.eu database.</description>
		</planet>
	</star>
	<constellation>Virgo</constellation>
</system>
