<system>
	<name>EPIC 206215704</name>
	<rightascension>22 20 22.7764</rightascension>
	<declination>-09 30 34.2934</declination>
	<distance errorminus="1.08" errorplus="1.08">110.22</distance>
	<star>
		<name>EPIC 206215704</name>
		<name>Gaia DR2 2615281560211505408</name>
		<magJ errorminus="0.030" errorplus="0.030">13.561</magJ>
		<magH errorminus="0.025" errorplus="0.025">12.954</magH>
		<magK errorminus="0.029" errorplus="0.029">12.767</magK>
		<mass errorminus="0.08" errorplus="0.10">0.41</mass>
		<planet>
			<name>EPIC 206215704 b</name>
			<name>Gaia DR2 2615281560211505408 b</name>
			<period errorminus="0.00047000" errorplus="0.00047000">2.25372000</period>
			<description>This planet was discovered by Heller et al. 2019. The discovery was made with a space based telescope (0.95 m Kepler Telescope). The parameters listed here are those reported by Heller et al. 2019 and were imported into the Open Exoplanet Catalogue from the NASA Exoplanet Archive.</description>
			<radius errorminus="0.018" errorplus="0.017">0.080</radius>
			<discoverymethod>transit</discoverymethod>
			<istransiting>1</istransiting>
			<discoveryyear>2019</discoveryyear>
			<list>Confirmed planets</list>
			<lastupdate>19/06/13</lastupdate>
			<transittime errorminus="0.000400" errorplus="0.000900">2457010.000500</transittime>
		</planet>
	</star>
	<constellation>Aquarius</constellation>
</system>
