<system>
	<name>EPIC 246851721</name>
	<rightascension>05 15 40.7537</rightascension>
	<declination>+16 16 43.5181</declination>
	<distance errorminus="8.00" errorplus="8.40">336.70</distance>
	<star>
		<name>EPIC 246851721</name>
		<name>Gaia DR2 3393939026234131584</name>
		<name>TYC 1283-739-1</name>
		<radius errorminus="0.03" errorplus="0.03">1.59</radius>
		<magV errorminus="0.053" errorplus="0.053">11.439</magV>
		<magJ errorminus="0.042" errorplus="0.042">10.199</magJ>
		<magH errorminus="0.021" errorplus="0.021">9.967</magH>
		<magK errorminus="0.018" errorplus="0.018">9.893</magK>
		<mass errorminus="0.04" errorplus="0.04">1.32</mass>
		<temperature errorminus="50.00" errorplus="52.00">6202.00</temperature>
		<metallicity errorminus="0.085" errorplus="0.082">0.141</metallicity>
		<spectraltype>F5V</spectraltype>
		<planet>
			<name>EPIC 246851721 b</name>
			<name>Gaia DR2 3393939026234131584 b</name>
			<name>TYC 1283-739-1 b</name>
			<semimajoraxis errorminus="0.000750" errorplus="0.000740">0.072290</semimajoraxis>
			<inclination errorminus="0.170" errorplus="0.170">86.210</inclination>
			<period errorminus="0.00001400" errorplus="0.00001400">6.18023500</period>
			<description>This planet was discovered by Yu et al. 2018. The discovery was made with a space based telescope (0.95 m Kepler Telescope). The parameters listed here are those reported by Yu et al. 2018 and were imported into the Open Exoplanet Catalogue from the NASA Exoplanet Archive.</description>
			<mass errorminus="1.20000" errorplus="1.10000">3.00000</mass>
			<radius errorminus="0.044" errorplus="0.044">1.051</radius>
			<temperature errorminus="16" errorplus="16">1401</temperature>
			<discoverymethod>transit</discoverymethod>
			<istransiting>1</istransiting>
			<discoveryyear>2018</discoveryyear>
			<list>Confirmed planets</list>
			<lastupdate>18/10/26</lastupdate>
			<transittime errorminus="0.000100" errorplus="0.000100">2457865.110320</transittime>
		</planet>
	</star>
	<constellation>Taurus</constellation>
</system>
