<system>
	<name>EPIC 206042996</name>
	<rightascension>22 30 03.2609</rightascension>
	<declination>-13 36 36.4158</declination>
	<distance errorminus="13.79" errorplus="13.79">457.27</distance>
	<star>
		<name>EPIC 206042996</name>
		<name>Gaia DR2 2600942622915012608</name>
		<magV errorminus="0.089" errorplus="0.089">16.743</magV>
		<magJ errorminus="0.025" errorplus="0.025">13.964</magJ>
		<magH errorminus="0.028" errorplus="0.028">13.253</magH>
		<magK errorminus="0.033" errorplus="0.033">13.071</magK>
		<mass errorminus="0.05" errorplus="0.05">0.56</mass>
		<planet>
			<name>EPIC 206042996 b</name>
			<name>Gaia DR2 2600942622915012608 b</name>
			<period errorminus="0.00070000" errorplus="0.00074000">5.29711000</period>
			<description>This planet was discovered by Heller et al. 2019. The discovery was made with a space based telescope (0.95 m Kepler Telescope). The parameters listed here are those reported by Heller et al. 2019 and were imported into the Open Exoplanet Catalogue from the NASA Exoplanet Archive.</description>
			<radius errorminus="0.017" errorplus="0.015">0.145</radius>
			<discoverymethod>transit</discoverymethod>
			<istransiting>1</istransiting>
			<discoveryyear>2019</discoveryyear>
			<list>Confirmed planets</list>
			<lastupdate>19/06/13</lastupdate>
			<transittime errorminus="0.002900" errorplus="0.002900">2456899.122700</transittime>
		</planet>
	</star>
	<constellation>Aquarius</constellation>
</system>
