<system>
	<name>EPIC 206024342</name>
	<rightascension>22 05 06.5341</rightascension>
	<declination>-14 07 18.0134</declination>
	<distance errorminus="4.99" errorplus="4.99">373.81</distance>
	<star>
		<name>EPIC 206024342</name>
		<name>Gaia DR2 6839540362940861568</name>
		<magV errorminus="0.030" errorplus="0.030">13.116</magV>
		<magJ errorminus="0.022" errorplus="0.022">11.846</magJ>
		<magH errorminus="0.023" errorplus="0.023">11.533</magH>
		<magK errorminus="0.023" errorplus="0.023">11.487</magK>
		<mass errorminus="0.10" errorplus="0.08">0.93</mass>
		<planet>
			<name>EPIC 206024342 b</name>
			<name>Gaia DR2 6839540362940861568 b</name>
			<period errorminus="0.00060000" errorplus="0.00062000">4.50756000</period>
			<description>This planet was discovered by Heller et al. 2019. The discovery was made with a space based telescope (0.95 m Kepler Telescope). The parameters listed here are those reported by Heller et al. 2019 and were imported into the Open Exoplanet Catalogue from the NASA Exoplanet Archive.</description>
			<radius errorminus="0.028" errorplus="0.053">0.152</radius>
			<discoverymethod>transit</discoverymethod>
			<istransiting>1</istransiting>
			<discoveryyear>2019</discoveryyear>
			<list>Confirmed planets</list>
			<lastupdate>19/06/13</lastupdate>
			<transittime errorminus="0.002700" errorplus="0.002600">2456899.132400</transittime>
		</planet>
	</star>
	<constellation>Aquarius</constellation>
</system>
