<system>
	<name>EPIC 201757695</name>
	<rightascension>11 35 45.2405</rightascension>
	<declination>+04 36 59.2103</declination>
	<distance errorminus="29.80" errorplus="33.20">577.60</distance>
	<star>
		<name>EPIC 201757695</name>
		<name>Gaia DR2 3813040874121398912</name>
		<radius errorminus="0.04" errorplus="0.04">0.66</radius>
		<magV errorminus="0.020" errorplus="0.020">15.020</magV>
		<magJ errorminus="0.026" errorplus="0.026">12.856</magJ>
		<magH errorminus="0.025" errorplus="0.025">12.292</magH>
		<magK errorminus="0.026" errorplus="0.026">12.149</magK>
		<mass errorminus="0.05" errorplus="0.04">0.73</mass>
		<temperature errorminus="54.00" errorplus="108.00">4520.00</temperature>
		<metallicity errorminus="0.300" errorplus="0.120">-0.003</metallicity>
		<planet>
			<name>EPIC 201757695 b</name>
			<name>Gaia DR2 3813040874121398912 b</name>
			<semimajoraxis errorminus="0.000500" errorplus="0.000500">0.029600</semimajoraxis>
			<eccentricity>0.000000</eccentricity>
			<inclination errorminus="0.372" errorplus="0.369">89.276</inclination>
			<period errorminus="0.00010000" errorplus="0.00010000">2.04780000</period>
			<description>This planet was discovered by del Ser &amp; Fors 2020. The discovery was made with a space based telescope (0.95 m Kepler Telescope). The parameters listed here are those reported by del Ser &amp; Fors 2020 and were imported into the Open Exoplanet Catalogue from the NASA Exoplanet Archive.</description>
			<radius errorminus="0.006" errorplus="0.005">0.081</radius>
			<discoverymethod>transit</discoverymethod>
			<istransiting>1</istransiting>
			<discoveryyear>2020</discoveryyear>
			<list>Confirmed planets</list>
			<lastupdate>20/11/19</lastupdate>
			<transittime errorminus="0.000700" errorplus="0.000800">2456811.637000</transittime>
		</planet>
	</star>
	<constellation>Leo</constellation>
</system>
