<system>
	<name>EPIC 211916756</name>
	<name>K2-95</name>
	<name>JS 183</name>
	<rightascension>08 37 27.0563</rightascension>
	<declination>+18 58 36.0229</declination>
	<distance errorminus="6.0" errorplus="6.0">181.5</distance>
	<star>
		<name>EPIC 211916756</name>
		<name>K2-95</name>
		<name>JS 183</name>
		<name>2MASS J08372705+1858360</name>
		<name>Gaia DR2 659744295638254336</name>
		<magB>19.86</magB>
		<magV>17.27</magV>
		<magJ errorminus="0.002" errorplus="0.002">13.293</magJ>
		<magH errorminus="0.002" errorplus="0.002">12.740</magH>
		<magK errorminus="0.001" errorplus="0.001">12.442</magK>
		<spectraltype>M2.0</spectraltype>
		<mass errorminus="0.02" errorplus="0.02">0.43</mass>
		<radius errorminus="0.02" errorplus="0.02">0.44</radius>
		<temperature errorminus="65" errorplus="65">3410</temperature>
		<metallicity errorminus="0.04" errorplus="0.04">0.14</metallicity>
		<age errorminus="0.030" errorplus="0.030">0.790</age>
		<planet>
			<name>EPIC 211916756 b</name>
			<name>K2-95 b</name>
			<name>JS 183 b</name>
			<name>Gaia DR2 659744295638254336 b</name>
			<semimajoraxis errorminus="0.0045" errorplus="0.0187">0.0653</semimajoraxis>
			<eccentricity errorminus="0.11" errorplus="0.19">0.16</eccentricity>
			<periastron errorminus="52" errorplus="157">-2</periastron>
			<inclination errorminus="0.5" errorplus="0.04">89.4</inclination>
			<period errorminus="0.000488" errorplus="0.000495">10.135091</period>
			<radius errorminus="0.018" errorplus="0.018">0.330</radius>
			<transittime errorminus="0.00208" errorplus="0.00205" unit="BJD">2457140.74083</transittime>
			<istransiting>1</istransiting>
			<discoverymethod>transit</discoverymethod>
			<discoveryyear>2016</discoveryyear>
			<lastupdate>18/03/23</lastupdate>
			<list>Confirmed planets</list>
			<list>Planets in open clusters</list>
			<description>K2-95 b is a Neptune-sized exoplanet in the Praesepe cluster.</description>
		</planet>
	</star>
	<constellation>Cancer</constellation>
</system>
