<system>
	<name>EPIC 211913977</name>
	<name>K2-101</name>
	<rightascension>08 41 22.5783</rightascension>
	<declination>+18 56 01.9490</declination>
	<distance errorminus="6.0" errorplus="6.0">181.5</distance>
	<star>
		<name>EPIC 211913977</name>
		<name>K2-101</name>
		<name>2MASS J08412258+1856020</name>
		<name>Gaia DR2 661004400386393984</name>
		<magB>14.00</magB>
		<magV>12.96</magV>
		<magJ errorminus="0.023" errorplus="0.023">11.162</magJ>
		<magH errorminus="0.022" errorplus="0.022">10.678</magH>
		<magK errorminus="0.019" errorplus="0.019">10.536</magK>
		<spectraltype>K3V</spectraltype>
		<mass errorminus="0.06" errorplus="0.06">0.80</mass>
		<radius errorminus="0.03" errorplus="0.03">0.73</radius>
		<temperature errorminus="45" errorplus="45">4819</temperature>
		<metallicity errorminus="0.04" errorplus="0.04">0.14</metallicity>
		<age errorminus="0.030" errorplus="0.030">0.790</age>
		<planet>
			<name>EPIC 211913977 b</name>
			<name>K2-101 b</name>
			<name>Gaia DR2 661004400386393984 b</name>
			<eccentricity errorminus="0.08" errorplus="0.18">0.10</eccentricity>
			<inclination errorminus="0.5" errorplus="0.4">89.4</inclination>
			<period errorminus="0.000804" errorplus="0.000828">14.677286</period>
			<radius errorminus="0.0089" errorplus="0.0089">0.178</radius>
			<periastron errorminus="118" errorplus="152">0</periastron>
			<transittime errorminus="0.00230" errorplus="0.00223" unit="BJD">2457152.68135</transittime>
			<istransiting>1</istransiting>
			<discoverymethod>transit</discoverymethod>
			<discoveryyear>2016</discoveryyear>
			<lastupdate>18/03/23</lastupdate>
			<list>Confirmed planets</list>
			<list>Planets in open clusters</list>
			<description>K2-101 b is a sub-Neptune exoplanet located in the Praesepe cluster.</description>
		</planet>
	</star>
	<constellation>Cancer</constellation>
</system>
