<system>
	<name>EPIC 201170410</name>
	<rightascension>11 20 33.8054</rightascension>
	<declination>-04 48 25.2140</declination>
	<distance errorminus="39.80" errorplus="45.80">134.00</distance>
	<star>
		<name>EPIC 201170410</name>
		<name>Gaia DR2 3786541956697428224</name>
		<radius errorminus="0.07" errorplus="0.07">0.28</radius>
		<magJ errorminus="0.026" errorplus="0.026">13.464</magJ>
		<magH errorminus="0.022" errorplus="0.022">12.856</magH>
		<magK errorminus="0.027" errorplus="0.027">12.619</magK>
		<mass errorminus="0.08" errorplus="0.10">0.29</mass>
		<temperature errorminus="143.00" errorplus="172.00">3648.00</temperature>
		<metallicity errorminus="0.210" errorplus="0.150">-0.048</metallicity>
		<planet>
			<name>EPIC 201170410 b</name>
			<name>Gaia DR2 3786541956697428224 b</name>
			<semimajoraxis errorminus="0.002200" errorplus="0.002700">0.034900</semimajoraxis>
			<eccentricity>0.000000</eccentricity>
			<inclination errorminus="0.288" errorplus="0.414">89.002</inclination>
			<period errorminus="0.00010000" errorplus="0.00010000">6.79870000</period>
			<description>This planet was discovered by del Ser &amp; Fors 2020. The discovery was made with a space based telescope (0.95 m Kepler Telescope). The parameters listed here are those reported by del Ser &amp; Fors 2020 and were imported into the Open Exoplanet Catalogue from the NASA Exoplanet Archive.</description>
			<radius errorminus="0.023" errorplus="0.025">0.093</radius>
			<discoverymethod>transit</discoverymethod>
			<istransiting>1</istransiting>
			<discoveryyear>2020</discoveryyear>
			<list>Confirmed planets</list>
			<lastupdate>20/11/19</lastupdate>
			<transittime errorminus="0.000500" errorplus="0.000600">2456813.148500</transittime>
		</planet>
	</star>
	<constellation>Leo</constellation>
</system>
