<system>
	<name>EPIC 212297394</name>
	<rightascension>13 48 49.4948</rightascension>
	<declination>-17 36 35.6309</declination>
	<distance errorminus="7.34" errorplus="7.34">423.35</distance>
	<star>
		<name>EPIC 212297394</name>
		<name>Gaia DR2 6294955311720593024</name>
		<magV errorminus="0.030" errorplus="0.030">14.423</magV>
		<magJ errorminus="0.026" errorplus="0.026">12.735</magJ>
		<magH errorminus="0.023" errorplus="0.023">12.223</magH>
		<magK errorminus="0.023" errorplus="0.023">12.186</magK>
		<mass errorminus="0.12" errorplus="0.09">0.83</mass>
		<planet>
			<name>EPIC 212297394 b</name>
			<name>Gaia DR2 6294955311720593024 b</name>
			<period errorminus="0.00019000" errorplus="0.00019000">2.28943000</period>
			<description>This planet was discovered by Heller et al. 2019. The discovery was made with a space based telescope (0.95 m Kepler Telescope). The parameters listed here are those reported by Heller et al. 2019 and were imported into the Open Exoplanet Catalogue from the NASA Exoplanet Archive.</description>
			<radius errorminus="0.008" errorplus="0.007">0.118</radius>
			<discoverymethod>transit</discoverymethod>
			<istransiting>1</istransiting>
			<discoveryyear>2019</discoveryyear>
			<list>Confirmed planets</list>
			<lastupdate>19/06/13</lastupdate>
			<transittime errorminus="0.002000" errorplus="0.002000">2457261.460700</transittime>
		</planet>
	</star>
	<constellation>Virgo</constellation>
</system>
