<system>
	<name>EPIC 201912552</name>
	<name>K2-18</name>
	<rightascension>11 30 14.5176</rightascension>
	<declination>+07 35 18.2572</declination>
	<distance errorminus="4" errorplus="4">34</distance>
	<star>
		<name>EPIC 201912552</name>
		<name>K2-18</name>
		<name>2MASS J11301450+0735180</name>
		<name>Gaia DR2 3910747531814692736</name>
		<mass errorminus="0.047" errorplus="0.047">0.359</mass>
		<radius errorminus="0.038" errorplus="0.038">0.411</radius>
		<temperature errorminus="39" errorplus="39">3457</temperature>
		<magB errorminus="0.06" errorplus="0.06">15.01</magB>
		<magV errorminus="0.05" errorplus="0.05">13.50</magV>
		<magJ errorminus="0.03" errorplus="0.03">9.76</magJ>
		<magH errorminus="0.03" errorplus="0.03">9.13</magH>
		<magK errorminus="0.02" errorplus="0.02">8.9</magK>
		<magR errorminus="0.07" errorplus="0.07">13.24</magR>
		<metallicity errorminus="0.09" errorplus="0.09">0.09</metallicity>
		<spectraltype>M2.8</spectraltype>
		<planet>
			<name>EPIC 201912552 b</name>
			<name>EPIC 201912552.01</name>
			<name>K2-18 b</name>
			<name>Gaia DR2 3910747531814692736 b</name>
			<list>Confirmed planets</list>
			<radius errorminus="0.0196" errorplus="0.0196">0.2123</radius>
			<period errorminus="0.00010" errorplus="0.00010">32.93963</period>
			<transittime errorminus="0.00059" errorplus="0.00059" unit="BJD">2457264.39157</transittime>
			<semimajoraxis errorminus="0.006" errorplus="0.006">0.143</semimajoraxis>
			<eccentricity upperlimit="0.43" />
			<mass errorminus="0.00601" errorplus="0.00601">0.02504</mass>
			<description>This planet was discovered by the Kepler spacecraft during its extended K2 mission, Campaign 1. This planet may be an interesting target for atmospheric studies of transiting exoplanets. Its density lies between that of Earth-like and Neptune-like planets.</description>
			<discoverymethod>transit</discoverymethod>
			<istransiting>1</istransiting>
			<lastupdate>17/12/16</lastupdate>
			<discoveryyear>2015</discoveryyear>
		</planet>
		<planet>
			<name>K2-18 c</name>
			<name>EPIC 201912552 c</name>
			<list>Confirmed planets</list>
			<period errorminus="0.008" errorplus="0.008">8.962</period>
			<transittime errorminus="0.46" errorplus="0.46" unit="BJD">2457264.55</transittime>
			<semimajoraxis errorminus="0.003" errorplus="0.003">0.060</semimajoraxis>
			<eccentricity upperlimit="0.47" />
			<mass errorminus="0.00418" errorplus="0.00418" type="msini">0.02363</mass>
			<istransiting>0</istransiting>
			<description>K2-18 c is a non-transiting planet identified in radial velocity measurements of the K2-18 system.</description>
			<discoverymethod>RV</discoverymethod>
			<discoveryyear>2017</discoveryyear>
			<lastupdate>17/12/16</lastupdate>
		</planet>
	</star>
	<constellation>Leo</constellation>
</system>
