<system>
	<name>EPIC 212803289</name>
	<name>K2-99</name>
	<rightascension>13 55 05.7033</rightascension>
	<declination>-05 26 32.9487</declination>
	<distance>604.0</distance>
	<star>
		<name>EPIC 212803289</name>
		<name>K2-99</name>
		<name>2MASS J13550570-0526330</name>
		<name>Gaia DR2 3620612011248988416</name>
		<name>TYC 4974-871-1</name>
		<age>2.4</age>
		<radius>3.1</radius>
		<mass>1.6</mass>
		<spectraltype>G0 IV</spectraltype>
		<magV errorminus="0.10" errorplus="0.10">11.15</magV>
		<magB errorminus="0.11" errorplus="0.11">11.75</magB>
		<magH errorminus="0.022" errorplus="0.022">9.755</magH>
		<magJ errorminus="0.022" errorplus="0.022">10.024</magJ>
		<magK errorminus="0.021" errorplus="0.021">9.720</magK>
		<temperature>5990.0</temperature>
		<metallicity>0.2</metallicity>
		<planet>
			<name>K2-99 b</name>
			<name>EPIC 212803289 b</name>
			<semimajoraxis errorminus="0.006" errorplus="0.006">0.159</semimajoraxis>
			<eccentricity errorminus="0.04" errorplus="0.04">0.19</eccentricity>
			<inclination errorminus="0.3" errorplus="0.3">87.7</inclination>
			<period errorminus="0.001000" errorplus="0.001000">18.249</period>
			<mass errorminus="0.09" errorplus="0.09">0.97</mass>
			<radius errorminus="0.05" errorplus="0.05">1.29</radius>
			<istransiting>1</istransiting>
			<discoveryyear>2016</discoveryyear>
			<discoverymethod>transit</discoverymethod>
			<lastupdate>16/11/09</lastupdate>
			<list>Confirmed planets</list>
			<description>Data for this planet was imported from the exoplanet.eu database.</description>
		</planet>
	</star>
	<constellation>Virgo</constellation>
</system>
