<system>
	<name>EPIC 228813918</name>
	<name>K2-137</name>
	<rightascension>12 27 28.9849</rightascension>
	<declination>-06 11 42.8295</declination>
	<distance>95.0</distance>
	<star>
		<name>EPIC 228813918</name>
		<name>K2-137</name>
		<name>2MASS J12272899-0611428</name>
		<name>Gaia DR2 3583729340372873344</name>
		<magV errorminus="0.054" errorplus="0.054">15.498</magV>
		<radius>0.442</radius>
		<mass>0.463</mass>
		<spectraltype>M3 V</spectraltype>
		<temperature>3492.0</temperature>
		<metallicity>0.08</metallicity>
		<planet>
			<name>EPIC 22881391 b</name>
			<semimajoraxis errorminus="0.0006" errorplus="0.0006">0.0058</semimajoraxis>
			<inclination errorminus="3.3" errorplus="3.3">89.6</inclination>
			<period errorminus="0.000001" errorplus="0.000001">0.179715</period>
			<mass>0.7</mass>
			<radius errorminus="0.008" errorplus="0.008">0.079</radius>
			<istransiting>1</istransiting>
			<discoverymethod>transit</discoverymethod>
			<discoveryyear>2017</discoveryyear>
			<lastupdate>17/07/17</lastupdate>
			<list>Confirmed planets</list>
			<description>Data for this planet was imported from the exoplanet.eu database.</description>
		</planet>
	</star>
	<constellation>Virgo</constellation>
</system>
