<system>
	<name>EPIC 203826436</name>
	<name>K2-37</name>
	<rightascension>16 13 48.2444</rightascension>
	<declination>-24 47 13.4278</declination>
	<distance errorminus="91.200" errorplus="156.400">1768.000</distance>
	<star>
		<name>EPIC 203826436</name>
		<name>J16134824-2447132</name>
		<name>K2-37</name>
		<name>2MASS J16134824-2447132</name>
		<name>Gaia DR2 6049595065740634624</name>
		<magB errorminus="0.010" errorplus="0.010">13.463</magB>
		<magV errorminus="0.030" errorplus="0.030">12.568</magV>
		<magJ errorminus="0.022" errorplus="0.022">10.692</magJ>
		<magH errorminus="0.021" errorplus="0.021">10.214</magH>
		<magK errorminus="0.021" errorplus="0.021">10.142</magK>
		<temperature errorminus="60" errorplus="60">5413</temperature>
		<metallicity errorminus="0.04" errorplus="0.04">-0.03</metallicity>
		<mass errorminus="0.05" errorplus="0.05">0.90</mass>
		<radius errorminus="0.04" errorplus="0.04">0.85</radius>
		<planet>
			<name>EPIC 203826436 b</name>
			<name>K2-37 b</name>
			<name>Gaia DR2 6049595065740634624 b</name>
			<transittime errorminus="0.0080" errorplus="0.0080" unit="BJD">2456893.7013</transittime>
			<period errorminus="0.00075" errorplus="0.00075">4.44117</period>
			<inclination errorminus="3.37" errorplus="1.95">87.28</inclination>
			<radius errorminus="0.015" errorplus="0.015">0.144</radius>
			<semimajoraxis errorminus="0.0009" errorplus="0.0009">0.0511</semimajoraxis>
			<istransiting>1</istransiting>
			<discoverymethod>transit</discoverymethod>
			<discoveryyear>2015</discoveryyear>
			<description>EPIC 203826436 is a multi-transiting system in the K2 mission campaign 2 field.</description>
			<lastupdate>15/12/06</lastupdate>
			<list>Confirmed planets</list>
		</planet>
		<planet>
			<name>EPIC 203826436 c</name>
			<name>K2-37 c</name>
			<name>Gaia DR2 6049595065740634624 c</name>
			<transittime errorminus="0.0023" errorplus="0.0023" unit="BJD">2456898.8603</transittime>
			<period errorminus="0.00036" errorplus="0.00036">6.42904</period>
			<inclination errorminus="2.50" errorplus="1.83">87.37</inclination>
			<radius errorminus="0.024" errorplus="0.024">0.245</radius>
			<semimajoraxis errorminus="0.0011" errorplus="0.0011">0.0654</semimajoraxis>
			<istransiting>1</istransiting>
			<discoverymethod>transit</discoverymethod>
			<discoveryyear>2015</discoveryyear>
			<description>EPIC 203826436 is a multi-transiting system in the K2 mission campaign 2 field.</description>
			<lastupdate>15/12/06</lastupdate>
			<list>Confirmed planets</list>
		</planet>
		<planet>
			<name>EPIC 203826436 d</name>
			<name>K2-37 d</name>
			<name>Gaia DR2 6049595065740634624 d</name>
			<transittime errorminus="0.0031" errorplus="0.0031" unit="BJD">2456907.2315</transittime>
			<period errorminus="0.00135" errorplus="0.00135">14.09189</period>
			<inclination errorminus="1.65" errorplus="1.18">88.34</inclination>
			<radius errorminus="0.032" errorplus="0.032">0.244</radius>
			<semimajoraxis errorminus="0.0018" errorplus="0.0018">0.1103</semimajoraxis>
			<istransiting>1</istransiting>
			<discoverymethod>transit</discoverymethod>
			<discoveryyear>2015</discoveryyear>
			<description>EPIC 203826436 is a multi-transiting system in the K2 mission campaign 2 field.</description>
			<lastupdate>15/12/06</lastupdate>
			<list>Confirmed planets</list>
		</planet>
	</star>
	<constellation>Scorpius</constellation>
</system>
