<system>
	<name>EPIC 206032309</name>
	<rightascension>22 44 57.7798</rightascension>
	<declination>-13 54 03.2712</declination>
	<distance errorminus="1.80" errorplus="1.80">162.09</distance>
	<star>
		<name>EPIC 206032309</name>
		<name>Gaia DR2 2597400855444243840</name>
		<magJ errorminus="0.024" errorplus="0.024">13.429</magJ>
		<magH errorminus="0.027" errorplus="0.027">12.859</magH>
		<magK errorminus="0.026" errorplus="0.026">12.538</magK>
		<mass errorminus="0.06" errorplus="0.04">0.22</mass>
		<planet>
			<name>EPIC 206032309 b</name>
			<name>Gaia DR2 2597400855444243840 b</name>
			<period errorminus="0.00026000" errorplus="0.00023000">2.87814000</period>
			<description>This planet was discovered by Heller et al. 2019. The discovery was made with a space based telescope (0.95 m Kepler Telescope). The parameters listed here are those reported by Heller et al. 2019 and were imported into the Open Exoplanet Catalogue from the NASA Exoplanet Archive.</description>
			<radius errorminus="0.012" errorplus="0.021">0.090</radius>
			<discoverymethod>transit</discoverymethod>
			<istransiting>1</istransiting>
			<discoveryyear>2019</discoveryyear>
			<list>Confirmed planets</list>
			<lastupdate>19/06/13</lastupdate>
			<transittime errorminus="0.001700" errorplus="0.001700">2456899.132000</transittime>
		</planet>
	</star>
	<constellation>Aquarius</constellation>
</system>
