<system>
	<name>EPIC 211945201</name>
	<rightascension>09 06 17.7565</rightascension>
	<declination>+19 24 08.0512</declination>
	<distance errorminus="1.29" errorplus="1.29">182.69</distance>
	<star>
		<name>EPIC 211945201</name>
		<name>TYC 1404-1186-1</name>
		<name>Gaia DR2 636363799347569408</name>
		<radius errorminus="0.02" errorplus="0.02">1.39</radius>
		<magV errorminus="0.056" errorplus="0.056">10.154</magV>
		<magJ errorminus="0.023" errorplus="0.023">9.144</magJ>
		<magH errorminus="0.028" errorplus="0.028">8.908</magH>
		<magK errorminus="0.020" errorplus="0.020">8.837</magK>
		<magB errorminus="0.08" errorplus="0.08">10.94</magB>
		<mass errorminus="0.04" errorplus="0.04">1.17</mass>
		<temperature errorminus="90.00" errorplus="90.00">6069.00</temperature>
		<metallicity errorminus="0.050" errorplus="0.050">0.100</metallicity>
		<spectraltype>G0</spectraltype>
		<planet>
			<name>EPIC 211945201 b</name>
			<name>TYC 1404-1186-1 b</name>
			<name>Gaia DR2 636363799347569408 b</name>
			<semimajoraxis errorminus="0.001500" errorplus="0.001500">0.149300</semimajoraxis>
			<period errorminus="0.00065300" errorplus="0.00066600">19.49221000</period>
			<description>This planet was discovered by Chakraborty et al. 2018. The discovery was made with a space based telescope (0.95 m Kepler Telescope). The parameters listed here are those reported by Livingston et al. 2018 and were imported into the Open Exoplanet Catalogue from the NASA Exoplanet Archive.</description>
			<radius errorminus="0.027" errorplus="0.027">0.514</radius>
			<temperature errorminus="14" errorplus="15">817</temperature>
			<discoverymethod>transit</discoverymethod>
			<istransiting>1</istransiting>
			<discoveryyear>2018</discoveryyear>
			<list>Confirmed planets</list>
			<lastupdate>18/10/26</lastupdate>
			<transittime errorminus="0.000850" errorplus="0.000860">2457158.824770</transittime>
		</planet>
	</star>
	<constellation>Cancer</constellation>
</system>
