<system>
	<name>EPIC 218916923</name>
	<name>K2-139</name>
	<rightascension>19 16 15.9691</rightascension>
	<declination>-17 54 38.4105</declination>
	<distance>152.0</distance>
	<star>
		<name>EPIC 218916923</name>
		<name>K2-139</name>
		<name>2MASS J19161596-1754384</name>
		<name>Gaia DR2 4084602654011029376</name>
		<name>TYC 6300-2008-1</name>
		<age>1.8</age>
		<radius>0.86</radius>
		<mass>0.918</mass>
		<magV errorminus="0.14" errorplus="0.20">11.65</magV>
		<magB errorminus="0.14" errorplus="0.20">12.43</magB>
		<temperature>5287.0</temperature>
		<metallicity>0.21</metallicity>
		<planet>
			<name>EPIC 218916923 b</name>
			<name>K2-139 b</name>
			<name>Gaia DR2 4084602654011029376 b</name>
			<name>TYC 6300-2008-1 b</name>
			<semimajoraxis errorminus="0.0085" errorplus="0.0085">0.1811</semimajoraxis>
			<eccentricity>0.0</eccentricity>
			<inclination errorminus="0.13" errorplus="0.13">89.55</inclination>
			<period errorminus="0.000270" errorplus="0.000270">28.38229</period>
			<mass errorminus="0.045" errorplus="0.045">0.381</mass>
			<radius errorminus="0.03" errorplus="0.03">0.812</radius>
			<istransiting>1</istransiting>
			<discoverymethod>transit</discoverymethod>
			<discoveryyear>2017</discoveryyear>
			<lastupdate>17/02/03</lastupdate>
			<list>Confirmed planets</list>
			<description>Data for this planet was imported from the exoplanet.eu database.</description>
		</planet>
	</star>
	<constellation>Sagittarius</constellation>
</system>
