<system>
	<name>EPIC 210363145</name>
	<name>K2-77</name>
	<rightascension>03 40 54.8211</rightascension>
	<declination>+12 34 21.4002</declination>
	<distance errorminus="7" errorplus="7">125</distance>
	<star>
		<name>EPIC 210363145</name>
		<name>K2-77</name>
		<name>2MASS J03405481+1234216</name>
		<name>Gaia DR2 37619725922094336</name>
		<magB errorminus="0.03" errorplus="0.03">13.23</magB>
		<magV errorminus="0.093" errorplus="0.093">12.158</magV>
		<magJ errorminus="0.020" errorplus="0.020">10.384</magJ>
		<magH errorminus="0.023" errorplus="0.023">9.910</magH>
		<magK errorminus="0.018" errorplus="0.018">9.799</magK>
		<mass errorminus="0.12" errorplus="0.12">0.8</mass>
		<radius errorminus="0.03" errorplus="0.03">0.76</radius>
		<temperature errorminus="45" errorplus="45">4970</temperature>
		<metallicity errorminus="0.06" errorplus="0.06">0.29</metallicity>
		<spectraltype>K</spectraltype>
		<age errorminus="0.3" errorplus="0.3">0.7</age>
		<planet>
			<name>EPIC 210363145 b</name>
			<name>K2-77 b</name>
			<name>EPIC 210363145.01</name>
			<name>Gaia DR2 37619725922094336 b</name>
			<list>Confirmed planets</list>
			<list>Planets in open clusters</list>
			<mass upperlimit="1.9" />
			<radius errorminus="0.0143" errorplus="0.0143">0.2052</radius>
			<period errorminus="0.000719" errorplus="0.000683">8.199796</period>
			<eccentricity errorminus="0.09" errorplus="0.22">0.14</eccentricity>
			<periastron errorminus="44" errorplus="44">89</periastron>
			<inclination errorminus="0.8" errorplus="0.8">88.7</inclination>
			<transittime errorminus="0.00179" errorplus="0.00190" unit="BJD">2457070.80596</transittime>
			<description>This planet is a Super-Earth with a radius roughly 2 times that of Earth. The host star EPIC 210363145 was identified as a member of the approximately 120-Myr-old Pleiades cluster based on its kinematics and photometric distance.</description>
			<discoverymethod>transit</discoverymethod>
			<istransiting>1</istransiting>
			<lastupdate>18/02/17</lastupdate>
			<discoveryyear>2016</discoveryyear>
		</planet>
	</star>
	<constellation>Taurus</constellation>
</system>
