<system>
	<name>EPIC 201546283</name>
	<name>K2-27</name>
	<rightascension>11 26 03.6414</rightascension>
	<declination>+01 13 50.6635</declination>
	<distance errorminus="29" errorplus="2138">251</distance>
	<star>
		<name>EPIC 201546283</name>
		<name>K2-27</name>
		<name>2MASS J11260363+0113505</name>
		<name>Gaia DR2 3798552815560689792</name>
		<magV errorminus="0.02" errorplus="0.02">12.64</magV>
		<mass errorminus="0.05" errorplus="0.05">0.89</mass>
		<radius errorminus="0.06" errorplus="0.06">0.85</radius>
		<temperature errorminus="70" errorplus="70">5320</temperature>
		<magJ errorminus="0.02" errorplus="0.02">11.16</magJ>
		<magH errorminus="0.03" errorplus="0.03">10.79</magH>
		<magK errorminus="0.02" errorplus="0.02">10.7</magK>
		<metallicity errorminus="0.07" errorplus="0.07">0.14</metallicity>
		<planet>
			<name>EPIC 201546283 b</name>
			<name>EPIC 201546283.01</name>
			<name>K2-27 b</name>
			<name>Gaia DR2 3798552815560689792 b</name>
			<list>Confirmed planets</list>
			<radius errorminus="0.0294" errorplus="0.0294">0.3970</radius>
			<period errorminus="0.00013" errorplus="0.00013">6.77145</period>
			<transittime errorminus="0.0010" errorplus="0.0010" unit="BJD">2456812.8451</transittime>
			<eccentricity errorminus="0.09" errorplus="0.10">0.16</eccentricity>
			<impactparameter errorminus="0.20" errorplus="0.21">0.30</impactparameter>
			<mass errorminus="0.02328" errorplus="0.02360">0.09156</mass>
			<description>This planet was discovered by the Kepler spacecraft during its extended K2 mission, Campaign 1.</description>
			<discoverymethod>transit</discoverymethod>
			<istransiting>1</istransiting>
			<lastupdate>16/03/07</lastupdate>
			<discoveryyear>2015</discoveryyear>
		</planet>
	</star>
	<constellation>Leo</constellation>
</system>
