<system>
	<name>EPIC 249893012</name>
	<rightascension>15 12 59.5618</rightascension>
	<declination>-16 43 28.1990</declination>
	<distance errorminus="4.18" errorplus="4.18">324.22</distance>
	<star>
		<name>EPIC 249893012</name>
		<name>Gaia DR2 6259263137059042048</name>
		<name>TYC 6170-95-1</name>
		<radius errorminus="0.04" errorplus="0.04">1.71</radius>
		<magV errorminus="0.121" errorplus="0.121">11.428</magV>
		<magJ errorminus="0.026" errorplus="0.026">10.216</magJ>
		<magH errorminus="0.023" errorplus="0.023">9.800</magH>
		<magK errorminus="0.023" errorplus="0.023">9.714</magK>
		<magB errorminus="0.011" errorplus="0.011">12.355</magB>
		<mass errorminus="0.05" errorplus="0.05">1.05</mass>
		<temperature errorminus="85.00" errorplus="85.00">5430.00</temperature>
		<metallicity errorminus="0.050" errorplus="0.050">0.200</metallicity>
		<spectraltype>G8IV/V</spectraltype>
		<planet>
			<name>EPIC 249893012 b</name>
			<name>Gaia DR2 6259263137059042048 b</name>
			<name>TYC 6170-95-1 b</name>
			<semimajoraxis errorminus="0.007000" errorplus="0.005000">0.047000</semimajoraxis>
			<eccentricity errorminus="0.040000" errorplus="0.080000">0.060000</eccentricity>
			<periastron errorminus="123.0000" errorplus="67.0000">225.0000</periastron>
			<inclination errorminus="3.500" errorplus="2.600">86.140</inclination>
			<period errorminus="0.00030000" errorplus="0.00030000">3.59510000</period>
			<description>This planet was discovered by Hidalgo et al. 2020. The discovery was made with a space based telescope (0.95 m Kepler Telescope). The parameters listed here are those reported by Hidalgo et al. 2020 and were imported into the Open Exoplanet Catalogue from the NASA Exoplanet Archive.</description>
			<mass errorminus="0.00340" errorplus="0.00343">0.02753</mass>
			<radius errorminus="0.007" errorplus="0.008">0.174</radius>
			<temperature errorminus="79" errorplus="149">1616</temperature>
			<discoverymethod>transit</discoverymethod>
			<istransiting>1</istransiting>
			<discoveryyear>2020</discoveryyear>
			<list>Confirmed planets</list>
			<lastupdate>20/02/13</lastupdate>
			<transittime errorminus="0.005000" errorplus="0.005000">2457994.396000</transittime>
		</planet>
		<planet>
			<name>EPIC 249893012 c</name>
			<name>Gaia DR2 6259263137059042048 c</name>
			<name>TYC 6170-95-1 c</name>
			<semimajoraxis errorminus="0.020000" errorplus="0.010000">0.130000</semimajoraxis>
			<eccentricity errorminus="0.050000" errorplus="0.080000">0.070000</eccentricity>
			<periastron errorminus="170.0000" errorplus="100.0000">217.0000</periastron>
			<inclination errorminus="1.050" errorplus="0.740">87.940</inclination>
			<period errorminus="0.00100000" errorplus="0.00100000">15.62400000</period>
			<description>This planet was discovered by Hidalgo et al. 2020. The discovery was made with a space based telescope (0.95 m Kepler Telescope). The parameters listed here are those reported by Hidalgo et al. 2020 and were imported into the Open Exoplanet Catalogue from the NASA Exoplanet Archive.</description>
			<mass errorminus="0.00595" errorplus="0.00579">0.04616</mass>
			<radius errorminus="0.012" errorplus="0.015">0.327</radius>
			<temperature errorminus="49" errorplus="92">990</temperature>
			<discoverymethod>transit</discoverymethod>
			<istransiting>1</istransiting>
			<discoveryyear>2020</discoveryyear>
			<list>Confirmed planets</list>
			<lastupdate>20/02/13</lastupdate>
			<transittime errorminus="0.004000" errorplus="0.002000">2457998.841000</transittime>
		</planet>
		<planet>
			<name>EPIC 249893012 d</name>
			<name>Gaia DR2 6259263137059042048 d</name>
			<name>TYC 6170-95-1 d</name>
			<semimajoraxis errorminus="0.040000" errorplus="0.020000">0.220000</semimajoraxis>
			<eccentricity errorminus="0.110000" errorplus="0.210000">0.150000</eccentricity>
			<periastron errorminus="61.0000" errorplus="81.0000">181.0000</periastron>
			<inclination errorminus="0.500" errorplus="0.360">89.470</inclination>
			<period errorminus="0.00500000" errorplus="0.00500000">35.74700000</period>
			<description>This planet was discovered by Hidalgo et al. 2020. The discovery was made with a space based telescope (0.95 m Kepler Telescope). The parameters listed here are those reported by Hidalgo et al. 2020 and were imported into the Open Exoplanet Catalogue from the NASA Exoplanet Archive.</description>
			<mass errorminus="0.00761" errorplus="0.00774">0.03203</mass>
			<radius errorminus="0.011" errorplus="0.012">0.352</radius>
			<temperature errorminus="37" errorplus="69">752</temperature>
			<discoverymethod>transit</discoverymethod>
			<istransiting>1</istransiting>
			<discoveryyear>2020</discoveryyear>
			<list>Confirmed planets</list>
			<lastupdate>20/02/13</lastupdate>
			<transittime errorminus="0.003000" errorplus="0.003000">2458008.652000</transittime>
		</planet>
	</star>
	<constellation>Libra</constellation>
</system>
