<system>
	<name>EPIC 205117205</name>
	<name>K2-33</name>
	<rightascension>16 10 14.7378</rightascension>
	<declination>-19 19 09.4072</declination>
	<distance>145.0</distance>
	<star>
		<name>EPIC 205117205</name>
		<name>K2-33</name>
		<name>2MASS J16101473-1919095</name>
		<name>Gaia DR2 6245758900889486720</name>
		<age>0.0095</age>
		<radius>1.06</radius>
		<mass>0.54</mass>
		<magB errorminus="0.138" errorplus="0.138">17.353</magB>
		<magR>14.700</magR>
		<spectraltype>M3.3</spectraltype>
		<temperature>3540.0</temperature>
		<planet>
			<name>K2-33 b</name>
			<name>EPIC 205117205 b</name>
			<semimajoraxis errorminus="0.0023" errorplus="0.0023">0.0409</semimajoraxis>
			<eccentricity>0.0</eccentricity>
			<inclination errorminus="1.1" errorplus="0.6">89.1</inclination>
			<period errorminus="0.000290" errorplus="0.000290">5.42513</period>
			<mass errorminus="3.59999" errorplus="3.59999">3.6</mass>
			<radius errorminus="0.033" errorplus="0.033">0.451</radius>
			<istransiting>1</istransiting>
			<discoverymethod>transit</discoverymethod>
			<discoveryyear>2016</discoveryyear>
			<lastupdate>16/06/27</lastupdate>
			<list>Confirmed planets</list>
			<description>Data for this planet was imported from the exoplanet.eu database.</description>
		</planet>
	</star>
	<constellation>Scorpius</constellation>
</system>
