<system>
	<name>EPIC 201841433</name>
	<rightascension>11 40 49.6245</rightascension>
	<declination>+06 08 05.4394</declination>
	<distance errorminus="8.17" errorplus="8.17">441.94</distance>
	<star>
		<name>EPIC 201841433</name>
		<name>Gaia DR2 3909373932553827072</name>
		<magV errorminus="0.010" errorplus="0.010">14.867</magV>
		<magJ errorminus="0.023" errorplus="0.023">13.060</magJ>
		<magH errorminus="0.027" errorplus="0.027">12.490</magH>
		<magK errorminus="0.030" errorplus="0.030">12.454</magK>
		<magB errorminus="0.02" errorplus="0.02">15.90</magB>
		<magR errorminus="0.10" errorplus="0.10">14.74</magR>
		<mass errorminus="0.16" errorplus="0.08">0.80</mass>
		<planet>
			<name>EPIC 201841433 b</name>
			<name>Gaia DR2 3909373932553827072 b</name>
			<period errorminus="0.00053000" errorplus="0.00051000">4.16959000</period>
			<description>This planet was discovered by Heller et al. 2019. The discovery was made with a space based telescope (0.95 m Kepler Telescope). The parameters listed here are those reported by Heller et al. 2019 and were imported into the Open Exoplanet Catalogue from the NASA Exoplanet Archive.</description>
			<radius errorminus="0.011" errorplus="0.012">0.098</radius>
			<discoverymethod>transit</discoverymethod>
			<istransiting>1</istransiting>
			<discoveryyear>2019</discoveryyear>
			<list>Confirmed planets</list>
			<lastupdate>19/06/13</lastupdate>
			<transittime errorminus="0.003300" errorplus="0.003700">2456853.330000</transittime>
		</planet>
	</star>
	<constellation>Virgo</constellation>
</system>
