<system>
	<name>EPIC 201465501</name>
	<name>K2-9</name>
	<rightascension>11 45 03.4701</rightascension>
	<declination>+00 00 19.0578</declination>
	<distance errorminus="12" errorplus="12">110</distance>
	<star>
		<name>EPIC 201465501</name>
		<name>K2-9</name>
		<name>2MASS J11450348+0000190</name>
		<name>Gaia DR2 3795633852707093120</name>
		<spectraltype errorminus="0.5">M2.5V</spectraltype>
		<mass errorminus="0.14" errorplus="0.14">0.30</mass>
		<radius errorminus="0.11" errorplus="0.11">0.31</radius>
		<temperature errorminus="150" errorplus="150">3390</temperature>
		<magV>15.63</magV>
		<magJ errorminus="0.024" errorplus="0.024">12.451</magJ>
		<magH errorminus="0.022" errorplus="0.022">11.710</magH>
		<magK errorminus="0.023" errorplus="0.023">11.495</magK>
		<metallicity errorminus="0.20" errorplus="0.20">-0.25</metallicity>
		<age lowerlimit="1" />
		<planet>
			<name>EPIC 201465501 b</name>
			<name>EPIC 201465501.01</name>
			<name>K2-9 b</name>
			<name>Gaia DR2 3795633852707093120 b</name>
			<list>Confirmed planets</list>
			<radius errorminus="0.0856" errorplus="0.0473">0.2007</radius>
			<period errorminus="0.0015" errorplus="0.0015">18.4498</period>
			<transittime errorminus="0.0033" errorplus="0.0025" unit="BJD">2456822.6712</transittime>
			<semimajoraxis errorminus="0.016" errorplus="0.013">0.091</semimajoraxis>
			<inclination errorminus="0.080" errorplus="1.593">87.983</inclination>
			<description>K2-9b was discovered by the Kepler spacecraft during its extended K2 mission, Campaign 1. It receives approximately Earth-like insolation and has a radius intermediate between that of Earth and Neptune. The orbit most likely has a low eccentricity.</description>
			<discoverymethod>transit</discoverymethod>
			<istransiting>1</istransiting>
			<lastupdate>16/01/21</lastupdate>
			<discoveryyear>2015</discoveryyear>
		</planet>
	</star>
	<constellation>Virgo</constellation>
</system>
