<system>
	<name>FU Tau</name>
	<rightascension>04 23 35.3912</rightascension>
	<declination>+25 03 02.7418</declination>
	<distance>140</distance>
	<star>
		<name>FU Tau A</name>
		<magB>15.1</magB>
		<magJ errorminus="0.026" errorplus="0.026">10.781</magJ>
		<magH errorminus="0.027" errorplus="0.027">9.945</magH>
		<magK errorminus="0.024" errorplus="0.024">9.324</magK>
		<mass>0.05</mass>
		<spectraltype>M7.25</spectraltype>
		<planet>
			<name>FU Tau B</name>
			<list>Confirmed planets</list>
			<mass>15</mass>
			<separation errorminus="0.1" errorplus="0.1" unit="arcsec">5.72</separation>
			<separation unit="AU">800</separation>
			<positionangle errorminus="1" errorplus="1">123.2</positionangle>
			<magK errorminus="0.02" errorplus="0.02">13.20</magK>
			<temperature>2375</temperature>
			<spectraltype>M9.25</spectraltype>
			<discoverymethod>imaging</discoverymethod>
			<lastupdate>11/09/19</lastupdate>
			<discoveryyear>2009</discoveryyear>
		</planet>
		<name>FU Tau</name>
		<name>Gaia DR2 149629483705467008</name>
		<temperature>2838.0</temperature>
	</star>
	<constellation>Taurus</constellation>
</system>
