<system>
	<name>gam Psc</name>
	<rightascension>21 17 10.00</rightascension>
	<declination>+03 16 56.00</declination>
	<star>
		<name>gam Psc</name>
		<spectraltype>G9III</spectraltype>
		<planet>
			<name>gam Psc b</name>
			<semimajoraxis errorminus="0.08" errorplus="0.05">1.32</semimajoraxis>
			<eccentricity errorminus="0.14" errorplus="0.11">0.2</eccentricity>
			<periastron errorminus="56.0" errorplus="34.0">44.0</periastron>
			<period errorminus="2.5" errorplus="6.0">555.1</period>
			<description>The parameters listed here were imported into the Open Exoplanet Catalogue from the exoplanet.eu website.</description>
			<mass errorminus="0.31" errorplus="0.02">1.34</mass>
			<discoverymethod>RV</discoverymethod>
			<discoveryyear>2021</discoveryyear>
			<list>Confirmed planets</list>
			<lastupdate>21/12/17</lastupdate>
		</planet>
	</star>
	<constellation>Equuleus</constellation>
</system>
