<system>
	<name>gamma Libra</name>
	<name>gam Lib</name>
	<name>HD 138905</name>
	<name>HIP 76333</name>
	<rightascension>15 35 31.5788</rightascension>
	<declination>-14 47 22.3278</declination>
	<distance errorminus="0.90" errorplus="0.90">47.43</distance>
	<star>
		<name>gamma Libra</name>
		<name>gam Lib</name>
		<name>HD 138905</name>
		<name>HIP 76333</name>
		<name>Gaia DR2 6265374394490149248</name>
		<name>Zubenelhakrabi</name>
		<name>GJ 3912</name>
		<name>TYC 5608-1381-1</name>
		<radius errorminus="0.30" errorplus="1.10">11.10</radius>
		<magV>3.910</magV>
		<magI>2.893</magI>
		<magJ errorminus="0.294" errorplus="0.294">2.129</magJ>
		<magH errorminus="0.230" errorplus="0.230">1.595</magH>
		<magK errorminus="0.230" errorplus="0.230">1.524</magK>
		<mass errorminus="0.20" errorplus="0.20">1.47</mass>
		<temperature errorminus="15.00" errorplus="15.00">4822.00</temperature>
		<metallicity errorminus="0.030" errorplus="0.030">-0.300</metallicity>
		<spectraltype>K0III</spectraltype>
		<planet>
			<name>gamma Libra b</name>
			<name>gam Lib b</name>
			<name>HD 138905 b</name>
			<name>HIP 76333 b</name>
			<name>Gaia DR2 6265374394490149248 b</name>
			<name>Zubenelhakrabi b</name>
			<name>GJ 3912 b</name>
			<name>TYC 5608-1381-1 b</name>
			<semimajoraxis errorminus="0.100000" errorplus="0.100000">1.240000</semimajoraxis>
			<eccentricity errorminus="0.100000" errorplus="0.100000">0.210000</eccentricity>
			<periastron errorminus="38.0000" errorplus="30.0000">187.0000</periastron>
			<period errorminus="1.90000000" errorplus="1.80000000">415.20000000</period>
			<description>This planet was discovered by Takarada et al. 2018. This was a ground based discovery. The parameters listed here are those reported by Takarada et al. 2018 and were imported into the Open Exoplanet Catalogue from the NASA Exoplanet Archive.</description>
			<mass errorminus="0.14000" errorplus="0.14000">1.02000</mass>
			<discoverymethod>RV</discoverymethod>
			<discoveryyear>2018</discoveryyear>
			<list>Confirmed planets</list>
			<lastupdate>18/04/26</lastupdate>
		</planet>
		<planet>
			<name>gamma Librai c</name>
			<name>gam Lib c</name>
			<name>HD 138905 c</name>
			<name>HIP 76333 c</name>
			<semimajoraxis errorminus="0.100000" errorplus="0.100000">2.170000</semimajoraxis>
			<eccentricity errorminus="0.032000" errorplus="0.034000">0.057000</eccentricity>
			<periastron errorminus="43.0000" errorplus="32.0000">146.0000</periastron>
			<period errorminus="3.10000000" errorplus="3.10000000">964.60000000</period>
			<description>This planet was discovered by Takarada et al. 2018. This was a ground based discovery. The parameters listed here are those reported by Takarada et al. 2018 and were imported into the Open Exoplanet Catalogue from the NASA Exoplanet Archive.</description>
			<mass errorminus="0.43000" errorplus="0.45000">4.58000</mass>
			<discoverymethod>RV</discoverymethod>
			<discoveryyear>2018</discoveryyear>
			<list>Confirmed planets</list>
			<lastupdate>18/04/26</lastupdate>
		</planet>
	</star>
	<constellation>Libra</constellation>
</system>
