<system>
	<name>GJ 160.2</name>
	<name>HIP 19165</name>
	<rightascension>04 06 34.8414</rightascension>
	<declination>-20 51 11.2259</declination>
	<distance errorminus="0.04" errorplus="0.04">25.88</distance>
	<star>
		<name>GJ 160.2</name>
		<name>HIP 19165</name>
		<name>TYC 5889-644-1</name>
		<name>Gaia DR2 5091077112523802112</name>
		<name>GJ 9144</name>
		<magV errorminus="0.009" errorplus="0.009">9.680</magV>
		<magI errorminus="0.008" errorplus="0.008">8.300</magI>
		<magJ errorminus="0.021" errorplus="0.021">7.439</magJ>
		<magH errorminus="0.051" errorplus="0.051">6.854</magH>
		<magK errorminus="0.017" errorplus="0.017">6.702</magK>
		<magB>10.904</magB>
		<magR>8.93</magR>
		<mass>0.69</mass>
		<temperature>4347.00</temperature>
		<spectraltype>M0V</spectraltype>
		<planet>
			<name>GJ 160.2 b</name>
			<name>HIP 19165 b</name>
			<name>TYC 5889-644-1 b</name>
			<name>Gaia DR2 5091077112523802112 b</name>
			<name>GJ 9144 b</name>
			<semimajoraxis errorminus="0.007000" errorplus="0.004000">0.053000</semimajoraxis>
			<eccentricity errorminus="0.060000" errorplus="0.200000">0.060000</eccentricity>
			<periastron>360.0000</periastron>
			<period errorminus="0.00650000" errorplus="0.00270000">5.23540000</period>
			<description>This planet was discovered by Tuomi et al. 2014. This was a ground based discovery. The parameters listed here are those reported by Tuomi et al. 2014 and were imported into the Open Exoplanet Catalogue from the NASA Exoplanet Archive.</description>
			<mass errorminus="0.01856" errorplus="0.02265">0.03209</mass>
			<discoverymethod>RV</discoverymethod>
			<discoveryyear>2014</discoveryyear>
			<list>Confirmed planets</list>
			<lastupdate>19/10/10</lastupdate>
		</planet>
	</star>
	<constellation>Eridanus</constellation>
</system>
