<system>
	<name>GJ 1252</name>
	<rightascension>20 27 42.0813</rightascension>
	<declination>-56 27 25.1566</declination>
	<distance errorminus="0.02" errorplus="0.02">20.38</distance>
	<star>
		<name>GJ 1252</name>
		<name>Gaia DR2 6468968316900356736</name>
		<radius errorminus="0.02" errorplus="0.02">0.39</radius>
		<magV errorminus="0.056" errorplus="0.056">12.193</magV>
		<magJ errorminus="0.019" errorplus="0.019">8.697</magJ>
		<magH errorminus="0.034" errorplus="0.034">8.161</magH>
		<magK errorminus="0.022" errorplus="0.022">7.915</magK>
		<magR errorminus="0.04" errorplus="0.04">11.83</magR>
		<mass errorminus="0.02" errorplus="0.02">0.38</mass>
		<temperature errorminus="133.00" errorplus="140.00">3458.00</temperature>
		<metallicity errorminus="0.100" errorplus="0.100">0.100</metallicity>
		<spectraltype>M3</spectraltype>
		<planet>
			<name>GJ 1252 b</name>
			<name>Gaia DR2 6468968316900356736 b</name>
			<semimajoraxis errorminus="0.000760" errorplus="0.000760">0.009160</semimajoraxis>
			<eccentricity>0.000000</eccentricity>
			<inclination errorminus="1.800" errorplus="2.100">85.000</inclination>
			<period errorminus="0.00000500" errorplus="0.00000630">0.51823490</period>
			<description>This planet was discovered by Shporer et al. 2019. The discovery was made with a space based telescope (0.1 m TESS Telescope). The parameters listed here are those reported by Shporer et al. 2019 and were imported into the Open Exoplanet Catalogue from the NASA Exoplanet Archive.</description>
			<mass errorminus="0.00176" errorplus="0.00176">0.00658</mass>
			<radius errorminus="0.007" errorplus="0.007">0.106</radius>
			<temperature errorminus="69" errorplus="69">1089</temperature>
			<discoverymethod>transit</discoverymethod>
			<istransiting>1</istransiting>
			<discoveryyear>2020</discoveryyear>
			<list>Confirmed planets</list>
			<lastupdate>20/02/13</lastupdate>
			<transittime errorminus="0.000290" errorplus="0.000320">2458668.097390</transittime>
		</planet>
	</star>
	<constellation>Telescopium</constellation>
</system>
