<system>
	<name>GJ 1061</name>
	<rightascension>03 35 59.6996</rightascension>
	<declination>-44 30 45.7252</declination>
	<distance>3.67</distance>
	<star>
		<name>GJ 1061</name>
		<name>Gaia DR2 4848140361962951552</name>
		<radius errorminus="0.01" errorplus="0.01">0.16</radius>
		<magV errorminus="0.070" errorplus="0.070">13.060</magV>
		<magJ errorminus="0.020" errorplus="0.020">7.523</magJ>
		<magH errorminus="0.044" errorplus="0.044">7.015</magH>
		<magK errorminus="0.021" errorplus="0.021">6.610</magK>
		<mass errorminus="0.01" errorplus="0.01">0.12</mass>
		<temperature errorminus="98.00" errorplus="98.00">2953.00</temperature>
		<metallicity errorminus="0.080" errorplus="0.080">-0.080</metallicity>
		<spectraltype>M5.5V</spectraltype>
		<planet>
			<name>GJ 1061 b</name>
			<name>Gaia DR2 4848140361962951552 b</name>
			<semimajoraxis errorminus="0.001000" errorplus="0.001000">0.021000</semimajoraxis>
			<eccentricity>0.310000</eccentricity>
			<periastron errorminus="65.0000" errorplus="81.0000">145.0000</periastron>
			<period errorminus="0.00100000" errorplus="0.00100000">3.20400000</period>
			<description>This planet was discovered by Dreizler et al. 2020. This was a ground based discovery. The parameters listed here are those reported by Dreizler et al. 2020 and were imported into the Open Exoplanet Catalogue from the NASA Exoplanet Archive.</description>
			<mass errorminus="0.00047" errorplus="0.00050">0.00431</mass>
			<discoverymethod>RV</discoverymethod>
			<discoveryyear>2020</discoveryyear>
			<list>Confirmed planets</list>
			<lastupdate>20/02/27</lastupdate>
		</planet>
		<planet>
			<name>GJ 1061 c</name>
			<name>Gaia DR2 4848140361962951552 c</name>
			<semimajoraxis errorminus="0.001000" errorplus="0.001000">0.035000</semimajoraxis>
			<eccentricity>0.290000</eccentricity>
			<periastron errorminus="85.0000" errorplus="95.0000">88.0000</periastron>
			<period errorminus="0.00500000" errorplus="0.00500000">6.68900000</period>
			<description>This planet was discovered by Dreizler et al. 2020. This was a ground based discovery. The parameters listed here are those reported by Dreizler et al. 2020 and were imported into the Open Exoplanet Catalogue from the NASA Exoplanet Archive.</description>
			<mass errorminus="0.00072" errorplus="0.00072">0.00547</mass>
			<discoverymethod>RV</discoverymethod>
			<discoveryyear>2020</discoveryyear>
			<list>Confirmed planets</list>
			<lastupdate>20/02/27</lastupdate>
		</planet>
		<planet>
			<name>GJ 1061 d</name>
			<name>Gaia DR2 4848140361962951552 d</name>
			<semimajoraxis errorminus="0.001000" errorplus="0.001000">0.054000</semimajoraxis>
			<eccentricity>0.530000</eccentricity>
			<periastron errorminus="71.0000" errorplus="88.0000">157.0000</periastron>
			<period errorminus="0.03200000" errorplus="0.02500000">13.03100000</period>
			<description>This planet was discovered by Dreizler et al. 2020. This was a ground based discovery. The parameters listed here are those reported by Dreizler et al. 2020 and were imported into the Open Exoplanet Catalogue from the NASA Exoplanet Archive.</description>
			<mass errorminus="0.00072" errorplus="0.00076">0.00516</mass>
			<discoverymethod>RV</discoverymethod>
			<discoveryyear>2020</discoveryyear>
			<list>Confirmed planets</list>
			<lastupdate>20/02/27</lastupdate>
		</planet>
	</star>
	<constellation>Horologium</constellation>
</system>
