<system>
	<name>GJ 143</name>
	<name>HD 21749</name>
	<name>HIP 16069</name>
	<rightascension>03 26 59.2228</rightascension>
	<declination>-63 29 56.7618</declination>
	<distance errorminus="0.01" errorplus="0.01">16.33</distance>
	<star>
		<name>GJ 143</name>
		<name>HD 21749</name>
		<name>HIP 16069</name>
		<name>Gaia DR2 4673947174316727040</name>
		<name>TYC 8870-1392-1</name>
		<radius errorminus="0.03" errorplus="0.03">0.69</radius>
		<magV>7.870</magV>
		<magI>6.725</magI>
		<magJ errorminus="0.020" errorplus="0.020">6.081</magJ>
		<magH errorminus="0.031" errorplus="0.031">5.524</magH>
		<magK errorminus="0.024" errorplus="0.024">5.375</magK>
		<mass errorminus="0.07" errorplus="0.07">0.73</mass>
		<temperature errorminus="100.00" errorplus="100.00">4640.00</temperature>
		<metallicity errorminus="0.060" errorplus="0.060">0.003</metallicity>
		<spectraltype>K4.5</spectraltype>
		<planet>
			<name>GJ 143 b</name>
			<name>HD 21749 b</name>
			<name>HIP 16069 b</name>
			<name>Gaia DR2 4673947174316727040 b</name>
			<name>TYC 8870-1392-1 b</name>
			<semimajoraxis errorminus="0.006300" errorplus="0.005800">0.191500</semimajoraxis>
			<eccentricity errorminus="0.078000" errorplus="0.076000">0.188000</eccentricity>
			<periastron errorminus="17.0000" errorplus="21.0000">98.0000</periastron>
			<inclination errorminus="0.110" errorplus="0.150">89.330</inclination>
			<period errorminus="0.00062000" errorplus="0.00060000">35.61253000</period>
			<description>This planet was discovered by Trifonov et al. 2019. The discovery was made with a space based telescope (0.1 m TESS Telescope). The parameters listed here are those reported by Dragomir et al. 2018 and were imported into the Open Exoplanet Catalogue from the NASA Exoplanet Archive.</description>
			<mass errorminus="0.00598" errorplus="0.00692">0.07142</mass>
			<radius errorminus="0.014" errorplus="0.015">0.233</radius>
			<temperature errorminus="14" errorplus="15">422</temperature>
			<discoverymethod>transit</discoverymethod>
			<istransiting>1</istransiting>
			<discoveryyear>2019</discoveryyear>
			<list>Confirmed planets</list>
			<lastupdate>19/04/25</lastupdate>
			<transittime errorminus="0.000550" errorplus="0.000540">2458385.925020</transittime>
		</planet>
		<planet>
			<name>GJ 143 c</name>
			<name>HD 21749 c</name>
			<name>HIP 16069 c</name>
			<name>Gaia DR2 4673947174316727040 c</name>
			<name>TYC 8870-1392-1 c</name>
			<semimajoraxis errorminus="0.002300" errorplus="0.002100">0.069500</semimajoraxis>
			<inclination errorminus="0.370" errorplus="0.500">88.900</inclination>
			<period errorminus="0.00044000" errorplus="0.00051000">7.78993000</period>
			<description>This planet was discovered by Dragomir et al. 2018. The discovery was made with a space based telescope (0.1 m TESS Telescope). The parameters listed here are those reported by Dragomir et al. 2018 and were imported into the Open Exoplanet Catalogue from the NASA Exoplanet Archive.</description>
			<mass>0.01164</mass>
			<radius errorminus="0.005" errorplus="0.006">0.080</radius>
			<temperature errorminus="23" errorplus="25">701</temperature>
			<discoverymethod>transit</discoverymethod>
			<istransiting>1</istransiting>
			<discoveryyear>2019</discoveryyear>
			<list>Confirmed planets</list>
			<lastupdate>19/04/25</lastupdate>
			<transittime errorminus="0.001500" errorplus="0.001600">2458371.228700</transittime>
		</planet>
	</star>
	<constellation>Reticulum</constellation>
</system>
