<system>
	<name>GJ 1132</name>
	<rightascension>10 14 51.7783</rightascension>
	<declination>-47 09 24.1897</declination>
	<distance errorminus="0.01" errorplus="0.01">12.62</distance>
	<star>
		<name>GJ 1132</name>
		<name>Gaia DR2 5413438219396893568</name>
		<radius errorminus="0.01" errorplus="0.01">0.21</radius>
		<magV errorminus="0.030" errorplus="0.030">13.490</magV>
		<magI errorminus="0.020" errorplus="0.020">10.690</magI>
		<magJ errorminus="0.026" errorplus="0.026">9.245</magJ>
		<magH errorminus="0.031" errorplus="0.031">8.666</magH>
		<magK errorminus="0.027" errorplus="0.027">8.322</magK>
		<mass errorminus="0.02" errorplus="0.02">0.18</mass>
		<temperature errorminus="140.00" errorplus="140.00">3270.00</temperature>
		<spectraltype>M4.5V</spectraltype>
		<planet>
			<name>GJ 1132 b</name>
			<name>Gaia DR2 5413438219396893568 b</name>
			<semimajoraxis errorminus="0.000500" errorplus="0.000500">0.015300</semimajoraxis>
			<eccentricity>0.220000</eccentricity>
			<period errorminus="0.00002700" errorplus="0.00002700">1.62893100</period>
			<description>This planet was discovered by Berta-Thompson et al. 2015. This was a ground based discovery. The parameters listed here are those reported by Bonfils et al. 2018 and were imported into the Open Exoplanet Catalogue from the NASA Exoplanet Archive.</description>
			<mass errorminus="0.00072" errorplus="0.00072">0.00522</mass>
			<radius errorminus="0.005" errorplus="0.005">0.101</radius>
			<temperature errorminus="9" errorplus="9">529</temperature>
			<discoverymethod>transit</discoverymethod>
			<istransiting>1</istransiting>
			<discoveryyear>2015</discoveryyear>
			<list>Confirmed planets</list>
			<lastupdate>20/06/04</lastupdate>
		</planet>
		<planet>
			<name>GJ 1132 c</name>
			<semimajoraxis errorminus="0.001700" errorplus="0.001700">0.047600</semimajoraxis>
			<eccentricity>0.270000</eccentricity>
			<period errorminus="0.01000000" errorplus="0.01000000">8.92900000</period>
			<description>This planet was discovered by Feng et al. 2017. This was a ground based discovery. The parameters listed here are those reported by Bonfils et al. 2018 and were imported into the Open Exoplanet Catalogue from the NASA Exoplanet Archive.</description>
			<mass errorminus="0.00138" errorplus="0.00138">0.00831</mass>
			<temperature errorminus="5" errorplus="5">300</temperature>
			<discoverymethod>RV</discoverymethod>
			<discoveryyear>2018</discoveryyear>
			<list>Confirmed planets</list>
			<lastupdate>18/06/21</lastupdate>
		</planet>
	</star>
	<constellation>Vela</constellation>
</system>
