<system>
	<name>GJ 1265</name>
	<rightascension>22 13 42.8628</rightascension>
	<declination>-17 41 08.6764</declination>
	<distance errorminus="0.01" errorplus="0.01">10.26</distance>
	<star>
		<name>GJ 1265</name>
		<name>Gaia DR2 6825822095663585536</name>
		<radius errorminus="0.01" errorplus="0.01">0.19</radius>
		<magV errorminus="0.020" errorplus="0.020">13.570</magV>
		<magI errorminus="0.025" errorplus="0.025">10.570</magI>
		<magJ errorminus="0.029" errorplus="0.029">8.955</magJ>
		<magH errorminus="0.045" errorplus="0.045">8.422</magH>
		<magK errorminus="0.018" errorplus="0.018">8.115</magK>
		<mass errorminus="0.02" errorplus="0.02">0.18</mass>
		<temperature errorminus="51.00" errorplus="51.00">3236.00</temperature>
		<metallicity errorminus="0.160" errorplus="0.160">-0.040</metallicity>
		<spectraltype>M4.5V</spectraltype>
		<planet>
			<name>GJ 1265 b</name>
			<name>Gaia DR2 6825822095663585536 b</name>
			<semimajoraxis errorminus="0.001000" errorplus="0.001000">0.026000</semimajoraxis>
			<eccentricity errorminus="0.040000" errorplus="0.040000">0.040000</eccentricity>
			<periastron errorminus="72.0000" errorplus="72.0000">282.0000</periastron>
			<period errorminus="0.00120000" errorplus="0.00120000">3.65110000</period>
			<description>This planet was discovered by Luque et al. 2018. This was a ground based discovery. The parameters listed here are those reported by Luque et al. 2018 and were imported into the Open Exoplanet Catalogue from the NASA Exoplanet Archive.</description>
			<mass errorminus="0.00157" errorplus="0.00157">0.02328</mass>
			<discoverymethod>RV</discoverymethod>
			<discoveryyear>2018</discoveryyear>
			<list>Confirmed planets</list>
			<lastupdate>18/12/06</lastupdate>
		</planet>
	</star>
	<constellation>Aquarius</constellation>
</system>
