<system>
	<name>GJ 1151</name>
	<rightascension>11 50 57.7214</rightascension>
	<declination>+48 22 38.5624</declination>
	<distance errorminus="0.001" errorplus="0.001">8.034</distance>
	<star>
		<name>GJ 1151</name>
		<name>Gaia DR2 786834302079285632</name>
		<radius>0.2</radius>
		<magV>13.0</magV>
		<mass>0.17</mass>
		<spectraltype>M4.5</spectraltype>
		<planet>
			<name>GJ 1151 c</name>
			<name>Gliese 1151 c</name>
			<name>Gaia DR2 786834302079285632 c</name>
			<semimajoraxis errorminus="0.0007" errorplus="0.00065">0.01735</semimajoraxis>
			<period errorminus="0.0005" errorplus="0.0005">2.018</period>
			<description>GJ 1151 c is a terrestrial-mass planet and the likely source of coherent low frequency radio emission from this system. No planetary transit is detected in the TESS data. The parameters listed here were imported into the Open Exoplanet Catalogue from the exoplanet.eu website.</description>
			<mass errorminus="0.0016" errorplus="0.0016">0.0079</mass>
			<discoverymethod>RV</discoverymethod>
			<discoveryyear>2021</discoveryyear>
			<list>Confirmed planets</list>
			<lastupdate>21/02/07</lastupdate>
		</planet>
	</star>
	<constellation>Ursa Major</constellation>
</system>
