<system>
	<name>GJ 27.1</name>
	<name>HIP 3143</name>
	<rightascension>00 39 58.8243</rightascension>
	<declination>-44 15 11.5824</declination>
	<distance errorminus="0.03" errorplus="0.03">23.62</distance>
	<star>
		<name>GJ 27.1</name>
		<name>HIP 3143</name>
		<name>Gaia DR2 4980466929964496128</name>
		<name>GJ 9018</name>
		<name>TYC 7531-1014-1</name>
		<magV errorminus="0.014" errorplus="0.014">11.420</magV>
		<magI errorminus="0.010" errorplus="0.010">9.370</magI>
		<magJ errorminus="0.027" errorplus="0.027">8.225</magJ>
		<magH errorminus="0.038" errorplus="0.038">7.609</magH>
		<magK errorminus="0.029" errorplus="0.029">7.394</magK>
		<magB>12.888</magB>
		<magR>10.433</magR>
		<mass>0.53</mass>
		<temperature>3542.00</temperature>
		<spectraltype>M0.5V</spectraltype>
		<planet>
			<name>GJ 27.1 b</name>
			<name>HIP 3143 b</name>
			<name>Gaia DR2 4980466929964496128 b</name>
			<name>GJ 9018 b</name>
			<name>TYC 7531-1014-1 b</name>
			<semimajoraxis errorminus="0.013000" errorplus="0.009000">0.101000</semimajoraxis>
			<eccentricity errorminus="0.080000" errorplus="0.180000">0.080000</eccentricity>
			<periastron>150.0000</periastron>
			<period errorminus="0.02600000" errorplus="0.02300000">15.81900000</period>
			<description>This planet was discovered by Tuomi et al. 2014. This was a ground based discovery. The parameters listed here are those reported by Tuomi et al. 2014 and were imported into the Open Exoplanet Catalogue from the NASA Exoplanet Archive.</description>
			<mass errorminus="0.02077" errorplus="0.01290">0.04090</mass>
			<discoverymethod>RV</discoverymethod>
			<discoveryyear>2014</discoveryyear>
			<list>Confirmed planets</list>
			<lastupdate>19/10/10</lastupdate>
		</planet>
	</star>
	<constellation>Phoenix</constellation>
</system>
