<system>
	<name>GJ 2056</name>
	<name>HIP 34785</name>
	<rightascension>07 12 04.8089</rightascension>
	<declination>-24 53 31.4919</declination>
	<distance errorminus="0.02" errorplus="0.02">28.47</distance>
	<star>
		<name>GJ 2056</name>
		<name>HIP 34785</name>
		<name>TYC 6528-972-1</name>
		<name>Gaia DR2 5617244278837970816</name>
		<magV errorminus="0.010" errorplus="0.010">10.370</magV>
		<magJ errorminus="0.029" errorplus="0.029">7.704</magJ>
		<magH errorminus="0.040" errorplus="0.040">7.065</magH>
		<magK errorminus="0.017" errorplus="0.017">6.890</magK>
		<mass errorminus="0.08" errorplus="0.08">0.62</mass>
		<spectraltype>M0V:</spectraltype>
		<planet>
			<name>GJ 2056 b</name>
			<name>HIP 34785 b</name>
			<name>TYC 6528-972-1 b</name>
			<name>Gaia DR2 5617244278837970816 b</name>
			<semimajoraxis errorminus="0.013000" errorplus="0.013000">0.283000</semimajoraxis>
			<eccentricity errorminus="0.100000" errorplus="0.100000">0.720000</eccentricity>
			<periastron errorminus="116.0000" errorplus="116.0000">58.0000</periastron>
			<period errorminus="0.06100000" errorplus="0.06100000">69.97100000</period>
			<description>This planet was discovered by Feng et al. 2020. This was a ground based discovery. The parameters listed here are those reported by Feng et al. 2020 and were imported into the Open Exoplanet Catalogue from the NASA Exoplanet Archive.</description>
			<mass errorminus="0.01133" errorplus="0.01133">0.05097</mass>
			<discoverymethod>RV</discoverymethod>
			<discoveryyear>2020</discoveryyear>
			<list>Confirmed planets</list>
			<lastupdate>20/09/03</lastupdate>
		</planet>
	</star>
	<constellation>Canis Major</constellation>
</system>
