<system>
	<name>GJ 393</name>
	<name>Gl 393</name>
	<rightascension>10 28 55.5513</rightascension>
	<declination>+00 50 27.6018</declination>
	<distance errorminus="0.0025" errorplus="0.0025">7.0375</distance>
	<star>
		<name>GJ 393</name>
		<name>Gl 393</name>
		<name>Gaia DR2 3855208897392952192</name>
		<name>TYC 246-1068-1</name>
		<name>NC 28</name>
		<name>HIP 51317</name>
		<radius errorminus="0.013" errorplus="0.013">0.426</radius>
		<magV>9.0</magV>
		<mass errorminus="0.017" errorplus="0.017">0.426</mass>
		<temperature errorminus="51.0" errorplus="51.0">3579.0</temperature>
		<metallicity errorminus="0.16" errorplus="0.16">-0.09</metallicity>
		<spectraltype>M2.0V</spectraltype>
		<planet>
			<name>GJ 393 b</name>
			<name>Gl 393 b</name>
			<name>Gaia DR2 3855208897392952192 b</name>
			<name>TYC 246-1068-1 b</name>
			<name>NC 28 b</name>
			<name>HIP 51317 b</name>
			<semimajoraxis errorminus="0.00072" errorplus="0.00072">0.05402</semimajoraxis>
			<period errorminus="0.00085" errorplus="0.00085">7.02679</period>
			<description>The parameters listed here were imported into the Open Exoplanet Catalogue from the exoplanet.eu website.</description>
			<mass errorminus="0.00076" errorplus="0.00076">0.00538</mass>
			<temperature errorminus="11.0" errorplus="11.0">485.0</temperature>
			<discoverymethod>RV</discoverymethod>
			<discoveryyear>2021</discoveryyear>
			<list>Confirmed planets</list>
			<lastupdate>21/05/31</lastupdate>
		</planet>
	</star>
	<constellation>Sextans</constellation>
</system>
