<system>
	<name>GJ 3779</name>
	<rightascension>13 22 56.7478</rightascension>
	<declination>+24 28 03.6025</declination>
	<distance errorminus="0.01" errorplus="0.01">13.75</distance>
	<star>
		<name>GJ 3779</name>
		<name>Gaia DR2 1446540213584440704</name>
		<radius errorminus="0.01" errorplus="0.01">0.28</radius>
		<magV errorminus="0.020" errorplus="0.020">12.960</magV>
		<magI errorminus="0.025" errorplus="0.025">10.210</magI>
		<magJ errorminus="0.021" errorplus="0.021">8.728</magJ>
		<magH errorminus="0.051" errorplus="0.051">8.162</magH>
		<magK errorminus="0.033" errorplus="0.033">7.957</magK>
		<mass errorminus="0.02" errorplus="0.02">0.27</mass>
		<temperature errorminus="51.00" errorplus="51.00">3324.00</temperature>
		<metallicity errorminus="0.160" errorplus="0.160">0.000</metallicity>
		<spectraltype>M4.0V</spectraltype>
		<planet>
			<name>GJ 3779 b</name>
			<name>Gaia DR2 1446540213584440704 b</name>
			<semimajoraxis errorminus="0.001000" errorplus="0.001000">0.026000</semimajoraxis>
			<eccentricity errorminus="0.050000" errorplus="0.050000">0.070000</eccentricity>
			<periastron errorminus="42.0000" errorplus="42.0000">225.0000</periastron>
			<period errorminus="0.00130000" errorplus="0.00130000">3.02320000</period>
			<description>This planet was discovered by Luque et al. 2018. This was a ground based discovery. The parameters listed here are those reported by Luque et al. 2018 and were imported into the Open Exoplanet Catalogue from the NASA Exoplanet Archive.</description>
			<mass errorminus="0.00157" errorplus="0.00157">0.02517</mass>
			<discoverymethod>RV</discoverymethod>
			<discoveryyear>2018</discoveryyear>
			<list>Confirmed planets</list>
			<lastupdate>18/12/06</lastupdate>
		</planet>
	</star>
	<constellation>Coma Berenices</constellation>
</system>
