<system>
	<name>GJ 3998</name>
	<name>HIP 84460</name>
	<rightascension>17 16 00.6367</rightascension>
	<declination>+11 03 27.6136</declination>
	<distance errorminus="0.02" errorplus="0.02">18.16</distance>
	<star>
		<name>GJ 3998</name>
		<name>HIP 84460</name>
		<name>Gaia DR2 4540061704988054400</name>
		<name>TYC 982-121-1</name>
		<radius errorminus="0.05" errorplus="0.05">0.49</radius>
		<magV>10.830</magV>
		<magI errorminus="0.013" errorplus="0.013">8.780</magI>
		<magJ errorminus="0.021" errorplus="0.021">7.634</magJ>
		<magH errorminus="0.029" errorplus="0.029">7.020</magH>
		<magK errorminus="0.016" errorplus="0.016">6.816</magK>
		<mass errorminus="0.05" errorplus="0.05">0.50</mass>
		<temperature errorminus="68.00" errorplus="68.00">3722.00</temperature>
		<metallicity errorminus="0.090" errorplus="0.090">-0.160</metallicity>
		<spectraltype>M1</spectraltype>
		<planet>
			<name>GJ 3998 b</name>
			<name>HIP 84460 b</name>
			<name>Gaia DR2 4540061704988054400 b</name>
			<name>TYC 982-121-1 b</name>
			<semimajoraxis errorminus="0.001000" errorplus="0.001000">0.029000</semimajoraxis>
			<eccentricity>0.000000</eccentricity>
			<period errorminus="0.00077000" errorplus="0.00081000">2.64977000</period>
			<description>This planet was discovered by Affer et al. 2016. This was a ground based discovery. The parameters listed here are those reported by Affer et al. 2016 and were imported into the Open Exoplanet Catalogue from the NASA Exoplanet Archive.</description>
			<mass errorminus="0.00085" errorplus="0.00085">0.00777</mass>
			<discoverymethod>RV</discoverymethod>
			<discoveryyear>2016</discoveryyear>
			<list>Confirmed planets</list>
			<lastupdate>16/07/28</lastupdate>
		</planet>
		<planet>
			<name>GJ 3998 c</name>
			<name>HIP 84460 c</name>
			<name>Gaia DR2 4540061704988054400 c</name>
			<name>TYC 982-121-1 c</name>
			<semimajoraxis errorminus="0.003000" errorplus="0.003000">0.089000</semimajoraxis>
			<eccentricity errorminus="0.034000" errorplus="0.052000">0.049000</eccentricity>
			<period errorminus="0.01600000" errorplus="0.01600000">13.74000000</period>
			<description>This planet was discovered by Affer et al. 2016. This was a ground based discovery. The parameters listed here are those reported by Affer et al. 2016 and were imported into the Open Exoplanet Catalogue from the NASA Exoplanet Archive.</description>
			<mass errorminus="0.00239" errorplus="0.00249">0.01970</mass>
			<discoverymethod>RV</discoverymethod>
			<discoveryyear>2016</discoveryyear>
			<list>Confirmed planets</list>
			<lastupdate>16/07/28</lastupdate>
		</planet>
	</star>
	<constellation>Ophiucus</constellation>
</system>
