<system>
	<name>GJ 3323</name>
	<rightascension>05 01 57.4261</rightascension>
	<declination>-06 56 46.3718</declination>
	<distance errorminus="0.002" errorplus="0.002">5.38</distance>
	<star>
		<name>GJ 3323</name>
		<name>Gaia DR2 3187115498866675456</name>
		<radius>0.119</radius>
		<mass>0.164</mass>
		<spectraltype>M4</spectraltype>
		<temperature>3159.0</temperature>
		<magV errorminus="0.078" errorplus="0.078">12.196</magV>
		<magB errorminus="0.03" errorplus="0.03">13.92</magB>
		<magR errorminus="0.05" errorplus="0.05">11.791</magR>
		<magH errorminus="0.046" errorplus="0.046">7.065</magH>
		<magI errorminus="0.025" errorplus="0.025">9.175</magI>
		<magJ errorminus="0.032" errorplus="0.032">7.617</magJ>
		<magK errorminus="0.024" errorplus="0.024">6.736</magK>
		<metallicity>-0.27</metallicity>
		<planet>
			<name>GJ 3323 b</name>
			<name>Gaia DR2 3187115498866675456 b</name>
			<semimajoraxis errorminus="0.00056" errorplus="0.00054">0.03282</semimajoraxis>
			<eccentricity errorminus="0.11" errorplus="0.11">0.23</eccentricity>
			<period errorminus="0.000700" errorplus="0.000700">5.3636</period>
			<mass errorminus="0.00079" errorplus="0.00082">0.00636</mass>
			<discoverymethod>RV</discoverymethod>
			<discoveryyear>2017</discoveryyear>
			<lastupdate>17/03/21</lastupdate>
			<list>Confirmed planets</list>
			<description>Data for this planet was imported from the exoplanet.eu database.</description>
		</planet>
		<planet>
			<name>GJ 3323 c</name>
			<name>Gaia DR2 3187115498866675456 c</name>
			<semimajoraxis errorminus="0.0022" errorplus="0.0021">0.1264</semimajoraxis>
			<eccentricity errorminus="0.12" errorplus="0.21">0.17</eccentricity>
			<period errorminus="0.190000" errorplus="0.210000">40.54</period>
			<mass errorminus="0.0015" errorplus="0.0016">0.00727</mass>
			<discoverymethod>RV</discoverymethod>
			<discoveryyear>2017</discoveryyear>
			<lastupdate>17/03/21</lastupdate>
			<list>Confirmed planets</list>
			<description>Data for this planet was imported from the exoplanet.eu database.</description>
		</planet>
	</star>
	<constellation>Eridanus</constellation>
</system>
