<system>
	<name>GJ 3473</name>
	<rightascension>08 02 22.8828</rightascension>
	<declination>+03 20 19.6922</declination>
	<distance errorminus="0.04" errorplus="0.04">27.39</distance>
	<star>
		<name>GJ 3473</name>
		<name>Gaia DR2 3094290054327367168</name>
		<radius errorminus="0.01" errorplus="0.01">0.36</radius>
		<magJ errorminus="0.023" errorplus="0.023">9.627</magJ>
		<magH errorminus="0.021" errorplus="0.021">9.063</magH>
		<magK errorminus="0.024" errorplus="0.024">8.829</magK>
		<mass errorminus="0.02" errorplus="0.02">0.36</mass>
		<temperature errorminus="54.00" errorplus="54.00">3347.00</temperature>
		<metallicity errorminus="0.190" errorplus="0.190">0.110</metallicity>
		<spectraltype>M4</spectraltype>
		<planet>
			<name>GJ 3473 b</name>
			<name>Gaia DR2 3094290054327367168 b</name>
			<semimajoraxis errorminus="0.000620" errorplus="0.000620">0.015890</semimajoraxis>
			<eccentricity>0.000000</eccentricity>
			<inclination errorminus="0.450" errorplus="0.470">87.950</inclination>
			<period errorminus="0.00000190" errorplus="0.00000180">1.19800350</period>
			<description>This planet was discovered by Kemmer et al. 2020. The discovery was made with a space based telescope (0.1 m TESS Telescope). The parameters listed here are those reported by Kemmer et al. 2020 and were imported into the Open Exoplanet Catalogue from the NASA Exoplanet Archive.</description>
			<mass errorminus="0.00094" errorplus="0.00094">0.00585</mass>
			<radius errorminus="0.004" errorplus="0.004">0.113</radius>
			<temperature errorminus="15" errorplus="16">773</temperature>
			<discoverymethod>transit</discoverymethod>
			<istransiting>1</istransiting>
			<discoveryyear>2020</discoveryyear>
			<list>Confirmed planets</list>
			<lastupdate>20/10/22</lastupdate>
			<transittime errorminus="0.000420" errorplus="0.000430">2458492.204080</transittime>
		</planet>
		<planet>
			<name>GJ 3473 c</name>
			<name>Gaia DR2 3094290054327367168 c</name>
			<semimajoraxis errorminus="0.003400" errorplus="0.003500">0.087600</semimajoraxis>
			<eccentricity>0.000000</eccentricity>
			<period errorminus="0.03300000" errorplus="0.03300000">15.50900000</period>
			<description>This planet was discovered by Kemmer et al. 2020. This was a ground based discovery. The parameters listed here are those reported by Kemmer et al. 2020 and were imported into the Open Exoplanet Catalogue from the NASA Exoplanet Archive.</description>
			<mass errorminus="0.00271" errorplus="0.00286">0.02331</mass>
			<temperature errorminus="6" errorplus="7">329</temperature>
			<discoverymethod>RV</discoverymethod>
			<discoveryyear>2020</discoveryyear>
			<list>Confirmed planets</list>
			<lastupdate>20/10/22</lastupdate>
		</planet>
	</star>
	<constellation>Canis Minor</constellation>
</system>
