<system>
	<name>GJ 367</name>
	<distance errorminus="0.0028" errorplus="0.0028">9.4152</distance>
	<rightascension>09 44 29.8366</rightascension>
	<declination>-45 46 35.4255</declination>
	<star>
		<name>GJ 367</name>
		<name>Gaia DR2 5412250540681250560</name>
		<name>TYC 8168-2031-1</name>
		<name>HIP 47780</name>
		<spectraltype>M1</spectraltype>
		<planet>
			<name>GJ 367 b</name>
			<name>Gaia DR2 5412250540681250560 b</name>
			<name>TYC 8168-2031-1 b</name>
			<name>HIP 47780 b</name>
			<semimajoraxis errorminus="0.0002" errorplus="0.0002">0.0071</semimajoraxis>
			<inclination errorminus="0.64" errorplus="0.64">80.75</inclination>
			<period errorminus="0.000012" errorplus="0.000012">0.321962</period>
			<description>The parameters listed here were imported into the Open Exoplanet Catalogue from the exoplanet.eu website.</description>
			<mass errorminus="0.000245" errorplus="0.000245">0.001718</mass>
			<radius errorminus="0.00482" errorplus="0.00482">0.06406</radius>
			<discoverymethod>transit</discoverymethod>
			<istransiting>1</istransiting>
			<discoveryyear>2021</discoveryyear>
			<list>Confirmed planets</list>
			<lastupdate>21/12/02</lastupdate>
		</planet>
	</star>
	<constellation>Vela</constellation>
</system>
