<system>
	<name>GJ 422</name>
	<name>HD 304043</name>
	<name>HIP 55042</name>
	<rightascension>11 16 00.2045</rightascension>
	<declination>-57 32 51.5713</declination>
	<distance errorminus="0.01" errorplus="0.01">12.67</distance>
	<star>
		<name>GJ 422</name>
		<name>HD 304043</name>
		<name>HIP 55042</name>
		<name>TYC 8624-3387-1</name>
		<name>Gaia DR2 5339892367683264384</name>
		<name>Innes' star</name>
		<magV errorminus="0.014" errorplus="0.014">11.550</magV>
		<magI errorminus="0.010" errorplus="0.010">9.130</magI>
		<magJ errorminus="0.020" errorplus="0.020">7.811</magJ>
		<magH errorminus="0.053" errorplus="0.053">7.304</magH>
		<magK errorminus="0.031" errorplus="0.031">7.035</magK>
		<mass>0.35</mass>
		<spectraltype>M3.5V</spectraltype>
		<planet>
			<name>GJ 422 b</name>
			<name>HD 304043 b</name>
			<name>HIP 55042 b</name>
			<name>TYC 8624-3387-1 b</name>
			<name>Gaia DR2 5339892367683264384 b</name>
			<name>Innes' star b</name>
			<semimajoraxis errorminus="0.004000" errorplus="0.004000">0.111000</semimajoraxis>
			<eccentricity errorminus="0.040000" errorplus="0.040000">0.110000</eccentricity>
			<periastron errorminus="18.0000" errorplus="18.0000">265.0000</periastron>
			<period errorminus="0.00500000" errorplus="0.00500000">20.12900000</period>
			<description>This planet was discovered by Tuomi et al. 2014. This was a ground based discovery. The parameters listed here are those reported by Feng et al. 2020 and were imported into the Open Exoplanet Catalogue from the NASA Exoplanet Archive.</description>
			<mass errorminus="0.00352" errorplus="0.00352">0.03483</mass>
			<discoverymethod>RV</discoverymethod>
			<discoveryyear>2014</discoveryyear>
			<list>Confirmed planets</list>
			<lastupdate>20/02/13</lastupdate>
		</planet>
	</star>
	<constellation>Carina</constellation>
</system>
