<system>
	<name>GJ 4276</name>
	<rightascension>22 25 17.0663</rightascension>
	<declination>+59 24 49.8171</declination>
	<distance errorminus="0.02" errorplus="0.02">21.35</distance>
	<star>
		<name>GJ 4276</name>
		<name>Gaia DR2 2200501793758177152</name>
		<radius errorminus="0.01" errorplus="0.01">0.41</radius>
		<magJ errorminus="0.027" errorplus="0.027">8.745</magJ>
		<magH errorminus="0.044" errorplus="0.044">8.160</magH>
		<magK errorminus="0.021" errorplus="0.021">7.887</magK>
		<mass errorminus="0.03" errorplus="0.03">0.41</mass>
		<temperature errorminus="51.00" errorplus="51.00">3387.00</temperature>
		<metallicity errorminus="0.160" errorplus="0.160">0.120</metallicity>
		<spectraltype>M4.0</spectraltype>
		<planet>
			<name>GJ 4276 b</name>
			<name>Gaia DR2 2200501793758177152 b</name>
			<semimajoraxis errorminus="0.002000" errorplus="0.002000">0.082000</semimajoraxis>
			<eccentricity errorminus="0.030000" errorplus="0.030000">0.370000</eccentricity>
			<periastron errorminus="4.5600" errorplus="4.7400">216.8300</periastron>
			<period errorminus="0.00300000" errorplus="0.00300000">13.35200000</period>
			<description>This planet was discovered by Nagel et al. 2019. This was a ground based discovery. The parameters listed here are those reported by Nagel et al. 2019 and were imported into the Open Exoplanet Catalogue from the NASA Exoplanet Archive.</description>
			<mass errorminus="0.00299" errorplus="0.00296">0.05213</mass>
			<discoverymethod>RV</discoverymethod>
			<discoveryyear>2019</discoveryyear>
			<list>Confirmed planets</list>
			<lastupdate>19/01/24</lastupdate>
		</planet>
	</star>
	<constellation>Cepheus</constellation>
</system>
