<system>
	<name>GJ 685</name>
	<name>HIP 86087</name>
	<rightascension>17 35 34.4785</rightascension>
	<declination>+61 40 53.6265</declination>
	<distance errorminus="0.01" errorplus="0.01">14.32</distance>
	<star>
		<name>GJ 685</name>
		<name>HIP 86087</name>
		<name>TYC 4199-693-1</name>
		<name>Gaia DR2 1439069444391326208</name>
		<radius errorminus="0.05" errorplus="0.05">0.54</radius>
		<magV>9.970</magV>
		<magI errorminus="0.025" errorplus="0.025">8.000</magI>
		<magJ errorminus="0.032" errorplus="0.032">6.884</magJ>
		<magH errorminus="0.017" errorplus="0.017">6.271</magH>
		<magK errorminus="0.018" errorplus="0.018">6.066</magK>
		<mass errorminus="0.06" errorplus="0.06">0.55</mass>
		<temperature errorminus="69.00" errorplus="69.00">3816.00</temperature>
		<metallicity errorminus="0.090" errorplus="0.090">-0.150</metallicity>
		<spectraltype>M0.5</spectraltype>
		<planet>
			<name>GJ 685 b</name>
			<name>HIP 86087 b</name>
			<name>TYC 4199-693-1 b</name>
			<name>Gaia DR2 1439069444391326208 b</name>
			<semimajoraxis errorminus="0.005100" errorplus="0.005200">0.134400</semimajoraxis>
			<eccentricity>0.000000</eccentricity>
			<period errorminus="0.04700000" errorplus="0.06100000">24.16000000</period>
			<description>This planet was discovered by Pinamonti et al. 2019. This was a ground based discovery. The parameters listed here are those reported by Pinamonti et al. 2019 and were imported into the Open Exoplanet Catalogue from the NASA Exoplanet Archive.</description>
			<mass errorminus="0.00566" errorplus="0.00535">0.02832</mass>
			<discoverymethod>RV</discoverymethod>
			<discoveryyear>2019</discoveryyear>
			<list>Confirmed planets</list>
			<lastupdate>19/04/11</lastupdate>
		</planet>
	</star>
	<constellation>Draco</constellation>
</system>
