<system>
	<name>GJ 682</name>
	<rightascension>17 37 03.66242</rightascension>
	<declination>-44 19 09.1697</declination>
	<distance errorminus="0.054" errorplus="0.056">5.079</distance>
	<star>
		<name>GJ 682</name>
		<name>Gliese 682</name>
		<name>HIP 86214</name>
		<name>CD-44 11909</name>
		<name>CPD-44 8635</name>
		<name>LHS 451</name>
		<name>2MASS J17370367-4419088</name>
		<name>TYC 7896-3808-1</name>
		<name>Gaia DR2 5955305209191546112</name>
		<magU>13.791</magU>
		<magB>12.593</magB>
		<magV>10.946</magV>
		<magR>9.729</magR>
		<magI>8.145</magI>
		<magJ errorminus="0.023" errorplus="0.023">6.544</magJ>
		<magH errorminus="0.038" errorplus="0.038">5.917</magH>
		<magK errorminus="0.020" errorplus="0.020">5.606</magK>
		<spectraltype>M3.5 V</spectraltype>
		<mass>0.27</mass>
		<temperature>3028</temperature>
		<planet>
			<name>GJ 682 b</name>
			<name>Gliese 682 b</name>
			<name>TYC 7896-3808-1 b</name>
			<name>Gaia DR2 5955305209191546112 b</name>
			<name>HIP 86214 b</name>
			<period errorminus="0.040" errorplus="0.062">17.478</period>
			<eccentricity errorminus="0.08" errorplus="0.19">0.08</eccentricity>
			<periastron>90</periastron>
			<meananomaly>30</meananomaly>
			<mass errorminus="0.012" errorplus="0.012" type="msini">0.014</mass>
			<semimajoraxis errorminus="0.004" errorplus="0.014">0.080</semimajoraxis>
			<discoverymethod>RV</discoverymethod>
			<discoveryyear>2014</discoveryyear>
			<description>The planet candidates orbiting GJ 682 were identified by Bayesian analysis of 49 UVES and 12 HARPS radial velocity measurements.</description>
			<list>Controversial</list>
			<lastupdate>15/04/21</lastupdate>
		</planet>
		<planet>
			<name>GJ 682 c</name>
			<name>Gliese 682 c</name>
			<name>TYC 7896-3808-1 c</name>
			<name>Gaia DR2 5955305209191546112 c</name>
			<name>HIP 86214 c</name>
			<period errorminus="0.48" errorplus="0.45">57.32</period>
			<eccentricity errorminus="0.10" errorplus="0.19">0.10</eccentricity>
			<periastron>320</periastron>
			<meananomaly>240</meananomaly>
			<mass errorminus="0.014" errorplus="0.018" type="msini">0.027</mass>
			<semimajoraxis errorminus="0.009" errorplus="0.030">0.176</semimajoraxis>
			<discoverymethod>RV</discoverymethod>
			<discoveryyear>2014</discoveryyear>
			<description>The planet candidates orbiting GJ 682 were identified by Bayesian analysis of 49 UVES and 12 HARPS radial velocity measurements.</description>
			<list>Controversial</list>
			<lastupdate>15/04/21</lastupdate>
		</planet>
	</star>
	<constellation>Scorpius</constellation>
</system>
