<system>
	<name>GJ 740</name>
	<rightascension>18 58 00.00</rightascension>
	<declination>+05 54 29.2386</declination>
	<distance errorminus="0.006" errorplus="0.006">11.1017</distance>
	<star>
		<name>GJ 740</name>
		<name>Gaia DR2 4282578724832056576</name>
		<name>TYC 461-366-1</name>
		<name>HIP 93101</name>
		<name>HD 176029</name>
		<magV>9.4</magV>
		<spectraltype>M1V</spectraltype>
		<planet>
			<name>GJ 740 b</name>
			<name>Gaia DR2 4282578724832056576 b</name>
			<name>TYC 461-366-1 b</name>
			<name>HIP 93101 b</name>
			<name>HD 176029 b</name>
			<semimajoraxis errorminus="0.001" errorplus="0.001">0.029</semimajoraxis>
			<eccentricity errorminus="0.15" errorplus="0.15">0.24</eccentricity>
			<periastron errorminus="48.0" errorplus="60.0">319.0</periastron>
			<period errorminus="0.00013" errorplus="0.00013">2.37756</period>
			<description>The parameters listed here were imported into the Open Exoplanet Catalogue from the exoplanet.eu website.</description>
			<mass errorminus="0.0016" errorplus="0.0016">0.00931</mass>
			<temperature errorminus="50.0" errorplus="50.0">829.0</temperature>
			<discoverymethod>RV</discoverymethod>
			<discoveryyear>2021</discoveryyear>
			<list>Confirmed planets</list>
			<lastupdate>21/02/19</lastupdate>
		</planet>
	</star>
	<constellation>Serpens</constellation>
</system>
