<system>
	<name>GJ 720 A</name>
	<name>HIP 91128</name>
	<rightascension>18 35 18.3905</rightascension>
	<declination>+45 44 38.5365</declination>
	<distance errorminus="0.0061000" errorplus="0.0061000">15.5575000</distance>
	<star>
		<name>GJ 720 A</name>
		<name>HIP 91128</name>
		<name>TYC 3527-2134-1</name>
		<name>Gaia DR2 2118424350249708800</name>
		<radius errorminus="0.06" errorplus="0.06">0.56</radius>
		<magV errorminus="0.1000000" errorplus="0.1000000">9.8400000</magV>
		<magJ errorminus="0.0200000" errorplus="0.0200000">6.8810000</magJ>
		<magH errorminus="0.0210000" errorplus="0.0210000">6.2600000</magH>
		<magK errorminus="0.0160000" errorplus="0.0160000">6.0820000</magK>
		<mass errorminus="0.06" errorplus="0.06">0.57</mass>
		<temperature errorminus="69.00" errorplus="69.00">3837.00</temperature>
		<metallicity errorminus="0.090" errorplus="0.090">-0.140</metallicity>
		<spectraltype>M0.5V</spectraltype>
		<planet>
			<name>GJ 720 A b</name>
			<name>HIP 91128 b</name>
			<name>TYC 3527-2134-1 b</name>
			<name>Gaia DR2 2118424350249708800 b</name>
			<semimajoraxis errorminus="0.001000" errorplus="0.002000">0.119000</semimajoraxis>
			<eccentricity errorminus="0.060000" errorplus="0.050000">0.120000</eccentricity>
			<periastron errorminus="24.2800" errorplus="23.9700">110.2200</periastron>
			<period errorminus="0.00500000" errorplus="0.00500000">19.46600000</period>
			<description>This planet was discovered by González-Álvarez et al. 2021. This was a ground based discovery. The parameters listed here have been imported into the Open Exoplanet Catalogue from the NASA Exoplanet Archive.</description>
			<mass errorminus="0.00249" errorplus="0.00245">0.04292</mass>
			<radius>0.336</radius>
			<temperature errorminus="3.20000000000e+01" errorplus="3.20000000000e+01">4.01000000000e+02</temperature>
			<discoverymethod>RV</discoverymethod>
			<discoveryyear>2021</discoveryyear>
			<list>Confirmed planets</list>
			<lastupdate>21/07/21</lastupdate>
		</planet>
	</star>
	<constellation>Lyra</constellation>
</system>
