<system>
	<name>GJ 96</name>
	<name>HIP 11048</name>
	<rightascension>02 22 14.6440</rightascension>
	<declination>+47 52 48.1102</declination>
	<distance errorminus="0.01" errorplus="0.01">11.94</distance>
	<star>
		<name>GJ 96</name>
		<name>HIP 11048</name>
		<name>Gaia DR2 354077348697687424</name>
		<name>TYC 3298-1434-1</name>
		<magV>9.345</magV>
		<magJ errorminus="0.019" errorplus="0.019">6.377</magJ>
		<magH errorminus="0.038" errorplus="0.038">5.770</magH>
		<magK errorminus="0.026" errorplus="0.026">5.554</magK>
		<mass errorminus="0.07" errorplus="0.07">0.60</mass>
		<temperature errorminus="62.00" errorplus="62.00">3785.00</temperature>
		<metallicity errorminus="0.080" errorplus="0.080">0.140</metallicity>
		<spectraltype>M2</spectraltype>
		<planet>
			<name>GJ 96 b</name>
			<name>HIP 11048 b</name>
			<name>Gaia DR2 354077348697687424 b</name>
			<name>TYC 3298-1434-1 b</name>
			<semimajoraxis errorminus="0.005000" errorplus="0.005000">0.291000</semimajoraxis>
			<eccentricity errorminus="0.110000" errorplus="0.090000">0.440000</eccentricity>
			<periastron errorminus="14.5200" errorplus="12.4500">339.5800</periastron>
			<period errorminus="0.38000000" errorplus="0.33000000">73.94000000</period>
			<description>This planet was discovered by Hobson et al. 2018. This was a ground based discovery. The parameters listed here are those reported by Hobson et al. 2018 and were imported into the Open Exoplanet Catalogue from the NASA Exoplanet Archive.</description>
			<mass errorminus="0.00724" errorplus="0.00761">0.06186</mass>
			<discoverymethod>RV</discoverymethod>
			<discoveryyear>2018</discoveryyear>
			<list>Confirmed planets</list>
			<lastupdate>18/11/08</lastupdate>
		</planet>
	</star>
	<constellation>Andromeda</constellation>
</system>
