<system>
	<name>GJ 9689</name>
	<rightascension>20 13 51.8072</rightascension>
	<declination>+13 23 19.7141</declination>
	<distance errorminus="0.001" errorplus="0.001">30.686</distance>
	<star>
		<name>GJ 9689</name>
		<name>GJ 784.1</name>
		<name>Gaia DR2 1803475188714186368</name>
		<name>TYC 1085-448-1</name>
		<name>HIP 99699</name>
		<radius errorminus="0.06" errorplus="0.06">0.57</radius>
		<magV>11.3</magV>
		<mass errorminus="0.06" errorplus="0.06">0.59</mass>
		<temperature errorminus="69.0" errorplus="69.0">3836.0</temperature>
		<metallicity errorminus="0.04" errorplus="0.04">0.05</metallicity>
		<spectraltype>M0.5V</spectraltype>
		<planet>
			<name>GJ 9689 b</name>
			<name>GJ 784.1 b</name>
			<name>Gaia DR2 1803475188714186368 b</name>
			<name>TYC 1085-448-1 b</name>
			<name>HIP 99699 b</name>
			<semimajoraxis errorminus="0.0039" errorplus="0.0039">0.1139</semimajoraxis>
			<eccentricity errorminus="0.13" errorplus="0.11">0.29</eccentricity>
			<periastron errorminus="23.0" errorplus="20.67">173.7</periastron>
			<period errorminus="0.01" errorplus="0.01">18.27</period>
			<description>The parameters listed here were imported into the Open Exoplanet Catalogue from the exoplanet.eu website.</description>
			<mass errorminus="0.0044" errorplus="0.0044">0.03036</mass>
			<temperature errorminus="40.0" errorplus="40.0">450.0</temperature>
			<discoverymethod>RV</discoverymethod>
			<discoveryyear>2021</discoveryyear>
			<list>Confirmed planets</list>
			<lastupdate>21/05/14</lastupdate>
		</planet>
	</star>
	<constellation>Aquila</constellation>
</system>
