<system>
	<name>GJ 9827</name>
	<name>HIP 115752</name>
	<rightascension>23 27 04.8376</rightascension>
	<declination>-01 17 10.5856</declination>
	<distance errorminus="0.05" errorplus="0.05">29.69</distance>
	<star>
		<name>GJ 9827</name>
		<name>HIP 115752</name>
		<name>Gaia DR2 2643842302456085888</name>
		<radius>0.60</radius>
		<magV errorminus="0.138" errorplus="0.138">10.250</magV>
		<magI errorminus="0.008" errorplus="0.008">8.890</magI>
		<magJ errorminus="0.020" errorplus="0.020">7.984</magJ>
		<magH errorminus="0.042" errorplus="0.042">7.379</magH>
		<magK errorminus="0.024" errorplus="0.024">7.193</magK>
		<mass errorminus="0.01" errorplus="0.02">0.61</mass>
		<temperature errorminus="53.00" errorplus="40.00">4340.00</temperature>
		<metallicity errorminus="0.090" errorplus="0.090">-0.260</metallicity>
		<spectraltype>K5V</spectraltype>
		<planet>
			<name>GJ 9827 b</name>
			<name>HIP 115752 b</name>
			<name>Gaia DR2 2643842302456085888 b</name>
			<semimajoraxis errorminus="0.000140" errorplus="0.000200">0.018800</semimajoraxis>
			<eccentricity>0.000000</eccentricity>
			<inclination errorminus="0.340" errorplus="0.410">86.070</inclination>
			<period errorminus="0.00000714" errorplus="0.00000693">1.20898190</period>
			<description>This planet was discovered by Niraula et al. 2017. The discovery was made with a space based telescope (0.95 m Kepler Telescope). The parameters listed here are those reported by Rice et al. 2019 and were imported into the Open Exoplanet Catalogue from the NASA Exoplanet Archive.</description>
			<mass errorminus="0.00154" errorplus="0.00154">0.01545</mass>
			<radius errorminus="0.003" errorplus="0.002">0.141</radius>
			<discoverymethod>transit</discoverymethod>
			<istransiting>1</istransiting>
			<discoveryyear>2017</discoveryyear>
			<list>Confirmed planets</list>
			<lastupdate>19/08/29</lastupdate>
			<transittime errorminus="0.000260" errorplus="0.000260">2457738.825860</transittime>
		</planet>
		<planet>
			<name>GJ 9827 c</name>
			<name>HIP 115752 c</name>
			<name>Gaia DR2 2643842302456085888 c</name>
			<semimajoraxis errorminus="0.000290" errorplus="0.000420">0.039250</semimajoraxis>
			<eccentricity>0.000000</eccentricity>
			<inclination errorminus="0.180" errorplus="0.210">88.190</inclination>
			<period errorminus="0.00006210" errorplus="0.00006330">3.64809570</period>
			<description>This planet was discovered by Niraula et al. 2017. The discovery was made with a space based telescope (0.95 m Kepler Telescope). The parameters listed here are those reported by Rice et al. 2019 and were imported into the Open Exoplanet Catalogue from the NASA Exoplanet Archive.</description>
			<mass>0.00264</mass>
			<radius errorminus="0.002" errorplus="0.002">0.111</radius>
			<discoverymethod>transit</discoverymethod>
			<istransiting>1</istransiting>
			<discoveryyear>2017</discoveryyear>
			<list>Confirmed planets</list>
			<lastupdate>19/08/29</lastupdate>
			<transittime errorminus="0.000730" errorplus="0.000720">2457742.199300</transittime>
		</planet>
		<planet>
			<name>GJ 9827 d</name>
			<name>HIP 115752 d</name>
			<name>Gaia DR2 2643842302456085888 d</name>
			<semimajoraxis errorminus="0.000410" errorplus="0.000590">0.055910</semimajoraxis>
			<eccentricity>0.000000</eccentricity>
			<inclination errorminus="0.045" errorplus="0.045">87.443</inclination>
			<period errorminus="0.00006110" errorplus="0.00006260">6.20146980</period>
			<description>This planet was discovered by Niraula et al. 2017. The discovery was made with a space based telescope (0.95 m Kepler Telescope). The parameters listed here are those reported by Rice et al. 2019 and were imported into the Open Exoplanet Catalogue from the NASA Exoplanet Archive.</description>
			<mass errorminus="0.00264" errorplus="0.00258">0.01271</mass>
			<radius errorminus="0.004" errorplus="0.004">0.180</radius>
			<discoverymethod>transit</discoverymethod>
			<istransiting>1</istransiting>
			<discoveryyear>2017</discoveryyear>
			<list>Confirmed planets</list>
			<lastupdate>19/08/29</lastupdate>
			<transittime errorminus="0.000450" errorplus="0.000440">2457740.961150</transittime>
		</planet>
	</star>
	<constellation>Pisces</constellation>
</system>
