<system>
	<name>GJ 9066</name>
	<rightascension>02 00 12.9561</rightascension>
	<declination>+13 03 07.0212</declination>
	<distance>4.47</distance>
	<star>
		<name>GJ 9066</name>
		<name>Gaia DR2 76868614540049408</name>
		<name>GJ 83.1</name>
		<magV errorminus="0.020" errorplus="0.020">12.270</magV>
		<magI errorminus="0.025" errorplus="0.025">9.150</magI>
		<magJ errorminus="0.017" errorplus="0.017">7.514</magJ>
		<magH errorminus="0.027" errorplus="0.027">6.970</magH>
		<magK errorminus="0.017" errorplus="0.017">6.648</magK>
		<mass errorminus="0.02" errorplus="0.02">0.15</mass>
		<spectraltype>M4.5V</spectraltype>
		<planet>
			<name>GJ 9066 b</name>
			<name>Gaia DR2 76868614540049408 b</name>
			<name>GJ 83.1 b</name>
			<semimajoraxis errorminus="0.018000" errorplus="0.018000">0.403000</semimajoraxis>
			<eccentricity errorminus="0.120000" errorplus="0.120000">0.180000</eccentricity>
			<periastron errorminus="129.0000" errorplus="129.0000">204.0000</periastron>
			<period errorminus="1.80800000" errorplus="1.80800000">241.88300000</period>
			<description>This planet was discovered by Feng et al. 2020. This was a ground based discovery. The parameters listed here are those reported by Feng et al. 2020 and were imported into the Open Exoplanet Catalogue from the NASA Exoplanet Archive.</description>
			<mass errorminus="0.02014" errorplus="0.02014">0.09722</mass>
			<discoverymethod>RV</discoverymethod>
			<discoveryyear>2020</discoveryyear>
			<list>Confirmed planets</list>
			<lastupdate>20/09/03</lastupdate>
		</planet>
		<planet>
			<name>GJ 9066 c</name>
			<semimajoraxis errorminus="0.040000" errorplus="0.040000">0.870000</semimajoraxis>
			<eccentricity errorminus="0.100000" errorplus="0.100000">0.330000</eccentricity>
			<periastron errorminus="119.0000" errorplus="119.0000">278.0000</periastron>
			<period errorminus="7.50000000" errorplus="7.50000000">767.88700000</period>
			<description>This planet was discovered by Feng et al. 2020. This was a ground based discovery. The parameters listed here are those reported by Feng et al. 2020 and were imported into the Open Exoplanet Catalogue from the NASA Exoplanet Archive.</description>
			<mass errorminus="0.03241" errorplus="0.03241">0.22528</mass>
			<discoverymethod>RV</discoverymethod>
			<discoveryyear>2020</discoveryyear>
			<list>Confirmed planets</list>
			<lastupdate>20/09/03</lastupdate>
		</planet>
	</star>
	<constellation>Aries</constellation>
</system>
