<system>
	<name>Gl 378</name>
	<name>HIP 49189</name>
	<rightascension>10 02 21.7516</rightascension>
	<declination>+48 05 19.6871</declination>
	<distance errorminus="0.01" errorplus="0.01">14.96</distance>
	<star>
		<name>Gl 378</name>
		<name>HIP 49189</name>
		<name>GJ 378</name>
		<name>TYC 3437-85-1</name>
		<name>Gaia DR2 823228721066990720</name>
		<radius errorminus="0.02" errorplus="0.02">0.56</radius>
		<magV>10.190</magV>
		<magI errorminus="0.025" errorplus="0.025">8.120</magI>
		<magJ errorminus="0.020" errorplus="0.020">6.949</magJ>
		<magH errorminus="0.024" errorplus="0.024">6.355</magH>
		<magK errorminus="0.016" errorplus="0.016">6.160</magK>
		<mass errorminus="0.01" errorplus="0.01">0.56</mass>
		<temperature errorminus="67.00" errorplus="67.00">3879.00</temperature>
		<metallicity errorminus="0.090" errorplus="0.090">0.060</metallicity>
		<spectraltype>M1</spectraltype>
		<planet>
			<name>Gl 378 b</name>
			<name>HIP 49189 b</name>
			<name>GJ 378 b</name>
			<name>TYC 3437-85-1 b</name>
			<name>Gaia DR2 823228721066990720 b</name>
			<semimajoraxis errorminus="0.000230" errorplus="0.000230">0.039435</semimajoraxis>
			<eccentricity errorminus="0.077000" errorplus="0.131000">0.109000</eccentricity>
			<periastron errorminus="116.9000" errorplus="79.8000">210.6000</periastron>
			<period errorminus="0.00100000" errorplus="0.00100000">3.82200000</period>
			<description>This planet was discovered by Hobson et al. 2019. This was a ground based discovery. The parameters listed here are those reported by Hobson et al. 2019 and were imported into the Open Exoplanet Catalogue from the NASA Exoplanet Archive.</description>
			<mass errorminus="0.00632" errorplus="0.00639">0.04097</mass>
			<temperature>830</temperature>
			<discoverymethod>RV</discoverymethod>
			<discoveryyear>2019</discoveryyear>
			<list>Confirmed planets</list>
			<lastupdate>19/03/05</lastupdate>
		</planet>
	</star>
	<constellation>Ursa Major</constellation>
</system>
