<system>
	<name>Gliese 15</name>
	<rightascension>00 18 22.88532</rightascension>
	<declination>+44 01 22.6282</declination>
	<distance errorminus="0.010" errorplus="0.010">3.587</distance>
	<binary>
		<name>Gliese 15</name>
		<name>GJ 15</name>
		<name>Groombridge 34</name>
		<name>BD+43 44</name>
		<name>WDS J00184+4401</name>
		<period errorminus="94600" errorplus="94600">457700</period>
		<semimajoraxis errorminus="12.7" errorplus="12.7">95.9</semimajoraxis>
		<inclination errorminus="11" errorplus="11">46</inclination>
		<ascendingnode errorminus="25" errorplus="25">243</ascendingnode>
		<periastrontime errorminus="29600" errorplus="29600">2571000</periastrontime>
		<eccentricity errorminus="0.19" errorplus="0.19">0.59</eccentricity>
		<periastron errorminus="32" errorplus="32">331</periastron>
		<star>
			<name>Gliese 15 A</name>
			<name>GJ 15 A</name>
			<name>HD 1326 A</name>
			<name>HIP 1475</name>
			<name>TYC 2794-157-1</name>
			<name>SAO 36248</name>
			<name>GX Andromedae</name>
			<name>GX And</name>
			<name>Groombridge 34 A</name>
			<name>BD+43 44 A</name>
			<name>WDS J00184+4401 A</name>
			<name>2MASS J00182256+4401222</name>
			<magU>10.30</magU>
			<magB>9.63</magB>
			<magV errorminus="0.01" errorplus="0.01">8.13</magV>
			<magR>7.3</magR>
			<magI>6.4</magI>
			<magJ>5.25</magJ>
			<magH>4.48</magH>
			<magK>4.02</magK>
			<mass errorminus="0.057" errorplus="0.057">0.375</mass>
			<radius errorminus="0.0021" errorplus="0.0021">0.3863</radius>
			<temperature errorminus="11" errorplus="11">3567</temperature>
			<metallicity errorminus="0.17" errorplus="0.17">-0.32</metallicity>
			<spectraltype>M2V</spectraltype>
			<planet>
				<name>GJ 15 A b</name>
				<name>HD 1326 A b</name>
				<name>HIP 1475 b</name>
				<semimajoraxis errorminus="0.004000" errorplus="0.003000">0.072000</semimajoraxis>
				<eccentricity errorminus="0.065000" errorplus="0.091000">0.094000</eccentricity>
				<periastron errorminus="74.0000" errorplus="49.0000">55.0000</periastron>
				<period errorminus="0.00160000" errorplus="0.00170000">11.44070000</period>
				<description>This planet was discovered by Howard et al. 2014. This was a ground based discovery. The parameters listed here are those reported by Pinamonti et al. 2018 and were imported into the Open Exoplanet Catalogue from the NASA Exoplanet Archive.</description>
				<mass errorminus="0.00138" errorplus="0.00145">0.00953</mass>
				<discoverymethod>RV</discoverymethod>
				<discoveryyear>2014</discoveryyear>
				<list>Confirmed planets</list>
				<lastupdate>19/10/10</lastupdate>
				<list>Planets in binary systems, S-type</list>
			</planet>
			<planet>
				<name>GJ 15 A c</name>
				<name>HD 1326 A c</name>
				<name>HIP 1475 c</name>
				<semimajoraxis errorminus="0.900000" errorplus="1.000000">5.400000</semimajoraxis>
				<eccentricity errorminus="0.190000" errorplus="0.280000">0.270000</eccentricity>
				<periastron errorminus="53.3000" errorplus="100.8000">-58.4000</periastron>
				<period errorminus="1700.00000000" errorplus="2200.00000000">7600.00000000</period>
				<description>This planet was discovered by Pinamonti et al. 2018. This was a ground based discovery. The parameters listed here are those reported by Pinamonti et al. 2018 and were imported into the Open Exoplanet Catalogue from the NASA Exoplanet Archive.</description>
				<mass errorminus="0.05663" errorplus="0.07866">0.11327</mass>
				<discoverymethod>RV</discoverymethod>
				<discoveryyear>2018</discoveryyear>
				<list>Confirmed planets</list>
				<lastupdate>19/10/10</lastupdate>
				<list>Planets in binary systems, S-type</list>
			</planet>
		</star>
		<star>
			<name>Gliese 15 B</name>
			<name>GJ 15 B</name>
			<name>HD 1326 B</name>
			<name>GQ And</name>
			<name>GQ Andromedae</name>
			<name>Groombridge 34 B</name>
			<name>BD+43 44 B</name>
			<name>WDS J00184+4401 B</name>
			<name>2MASS J00182549+4401376</name>
			<magB>12.84</magB>
			<magV>11.04</magV>
			<magR>10.3</magR>
			<magJ errorminus="0.024" errorplus="0.024">6.789</magJ>
			<magH errorminus="0.016" errorplus="0.016">6.191</magH>
			<magK errorminus="0.024" errorplus="0.024">5.948</magK>
			<spectraltype>M3.5</spectraltype>
			<mass>0.163</mass>
			<radius>0.19</radius>
		</star>
	</binary>
	<constellation>Andromeda</constellation>
</system>
