<system>
	<name>Gliese 1214</name>
	<name>GJ 1214</name>
	<rightascension>17 15 19.00</rightascension>
	<declination>+04 57 50.00</declination>
	<distance>13.0</distance>
	<star>
		<name>Gliese 1214</name>
		<name>GJ 1214</name>
		<radius errorminus="0.012" errorplus="0.012">0.216</radius>
		<magV>14.71</magV>
		<mass errorminus="0.011" errorplus="0.011">0.15</mass>
		<temperature errorminus="150.0" errorplus="150.0">3026.0</temperature>
		<metallicity errorminus="0.15" errorplus="0.15">0.39</metallicity>
		<spectraltype>M</spectraltype>
		<planet>
			<name>Gliese 1214 b</name>
			<name>GJ 1214 b</name>
			<semimajoraxis errorminus="0.00032" errorplus="0.00032">0.01411</semimajoraxis>
			<eccentricity upperlimit="0.27" />
			<inclination errorminus="0.54" errorplus="0.54">88.17</inclination>
			<period>1.580404497</period>
			<description>Gliese 1214 is a red dwarf in the constellation Ophiuchus only 40 light years away. The planet was found with a 40cm telescope and commercially available cameras. New observations from NASA's Hubble Space Telescope show that it is a waterworld enshrouded by a thick, steamy atmosphere. GJ1214b represents a new type of planet, like nothing seen in our solar system or any other planetary system currently known.</description>
			<mass errorminus="0.00135" errorplus="0.00135">0.02571</mass>
			<radius errorminus="0.00473" errorplus="0.00473">0.24463</radius>
			<discoverymethod>transit</discoverymethod>
			<istransiting>1</istransiting>
			<discoveryyear>2009</discoveryyear>
			<list>Confirmed planets</list>
			<lastupdate>21/08/02</lastupdate>
		</planet>
	</star>
	<constellation>Ophiucus</constellation>
</system>
