<system>
	<name>Gliese 49</name>
	<name>Gl 49</name>
	<name>HIP 4872</name>
	<rightascension>01 02 38.8679</rightascension>
	<declination>+62 20 42.1728</declination>
	<distance>9.86</distance>
	<star>
		<name>Gliese 49</name>
		<name>Gl 49</name>
		<name>HIP 4872</name>
		<name>Gaia DR2 522863309964987520</name>
		<name>TYC 4021-1115-1</name>
		<name>GJ 49</name>
		<radius errorminus="0.02" errorplus="0.02">0.51</radius>
		<magV errorminus="0.020" errorplus="0.020">9.560</magV>
		<magI errorminus="0.025" errorplus="0.025">7.440</magI>
		<magJ errorminus="0.021" errorplus="0.021">6.230</magJ>
		<magH errorminus="0.024" errorplus="0.024">5.582</magH>
		<magK errorminus="0.020" errorplus="0.020">5.371</magK>
		<magB>11.439</magB>
		<magR>8.7</magR>
		<mass errorminus="0.02" errorplus="0.02">0.52</mass>
		<temperature errorminus="51.00" errorplus="51.00">3805.00</temperature>
		<metallicity errorminus="0.160" errorplus="0.160">0.130</metallicity>
		<spectraltype>M1.5V</spectraltype>
		<planet>
			<name>Gliese 49 b</name>
			<name>Gl 49 b</name>
			<name>HIP 4872 b</name>
			<name>Gaia DR2 522863309964987520 b</name>
			<name>TYC 4021-1115-1 b</name>
			<name>GJ 49 b</name>
			<semimajoraxis errorminus="0.001100" errorplus="0.001100">0.090500</semimajoraxis>
			<eccentricity errorminus="0.096000" errorplus="0.099000">0.363000</eccentricity>
			<periastron errorminus="21.0000" errorplus="21.0000">43.0000</periastron>
			<period errorminus="0.00510000" errorplus="0.00530000">13.85080000</period>
			<description>The observations of this super-Earth were made with the Italian TNG, operated on the island of La Palma, Spain; the CARMENES instrument installed at the 3.5 m telescope of the Calar Alto Observatory, Spain; the robotic APT2 located at Serra La Nave on Mt. Etna, Italy; and the T90 telescope at Sierra Nevada Observatory, Spain.</description>
			<mass errorminus="0.00214" errorplus="0.00211">0.01771</mass>
			<discoverymethod>RV</discoverymethod>
			<discoveryyear>2019</discoveryyear>
			<list>Confirmed planets</list>
			<lastupdate>19/06/13</lastupdate>
		</planet>
	</star>
	<constellation>Cassiopeia</constellation>
</system>
