<system>
	<name>Gliese 777</name>
	<rightascension>20 03 37.405</rightascension>
	<declination>+29 53 48.50</declination>
	<distance>15.89</distance>
	<binary>
		<separation unit="arcsec">179</separation>
		<separation unit="AU">2844</separation>
		<positionangle>234</positionangle>
		<star>
			<name>Gliese 777 A</name>
			<name>HD 190360 A</name>
			<name>HR 7670 A</name>
			<mass>1.04</mass>
			<radius>1.2</radius>
			<magV>5.71</magV>
			<age>6.7</age>
			<metallicity>0.24</metallicity>
			<spectraltype>G6 IV</spectraltype>
			<planet>
				<name>Gliese 777 A b</name>
				<name>HD 190360 A b</name>
				<name>HD 190360 b</name>
				<name>HR 7670 A b</name>
				<list>Confirmed planets</list>
				<list>Planets in binary systems, S-type</list>
				<mass errorminus="0.154" errorplus="1.154">1.495</mass>
				<period errorminus="7.7" errorplus="7.7">2867.9</period>
				<periastrontime errorminus="19" errorplus="19" unit="BJD">2459271</periastrontime>
				<description>The A component of the star system Gliese 777 hosts at least two planets. With 6.7 billion years, the host star is much older than our Sun. The binary companion is a dim red dwarf orbiting at a distance of 3000 astronomical units.</description>
				<semimajoraxis>3.92</semimajoraxis>
				<eccentricity errorminus="0.017" errorplus="0.017">0.343</eccentricity>
				<discoverymethod>RV</discoverymethod>
				<lastupdate>15/06/29</lastupdate>
				<discoveryyear>2003</discoveryyear>
			</planet>
			<planet>
				<name>Gliese 777 A c</name>
				<name>HD 190360 A c</name>
				<name>HD 190360 c</name>
				<name>HR 7670 A c</name>
				<list>Confirmed planets</list>
				<list>Planets in binary systems, S-type</list>
				<description>The A component of the star system Gliese 777 hosts at least two planets. With 6.7 billion years, the host star is much older than our Sun. The binary companion is a dim red dwarf orbiting at a distance of 3000 astronomical units.</description>
				<mass errorminus="0.01" errorplus="0.01">0.064</mass>
				<period errorminus="0.0016" errorplus="0.0016">17.1186</period>
				<periastrontime errorminus="2.9" errorplus="1.5" unit="BJD">2455570.3</periastrontime>
				<semimajoraxis>0.128</semimajoraxis>
				<eccentricity errorminus="0.07" errorplus="0.07">0.107</eccentricity>
				<discoverymethod>RV</discoverymethod>
				<lastupdate>15/06/29</lastupdate>
				<discoveryyear>2005</discoveryyear>
			</planet>
		</star>
		<star>
			<mass>0.20</mass>
			<spectraltype>M4.5</spectraltype>
			<name>Gliese 777 B</name>
			<name>HD 190360 B</name>
			<name>HR 7670 B</name>
		</star>
	</binary>
	<constellation>Cygnus</constellation>
</system>
