<system>
	<name>Gliese 832</name>
	<rightascension>21 33 33.9749</rightascension>
	<declination>-49 00 32.4034</declination>
	<distance errorminus="0.03" errorplus="0.03">4.94</distance>
	<star>
		<name>Gliese 832</name>
		<name>Gaia DR2 6562924609150908416</name>
		<name>HIP 106440</name>
		<name>HD 204961</name>
		<name>GJ 832</name>
		<name>TYC 8431-60-1</name>
		<temperature>3472</temperature>
		<spectraltype>M1.5</spectraltype>
		<mass errorminus="0.05" errorplus="0.05">0.45</mass>
		<magV>8.67</magV>
		<magB>10.176</magB>
		<magR>7.665</magR>
		<magI>6.479</magI>
		<magJ errorminus="0.032" errorplus="0.032">5.349</magJ>
		<magH errorminus="0.256" errorplus="0.256">4.766</magH>
		<magK errorminus="0.018" errorplus="0.018">4.501</magK>
		<metallicity errorminus="0.2" errorplus="0.2">-0.3</metallicity>
		<planet>
			<name>Gliese 832 b</name>
			<name>GJ 832 b</name>
			<name>Gj 832 b</name>
			<name>Gl 832 b</name>
			<name>Gaia DR2 6562924609150908416 b</name>
			<name>HIP 106440 b</name>
			<name>HD 204961 b</name>
			<name>TYC 8431-60-1 b</name>
			<list>Confirmed planets</list>
			<mass errorminus="0.160431" errorplus="0.160431">0.688908</mass>
			<period errorminus="260" errorplus="310">3660</period>
			<semimajoraxis errorminus="0.42" errorplus="0.36">3.6</semimajoraxis>
			<eccentricity errorminus="0.08" errorplus="0.09">0.08</eccentricity>
			<periastron errorminus="97" errorplus="58">246</periastron>
			<longitude errorminus="45" errorplus="69">40</longitude>
			<description>The star Gliese 832 is a star located in the solar neighbourhood in the constallation Grus. Therefore the observed planet Gliese 832 b is a good candidate for astrometric observations. In 2014, an additional planet, Gliese 832 c has been discovered.</description>
			<discoverymethod>RV</discoverymethod>
			<lastupdate>14/06/24</lastupdate>
			<discoveryyear>2008</discoveryyear>
		</planet>
		<planet>
			<name>Gliese 832 c</name>
			<name>GJ 832 c</name>
			<name>Gj 832 c</name>
			<name>Gl 832 c</name>
			<name>Gaia DR2 6562924609150908416 c</name>
			<name>HIP 106440 c</name>
			<name>HD 204961 c</name>
			<name>TYC 8431-60-1 c</name>
			<list>Confirmed planets</list>
			<mass errorminus="0.009752" errorplus="0.009752">0.015729</mass>
			<period errorminus="0.12" errorplus="15">35.67</period>
			<semimajoraxis errorminus="0.017" errorplus="0.017">0.162</semimajoraxis>
			<eccentricity errorminus="0.03" errorplus="0.22">0.03</eccentricity>
			<periastron>80</periastron>
			<longitude>246</longitude>
			<description>The star Gliese 832 is a star located in the solar neighbourhood in the constallation Grus. In 2014, a second planet, Gliese 832 c, was discovered in the system. It's a Super-Earth or Super-Venus, orbiting near the inner edge of the habitable zone. The large mass of the planet is likely to make the planet inhospitable. The discovery was only possible using a combination of radial velocity measurements from three different telescopes.</description>
			<discoverymethod>RV</discoverymethod>
			<lastupdate>14/06/24</lastupdate>
			<discoveryyear>2014</discoveryyear>
		</planet>
	</star>
	<constellation>Grus</constellation>
</system>
