<system>
	<name>Gliese 581</name>
	<rightascension>15 19 26.8271</rightascension>
	<declination>-07 43 20.1909</declination>
	<distance>6.21</distance>
	<star>
		<mass>0.31</mass>
		<radius>0.3</radius>
		<magV>10.55</magV>
		<magB errorminus="0.17" errorplus="0.17">11.76</magB>
		<magR>9.461</magR>
		<magI errorminus="0.03" errorplus="0.03">8.911</magI>
		<magJ errorminus="0.026" errorplus="0.026">6.706</magJ>
		<magH errorminus="0.033" errorplus="0.033">6.095</magH>
		<magK errorminus="0.023" errorplus="0.023">5.837</magK>
		<metallicity>-0.135</metallicity>
		<spectraltype>M2.5V</spectraltype>
		<planet>
			<name>Gliese 581 b</name>
			<name>GJ 581 b</name>
			<name>Gj 581 b</name>
			<name>Gl 581 b</name>
			<name>Gaia DR2 6322070093095493504 b</name>
			<name>TYC 5594-1093-1 b</name>
			<name>HIP 74995 b</name>
			<list>Confirmed planets</list>
			<mass errorminus="0.000944" errorplus="0.000944">0.049702</mass>
			<period errorminus="0.0001" errorplus="0.0001">5.3686</period>
			<semimajoraxis errorminus="0.00003" errorplus="0.00003">0.04061</semimajoraxis>
			<eccentricity upperlimit="0.03" />
			<description>Gliese 581 is a red dwarf in the constellation Libra. It is the 89th closest star to the Solar System. In late 2010, US astronomers annoucent a planet in the habitable zone. This statement has been challenged by the European HARPS team. Gliese 581 c is likely to have a runaway greenhouse effect. A radio message has been sent to Gliese 581 in 2008 and will reach the star system in 2029.</description>
			<discoverymethod>RV</discoverymethod>
			<lastupdate>14/07/04</lastupdate>
			<discoveryyear>2005</discoveryyear>
			<temperature>419.2</temperature>
		</planet>
		<planet>
			<name>Gliese 581 c</name>
			<name>GJ 581 c</name>
			<name>Gj 581 c</name>
			<name>Gl 581 c</name>
			<name>Gaia DR2 6322070093095493504 c</name>
			<name>TYC 5594-1093-1 c</name>
			<name>HIP 74995 c</name>
			<list>Confirmed planets</list>
			<mass errorminus="0.000944" errorplus="0.000944">0.017301</mass>
			<period errorminus="0.002" errorplus="0.002">12.914</period>
			<semimajoraxis errorminus="0.0003" errorplus="0.0003">0.0721</semimajoraxis>
			<eccentricity upperlimit="0.06" />
			<description>Gliese 581 is a red dwarf in the constellation Libra. It is the 89th closest star to the Solar System. In late 2010, US astronomers annoucent a planet in the habitable zone. This statement has been challenged by the European HARPS team. Gliese 581 c is likely to have a runaway greenhouse effect. A radio message has been sent to Gliese 581 in 2008 and will reach the star system in 2029.</description>
			<discoverymethod>RV</discoverymethod>
			<lastupdate>14/07/04</lastupdate>
			<discoveryyear>2007</discoveryyear>
			<temperature>312.7</temperature>
		</planet>
		<planet>
			<name>Gliese 581 d</name>
			<name>GJ 581 d</name>
			<name>Gj 581 d</name>
			<name>Gl 581 d</name>
			<name>Gaia DR2 6322070093095493504 d</name>
			<name>TYC 5594-1093-1 d</name>
			<name>HIP 74995 d</name>
			<list>Retracted planet candidate</list>
			<mass>0.019</mass>
			<period>66.64</period>
			<semimajoraxis>0.22</semimajoraxis>
			<eccentricity>0.25</eccentricity>
			<description>A new analysis shows that there is no signal of the planet Gliese 581 d after stellar activity reduction.</description>
			<discoverymethod>RV</discoverymethod>
			<lastupdate>14/07/04</lastupdate>
			<discoveryyear>2007</discoveryyear>
			<temperature>181.0</temperature>
		</planet>
		<planet>
			<name>Gliese 581 e</name>
			<name>GJ 581 e</name>
			<name>Gj 581 e</name>
			<name>Gl 581 e</name>
			<name>Gaia DR2 6322070093095493504 e</name>
			<name>TYC 5594-1093-1 e</name>
			<name>HIP 74995 e</name>
			<list>Confirmed planets</list>
			<mass>0.0061</mass>
			<period errorminus="0.0002" errorplus="0.0002">3.1490</period>
			<semimajoraxis errorminus="0.00006" errorplus="0.00006">0.02815</semimajoraxis>
			<eccentricity upperlimit="0.06" />
			<description>Gliese 581 is a red dwarf in the constellation Libra. It is the 89th closest star to the Solar System. In late 2010, US astronomers annoucent a planet in the habitable zone. This statement has been challenged by the European HARPS team. Gliese 581 c is likely to have a runaway greenhouse effect. A radio message has been sent to Gliese 581 in 2008 and will reach the star system in 2029.</description>
			<discoverymethod>RV</discoverymethod>
			<lastupdate>14/07/04</lastupdate>
			<discoveryyear>2009</discoveryyear>
			<temperature>500.8</temperature>
		</planet>
		<planet>
			<name>Gliese 581 f</name>
			<name>GJ 581 f</name>
			<name>Gj 581 f</name>
			<name>Gl 581 f</name>
			<name>Gaia DR2 6322070093095493504 f</name>
			<name>TYC 5594-1093-1 f</name>
			<name>HIP 74995 f</name>
			<list>Retracted planet candidate</list>
			<mass>0.0220199</mass>
			<period>433</period>
			<semimajoraxis>0.758</semimajoraxis>
			<eccentricity>0</eccentricity>
			<description>Gliese 581 f is an unconfirmed planet. Its discovery was announced in 2010 by the Lick-Carnegie Exoplanet Survey. However an analysis by the European HARPS team concluded that the system is unlikely to contain a planet with the quoted characteristic.</description>
			<discoverymethod>RV</discoverymethod>
			<lastupdate>14/07/04</lastupdate>
			<discoveryyear>2010</discoveryyear>
		</planet>
		<planet>
			<name>Gliese 581 g</name>
			<name>GJ 581 g</name>
			<name>Gj 581 g</name>
			<name>Gl 581 g</name>
			<name>Gaia DR2 6322070093095493504 g</name>
			<name>TYC 5594-1093-1 g</name>
			<name>HIP 74995 g</name>
			<list>Retracted planet candidate</list>
			<mass>0.0097516</mass>
			<period>36.5</period>
			<semimajoraxis>0.146</semimajoraxis>
			<eccentricity>0</eccentricity>
			<description>A new analysis shows that there is no signal of the planet Gliese 581 d after stellar activity reduction.</description>
			<discoverymethod>RV</discoverymethod>
			<lastupdate>14/07/04</lastupdate>
			<discoveryyear>2010</discoveryyear>
			<temperature>230.9</temperature>
		</planet>
		<name>Gliese 581</name>
		<name>Gaia DR2 6322070093095493504</name>
		<name>GJ 581</name>
		<name>TYC 5594-1093-1</name>
		<name>HIP 74995</name>
		<temperature>3498.0</temperature>
	</star>
	<videolink>http://youtu.be/UQNLXEPXx94</videolink>
	<constellation>Libra</constellation>
</system>
