<system>
	<name>Gliese 3634</name>
	<rightascension>10 58 35.0882</rightascension>
	<declination>-31 08 38.2013</declination>
	<distance>19.8</distance>
	<star>
		<mass>0.45</mass>
		<radius>0.43</radius>
		<magV>11.95</magV>
		<magB>14.4</magB>
		<magJ errorminus="0.023" errorplus="0.023">8.361</magJ>
		<magH errorminus="0.05" errorplus="0.05">7.76</magH>
		<magK errorminus="0.027" errorplus="0.027">7.470</magK>
		<spectraltype>M2.5</spectraltype>
		<planet>
			<name>Gliese 3634 b</name>
			<name>GJ 3634 b</name>
			<name>Gj 3634 b</name>
			<name>Gl 3634 b</name>
			<name>Gaia DR2 5452743423618768000 b</name>
			<list>Confirmed planets</list>
			<mass>0.022</mass>
			<period>2.64561</period>
			<semimajoraxis>0.0287</semimajoraxis>
			<eccentricity>0.08</eccentricity>
			<inclination>59</inclination>
			<discoverymethod>RV</discoverymethod>
			<lastupdate>11/02/07</lastupdate>
			<discoveryyear>2011</discoveryyear>
			<temperature>565.4</temperature>
		</planet>
		<name>Gliese 3634</name>
		<name>GJ 3634</name>
		<name>Gaia DR2 5452743423618768000</name>
		<temperature>3314.0</temperature>
	</star>
	<constellation>Hydra</constellation>
</system>
