<system>
	<name>Gliese 412</name>
	<distance errorminus="0.0039858" errorplus="0.0039858">4.9004100</distance>
	<rightascension>11 05 28.6</rightascension>
	<declination>+43 31 36</declination>
	<binary>
		<semimajoraxis>152</semimajoraxis>
		<star>
			<name>Gliese 412 A</name>
			<spectraltype>M1.0V</spectraltype>
			<mass>0.48</mass>
			<magV>10.34</magV>
			<discoveryyear>1850</discoveryyear>
		</star>
		<star>
			<name>Gliese 412 B</name>
			<name>WX Ursae Majoris</name>
			<spectraltype>M5.5V</spectraltype>
			<mass>0.10</mass>
			<magV>16.05</magV>
			<discoveryyear>1850</discoveryyear>
		</star>
	</binary>
	<constellation>Ursa Major</constellation>
</system>
