<system>
	<name>Gliese 1005</name>
	<distance errorminus="0.2330171" errorplus="0.2330171">4.9853386</distance>
	<rightascension>00 15 28.11</rightascension>
	<declination>-16 08 01.6</declination>
	<binary>
		<period>1664.5037</period>
		<eccentricity>0.36136</eccentricity>
		<inclination>143.93</inclination>
		<star>
			<name>Gliese 1005 A</name>
			<spectraltype>M4V</spectraltype>
			<mass>0.179</mass>
			<magV>12.70</magV>
			<discoveryyear>1941</discoveryyear>
		</star>
		<star>
			<name>Gliese 1005 B</name>
			<spectraltype>M7V</spectraltype>
			<mass>0.112</mass>
			<magV>15.12</magV>
			<discoveryyear>1984</discoveryyear>
		</star>
	</binary>
	<constellation>Cetus</constellation>
</system>
