<system>
	<name>Gliese 1</name>
	<name>CD-3715492)</name>
	<distance errorminus="0.0011344" errorplus="0.0011344">4.3453082</distance>
	<rightascension>00 05 24.4278</rightascension>
	<declination>-37 21 27</declination>
	<star>
		<name>Gliese 1</name>
		<name>CD-3715492)</name>
		<name>TYC 6995-1264-1</name>
		<name>Gaia DR2 2306965202564506752</name>
		<name>HIP 439</name>
		<name>GJ 1</name>
		<name>HD 225213</name>
		<spectraltype>M1.5V</spectraltype>
		<mass>0.46</mass>
		<magV>10.35</magV>
		<discoveryyear>1884</discoveryyear>
	</star>
	<constellation>Sculptor</constellation>
</system>
