<system>
	<name>Gliese 649</name>
	<rightascension>16 58 08.8497</rightascension>
	<declination>+25 44 38.9711</declination>
	<distance>10.34</distance>
	<star>
		<mass>0.54</mass>
		<magV>9.7</magV>
		<magB>11.139</magB>
		<magR>8.685</magR>
		<magI>7.602</magI>
		<magJ errorminus="0.021" errorplus="0.021">6.448</magJ>
		<magH errorminus="0.020" errorplus="0.020">5.865</magH>
		<magK errorminus="0.016" errorplus="0.016">5.624</magK>
		<metallicity>0.08</metallicity>
		<spectraltype>M1.5</spectraltype>
		<planet>
			<name>Gliese 649 b</name>
			<name>GJ 649 b</name>
			<name>Gj 649 b</name>
			<name>Gl 649 b</name>
			<name>Gaia DR2 4572835535272064768 b</name>
			<name>TYC 2063-479-1 b</name>
			<name>HIP 83043 b</name>
			<list>Confirmed planets</list>
			<mass>0.328</mass>
			<period>598.3</period>
			<semimajoraxis>1.135</semimajoraxis>
			<eccentricity>0.3</eccentricity>
			<description>Gliese 649 is a red dwarf with about half the mass and size of our Sun in the constellation Hercules.</description>
			<discoverymethod>RV</discoverymethod>
			<lastupdate>09/12/17</lastupdate>
			<discoveryyear>2009</discoveryyear>
			<temperature>102.2</temperature>
		</planet>
		<planet>
			<name>GJ 649.02</name>
			<list>Controversial</list>
			<period errorminus="0.0004" errorplus="0.0004">4.4762</period>
			<mass errorminus="0.008" errorplus="0.008">0.030</mass>
			<semimajoraxis errorminus="0.001" errorplus="0.001">0.043</semimajoraxis>
			<meananomaly errorminus="68" errorplus="68">334</meananomaly>
			<eccentricity errorminus="0.15" errorplus="0.15">0.20</eccentricity>
			<periastron errorminus="47" errorplus="47">334</periastron>
			<description>The radial velocity data for GJ 649 is compatible with either a single eccentric planet or a two-planet system with lower eccentricities.</description>
			<discoverymethod>RV</discoverymethod>
			<discoveryyear>2013</discoveryyear>
			<lastupdate>15/04/23</lastupdate>
		</planet>
		<name>Gliese 649</name>
		<name>GJ 649</name>
		<name>Gaia DR2 4572835535272064768</name>
		<name>TYC 2063-479-1</name>
		<name>HIP 83043</name>
		<temperature>3700.0</temperature>
	</star>
	<constellation>Hercules</constellation>
</system>
