<system>
	<name>Groombridge 1618</name>
	<name>Gliese 380</name>
	<distance errorminus="0.0007972" errorplus="0.0007972">4.8687381</distance>
	<rightascension>10 11 22.1400</rightascension>
	<declination>+49 27 15</declination>
	<star>
		<name>Groombridge 1618</name>
		<name>Gliese 380</name>
		<name>Gaia DR2 823773494718931968</name>
		<name>TYC 3437-811-1</name>
		<name>HIP 49908</name>
		<name>GJ 380</name>
		<name>HD 88230</name>
		<spectraltype>K7.0V</spectraltype>
		<mass>0.67</mass>
		<magV>8.16</magV>
		<discoveryyear>1838</discoveryyear>
	</star>
	<constellation>Ursa Major</constellation>
</system>
