<system>
	<name>HAT-P-9</name>
	<rightascension>07 20 40.4562</rightascension>
	<declination>+37 08 26.3428</declination>
	<distance errorminus="60.00" errorplus="60.00">480.00</distance>
	<star>
		<name>HAT-P-9</name>
		<name>Gaia DR2 898130030131443584</name>
		<name>Tevel</name>
		<name>TYC 2463-281-1</name>
		<radius errorminus="0.06" errorplus="0.07">1.34</radius>
		<magV errorminus="0.063" errorplus="0.063">12.297</magV>
		<magJ errorminus="0.022" errorplus="0.022">11.274</magJ>
		<magH errorminus="0.032" errorplus="0.032">11.043</magH>
		<magK errorminus="0.021" errorplus="0.021">11.015</magK>
		<mass errorminus="0.06" errorplus="0.06">1.28</mass>
		<temperature errorminus="150.00" errorplus="150.00">6350.00</temperature>
		<metallicity errorminus="0.200" errorplus="0.200">0.120</metallicity>
		<spectraltype>F7</spectraltype>
		<planet>
			<name>HAT-P-9 b</name>
			<name>Gaia DR2 898130030131443584 b</name>
			<name>Tevel b</name>
			<name>TYC 2463-281-1 b</name>
			<semimajoraxis errorminus="0.000780" errorplus="0.000780">0.052870</semimajoraxis>
			<eccentricity errorminus="0.047000" errorplus="0.052000">0.084000</eccentricity>
			<periastron errorminus="39.0000" errorplus="42.0000">152.0000</periastron>
			<inclination errorminus="0.360" errorplus="0.370">86.440</inclination>
			<period errorminus="0.00000102" errorplus="0.00000102">3.92281072</period>
			<description>This planet was discovered by Shporer et al. 2009. This was a ground based discovery. The parameters listed here are those reported by Wang et al. 2019 and were imported into the Open Exoplanet Catalogue from the NASA Exoplanet Archive.</description>
			<mass errorminus="0.06300" errorplus="0.06400">0.74900</mass>
			<radius errorminus="0.065" errorplus="0.067">1.393</radius>
			<temperature errorminus="30" errorplus="32">1540</temperature>
			<discoverymethod>transit</discoverymethod>
			<istransiting>1</istransiting>
			<discoveryyear>2008</discoveryyear>
			<list>Confirmed planets</list>
			<lastupdate>19/07/11</lastupdate>
			<transittime errorminus="0.000386" errorplus="0.000386">2455484.913088</transittime>
		</planet>
	</star>
	<constellation>Auriga</constellation>
</system>
