<system>
	<name>HAT-P-12</name>
	<rightascension>13 57 33.4668</rightascension>
	<declination>+43 29 36.6025</declination>
	<distance>142.5</distance>
	<star>
		<spectraltype>K5</spectraltype>
		<mass>0.73</mass>
		<radius>0.7</radius>
		<magV>12.84</magV>
		<magB>12.6</magB>
		<magJ errorminus="0.023" errorplus="0.023">10.794</magJ>
		<magH errorminus="0.022" errorplus="0.022">10.236</magH>
		<magK errorminus="0.016" errorplus="0.016">10.108</magK>
		<metallicity>-0.29</metallicity>
		<planet>
			<name>HAT-P-12 b</name>
			<name>2MASS J13573347+4329367 b</name>
			<name>Gaia DR2 1499514786891168640 b</name>
			<list>Confirmed planets</list>
			<mass>0.211</mass>
			<radius>0.959</radius>
			<period>3.2130598</period>
			<semimajoraxis>0.0384</semimajoraxis>
			<eccentricity>0.0</eccentricity>
			<transittime errorminus="0.00020" errorplus="0.00020" unit="BJD">2454419.19556</transittime>
			<description>The planet hosting star HAT-P-12 is located in the constallation Canes Venatici.</description>
			<discoverymethod>transit</discoverymethod>
			<lastupdate>09/05/04</lastupdate>
			<discoveryyear>2009</discoveryyear>
			<temperature>875.4</temperature>
			<istransiting>1</istransiting>
		</planet>
		<name>HAT-P-12</name>
		<name>Gaia DR2 1499514786891168640</name>
		<temperature>4650.0</temperature>
	</star>
	<constellation>Canes Venatici</constellation>
</system>
