<system>
	<name>HAT-P-48</name>
	<rightascension>02 57 53.0158</rightascension>
	<declination>+30 37 32.3336</declination>
	<distance errorminus="5.4" errorplus="5.4">321.9</distance>
	<star>
		<name>HAT-P-48</name>
		<name>Gaia DR2 135197672034753920</name>
		<age>4.7</age>
		<radius>1.223</radius>
		<mass>1.099</mass>
		<magV errorminus="0.11" errorplus="0.11">12.16</magV>
		<magH errorminus="0.026" errorplus="0.026">10.340</magH>
		<magJ errorminus="0.023" errorplus="0.023">10.696</magJ>
		<magK errorminus="0.021" errorplus="0.021">10.255</magK>
		<temperature>5946.0</temperature>
		<metallicity>0.02</metallicity>
		<planet>
			<name>HAT-P-48 b</name>
			<name>Gaia DR2 135197672034753920 b</name>
			<semimajoraxis errorminus="0.0007" errorplus="0.0007">0.0543</semimajoraxis>
			<eccentricity>0.0</eccentricity>
			<inclination errorminus="0.3" errorplus="0.5">86.8</inclination>
			<period errorminus="0.000008" errorplus="0.000008">4.40865</period>
			<mass errorminus="0.024" errorplus="0.024">0.168</mass>
			<radius errorminus="0.054" errorplus="0.054">1.131</radius>
			<istransiting>1</istransiting>
			<discoverymethod>transit</discoverymethod>
			<discoveryyear>2016</discoveryyear>
			<lastupdate>17/06/25</lastupdate>
			<list>Confirmed planets</list>
			<description>Data for this planet was imported from the exoplanet.eu database.</description>
		</planet>
	</star>
	<constellation>Aries</constellation>
</system>
