<system>
	<name>HAT-P-66</name>
	<rightascension>10 02 17.4467</rightascension>
	<declination>+53 57 03.2019</declination>
	<distance>927.0</distance>
	<star>
		<name>HAT-P-66</name>
		<name>Gaia DR2 852608874351434752</name>
		<age>4.66</age>
		<radius>1.881</radius>
		<mass>1.255</mass>
		<magV errorminus="0.05" errorplus="0.05">12.99</magV>
		<magB errorminus="0.03" errorplus="0.03">13.55</magB>
		<magR errorminus="0.07" errorplus="0.07">12.94</magR>
		<magH errorminus="0.022" errorplus="0.022">11.735</magH>
		<magI errorminus="0.084" errorplus="0.084">12.339</magI>
		<magJ errorminus="0.022" errorplus="0.022">12.001</magJ>
		<magK errorminus="0.022" errorplus="0.022">11.675</magK>
		<temperature>6002.0</temperature>
		<metallicity>0.035</metallicity>
		<planet>
			<name>HAT-P-66 b</name>
			<name>Gaia DR2 852608874351434752 b</name>
			<semimajoraxis errorminus="0.00064" errorplus="0.00121">0.04363</semimajoraxis>
			<eccentricity>0.0</eccentricity>
			<inclination errorminus="1.8" errorplus="1.8">86.2</inclination>
			<period errorminus="0.000006" errorplus="0.000006">2.972086</period>
			<mass errorminus="0.057" errorplus="0.057">0.783</mass>
			<radius errorminus="0.1" errorplus="0.16">1.59</radius>
			<istransiting>1</istransiting>
			<discoveryyear>2016</discoveryyear>
			<discoverymethod>transit</discoverymethod>
			<lastupdate>16/09/12</lastupdate>
			<list>Confirmed planets</list>
			<description>Data for this planet was imported from the exoplanet.eu database.</description>
		</planet>
	</star>
	<constellation>Ursa Major</constellation>
</system>
