<system>
	<name>HAT-P-67</name>
	<rightascension>17 06 26.5609</rightascension>
	<declination>+44 46 37.0676</declination>
	<distance>320.0</distance>
	<star>
		<name>HAT-P-67</name>
		<name>Gaia DR2 1358614983131339392</name>
		<name>TYC 3084-533-1</name>
		<age>1.24</age>
		<radius>1.546</radius>
		<mass>1.642</mass>
		<magV errorminus="0.03" errorplus="0.03">10.11</magV>
		<magB errorminus="0.04" errorplus="0.04">10.55</magB>
		<magH errorminus="0.019" errorplus="0.019">8.961</magH>
		<magJ errorminus="0.021" errorplus="0.021">9.145</magJ>
		<magK errorminus="0.019" errorplus="0.019">8.900</magK>
		<spectraltype>F</spectraltype>
		<temperature>6406.0</temperature>
		<metallicity>-0.08</metallicity>
		<planet>
			<name>HAT-P-67 b</name>
			<name>Gaia DR2 1358614983131339392 b</name>
			<name>TYC 3084-533-1 b</name>
			<semimajoraxis errorminus="0.00079" errorplus="0.00273">0.06505</semimajoraxis>
			<periastron errorminus="43.0" errorplus="31.0">172.0</periastron>
			<eccentricity errorminus="0.12" errorplus="0.12">0.24</eccentricity>
			<inclination errorminus="1.3" errorplus="1.3">88.8</inclination>
			<period>4.81010205</period>
			<mass errorminus="0.19" errorplus="0.25">0.34</mass>
			<radius errorminus="0.071" errorplus="0.096">2.085</radius>
			<istransiting>1</istransiting>
			<discoveryyear>2017</discoveryyear>
			<discoverymethod>transit</discoverymethod>
			<lastupdate>17/02/07</lastupdate>
			<list>Confirmed planets</list>
			<description>Data for this planet was imported from the exoplanet.eu database.</description>
		</planet>
	</star>
	<constellation>Hercules</constellation>
</system>
