<system>
	<name>HAT-P-59</name>
	<rightascension>19 29 50.0701</rightascension>
	<declination>+62 31 45.1750</declination>
	<distance errorminus="1.3600000" errorplus="1.3740000">265.4710000</distance>
	<star>
		<name>HAT-P-59</name>
		<name>Gaia DR2 2241743203599727744</name>
		<name>TYC 4234-2195-1</name>
		<radius errorminus="0.01" errorplus="0.01">1.10</radius>
		<magV errorminus="0.0340000" errorplus="0.0340000">11.6400000</magV>
		<magJ errorminus="0.0200000" errorplus="0.0200000">10.5810000</magJ>
		<magH errorminus="0.0180000" errorplus="0.0180000">10.2680000</magH>
		<magK errorminus="0.0220000" errorplus="0.0220000">10.2080000</magK>
		<magI errorminus="0.0006792" errorplus="0.0006792">11.6022000</magI>
		<mass errorminus="0.02" errorplus="0.02">1.01</mass>
		<temperature errorminus="16.00" errorplus="16.00">5678.00</temperature>
		<metallicity errorminus="0.049" errorplus="0.049">0.217</metallicity>
		<planet>
			<name>HAT-P-59 b</name>
			<name>Gaia DR2 2241743203599727744 b</name>
			<name>TYC 4234-2195-1 b</name>
			<semimajoraxis errorminus="0.000370" errorplus="0.000370">0.050640</semimajoraxis>
			<eccentricity>0.030000</eccentricity>
			<inclination errorminus="0.100" errorplus="0.100">85.180</inclination>
			<period errorminus="0.00000120" errorplus="0.00000120">4.14197710</period>
			<description>This planet was discovered by Bakos et al. 2021. This was a ground based discovery. The parameters listed here have been imported into the Open Exoplanet Catalogue from the NASA Exoplanet Archive.</description>
			<mass errorminus="0.06700" errorplus="0.06700">1.54000</mass>
			<radius errorminus="0.013" errorplus="0.013">1.123</radius>
			<temperature errorminus="6.50000000000e+00" errorplus="6.50000000000e+00">1.27780000000e+03</temperature>
			<discoverymethod>transit</discoverymethod>
			<istransiting>1</istransiting>
			<discoveryyear>2021</discoveryyear>
			<list>Confirmed planets</list>
			<lastupdate>21/08/02</lastupdate>
			<transittime errorminus="0.000210" errorplus="0.000210">2458618.540880</transittime>
		</planet>
	</star>
	<constellation>Draco</constellation>
</system>
