<system>
	<name>HAT-P-41</name>
	<rightascension>19 49 17.4399</rightascension>
	<declination>+04 40 20.7835</declination>
	<distance>344</distance>
	<star>
		<mass>1.418</mass>
		<radius>1.683</radius>
		<magV errorminus="0.15" errorplus="0.15">11.36</magV>
		<magB errorminus="0.12" errorplus="0.12">11.65</magB>
		<magJ errorminus="0.027" errorplus="0.027">10.006</magJ>
		<magH errorminus="0.032" errorplus="0.032">9.777</magH>
		<magK errorminus="0.029" errorplus="0.029">9.728</magK>
		<metallicity>0.21</metallicity>
		<spectraltype>F</spectraltype>
		<planet>
			<name>HAT-P-41 b</name>
			<name>2MASS 19491743+0440207</name>
			<name>Gaia DR2 4290415081653653632 b</name>
			<name>TYC 488-2442-1 b</name>
			<list>Confirmed planets</list>
			<mass>0.800</mass>
			<radius>1.685</radius>
			<period>2.69404</period>
			<semimajoraxis>0.0426</semimajoraxis>
			<eccentricity>0</eccentricity>
			<inclination>87.7</inclination>
			<description>HAT-P-41 b is a highly inflated hot Jupiter. The planet is less massive than Jupiter but has a much larger radius. It has been discovered by the HATNet collaboration.</description>
			<discoverymethod>transit</discoverymethod>
			<lastupdate>13/05/29</lastupdate>
			<discoveryyear>2012</discoveryyear>
			<temperature>1689.7</temperature>
			<transittime errorminus="0.00107" errorplus="0.00107" unit="BJD">2454983.86167</transittime>
			<istransiting>1</istransiting>
		</planet>
		<name>HAT-P-41</name>
		<name>Gaia DR2 4290415081653653632</name>
		<name>TYC 488-2442-1</name>
		<temperature>6390.0</temperature>
	</star>
	<constellation>Aquila</constellation>
</system>
