<system>
	<name>HAT-P-8</name>
	<rightascension>22 52 10</rightascension>
	<declination>+35 26 50</declination>
	<distance errorminus="15" errorplus="15">230</distance>
	<binary>
		<separation errorminus="0.014" errorplus="0.014" unit="arcsec">1.040</separation>
		<separation errorminus="2.5" errorplus="2.5" unit="AU">240</separation>
		<positionangle errorminus="0.8" errorplus="0.8">137.9</positionangle>
		<star>
			<name>HAT-P-8</name>
			<name>HAT-P-8 A</name>
			<spectraltype>F</spectraltype>
			<mass>1.192</mass>
			<radius>1.475</radius>
			<magV errorminus="0.03" errorplus="0.03">10.36</magV>
			<magR>10.15</magR>
			<magB errorminus="0.04" errorplus="0.04">10.77</magB>
			<magJ errorminus="0.022" errorplus="0.022">9.214</magJ>
			<magH errorminus="0.018" errorplus="0.018">9.004</magH>
			<magK errorminus="0.013" errorplus="0.013">8.953</magK>
			<age>4.3</age>
			<metallicity>0.01</metallicity>
			<planet>
				<name>HAT-P-8 b</name>
				<name>HAT-P-8 A b</name>
				<name>2MASS J22520985+3526495 b</name>
				<name>TYC 2757-1152-1 b</name>
				<list>Confirmed planets</list>
				<mass>1.275</mass>
				<radius>1.321</radius>
				<period>3.0763402</period>
				<semimajoraxis>0.04390</semimajoraxis>
				<temperature>1713</temperature>
				<eccentricity>0.0</eccentricity>
				<inclination>87.8</inclination>
				<transittime errorminus="0.000004" errorplus="0.00004" unit="BJD">2454437.67582</transittime>
				<description>The extrasolar planet HAT-P-8b is orbiting the star HAT-P-8 in the constellation of Pegasus. It is the 11th planet discovered by the HATNet project. Variations in the optical bands may indicate the presence of strong absorbers such as TiO or VO gases. The host star is part of a hierarchical triple system.</description>
				<discoverymethod>transit</discoverymethod>
				<lastupdate>13/07/31</lastupdate>
				<discoveryyear>2008</discoveryyear>
				<list>Planets in binary systems, S-type</list>
				<istransiting>1</istransiting>
			</planet>
			<temperature>6200.0</temperature>
		</star>
		<binary>
			<separation errorminus="1" errorplus="1" unit="AU">15</separation>
			<separation errorminus="0.0005" errorplus="0.0005" unit="arcsec">0.0653</separation>
			<positionangle>222</positionangle>
			<star>
				<name>HAT-P-8 B</name>
				<spectraltype>M5V</spectraltype>
				<magJ errorminus="0.12" errorplus="0.12">15.81</magJ>
				<magH errorminus="0.054" errorplus="0.054">14.675</magH>
				<magK errorminus="0.063" errorplus="0.063">14.827</magK>
				<temperature errorminus="59" errorplus="59">3216</temperature>
				<mass errorminus="0.020" errorplus="0.020">0.168</mass>
			</star>
			<star>
				<name>HAT-P-8 C</name>
				<spectraltype>M6V</spectraltype>
				<magJ errorminus="0.15" errorplus="0.15">16.37</magJ>
				<magH errorminus="0.065" errorplus="0.065">15.356</magH>
				<magK errorminus="0.057" errorplus="0.057">15.400</magK>
				<temperature errorminus="63" errorplus="63">3058</temperature>
				<mass errorminus="0.011" errorplus="0.011">0.131</mass>
			</star>
		</binary>
	</binary>
	<constellation>Pegasus</constellation>
</system>
