<system>
	<name>HAT-P-47</name>
	<rightascension>02 33 13.9545</rightascension>
	<declination>+30 21 37.7997</declination>
	<distance errorminus="4.7" errorplus="4.7">284.3</distance>
	<star>
		<name>HAT-P-47</name>
		<name>Gaia DR2 131624808999798656</name>
		<name>TYC 2324-31-1</name>
		<age>1.5</age>
		<radius>1.515</radius>
		<mass>1.387</mass>
		<magV errorminus="0.06" errorplus="0.06">10.61</magV>
		<temperature>6703.0</temperature>
		<metallicity>0.0</metallicity>
		<planet>
			<name>HAT-P-47 b</name>
			<name>Gaia DR2 131624808999798656 b</name>
			<name>TYC 2324-31-1 b</name>
			<semimajoraxis errorminus="0.0006" errorplus="0.0006">0.0615</semimajoraxis>
			<eccentricity>0.0</eccentricity>
			<inclination errorminus="0.2" errorplus="0.2">84.8</inclination>
			<period errorminus="0.000013" errorplus="0.000013">4.732182</period>
			<mass errorminus="0.039" errorplus="0.039">0.206</mass>
			<radius errorminus="0.045" errorplus="0.045">1.313</radius>
			<istransiting>1</istransiting>
			<discoverymethod>transit</discoverymethod>
			<discoveryyear>2016</discoveryyear>
			<lastupdate>17/06/25</lastupdate>
			<list>Confirmed planets</list>
			<description>Data for this planet was imported from the exoplanet.eu database.</description>
		</planet>
	</star>
	<constellation>Aries</constellation>
</system>
