<system>
	<name>HAT-P-60</name>
	<rightascension>01 53 07.7727</rightascension>
	<declination>+52 03 14.0197</declination>
	<distance errorminus="2.6270000" errorplus="2.6870000">233.2200000</distance>
	<star>
		<name>HAT-P-60</name>
		<name>Gaia DR2 359678187913760384</name>
		<name>TYC 3292-1330-1</name>
		<radius errorminus="0.02" errorplus="0.03">2.20</radius>
		<magV errorminus="0.0040000" errorplus="0.0040000">9.7270000</magV>
		<magJ errorminus="0.0520000" errorplus="0.0520000">8.6770000</magJ>
		<magH errorminus="0.0290000" errorplus="0.0290000">8.3960000</magH>
		<magK errorminus="0.0310000" errorplus="0.0310000">8.3680000</magK>
		<mass errorminus="0.01" errorplus="0.01">1.44</mass>
		<temperature errorminus="26.00" errorplus="26.00">6212.00</temperature>
		<metallicity errorminus="0.037" errorplus="0.037">0.037</metallicity>
		<planet>
			<name>HAT-P-60 b</name>
			<name>Gaia DR2 359678187913760384 b</name>
			<name>TYC 3292-1330-1 b</name>
			<semimajoraxis errorminus="0.000170" errorplus="0.000170">0.062770</semimajoraxis>
			<eccentricity>0.250000</eccentricity>
			<inclination errorminus="0.170" errorplus="0.170">83.750</inclination>
			<period errorminus="0.00000240" errorplus="0.00000240">4.79478130</period>
			<description>This planet was discovered by Bakos et al. 2021. This was a ground based discovery. The parameters listed here have been imported into the Open Exoplanet Catalogue from the NASA Exoplanet Archive.</description>
			<mass errorminus="0.03800" errorplus="0.03800">0.57400</mass>
			<radius errorminus="0.024" errorplus="0.024">1.631</radius>
			<temperature errorminus="1.20000000000e+01" errorplus="1.20000000000e+01">1.77200000000e+03</temperature>
			<discoverymethod>transit</discoverymethod>
			<istransiting>1</istransiting>
			<discoveryyear>2021</discoveryyear>
			<list>Confirmed planets</list>
			<lastupdate>21/08/02</lastupdate>
			<transittime errorminus="0.000560" errorplus="0.000560">2458360.940290</transittime>
		</planet>
	</star>
	<constellation>Perseus</constellation>
</system>
