<system>
	<name>HAT-P-42</name>
	<rightascension>09 01 22.6490</rightascension>
	<declination>+06 05 50.0155</declination>
	<distance>447</distance>
	<star>
		<name>HAT-P-42</name>
		<name>2MASS 09012265+0605500</name>
		<name>Gaia DR2 583455604761166848</name>
		<name>Lerna</name>
		<mass>1.179</mass>
		<radius>1.528</radius>
		<magV errorminus="0.03" errorplus="0.03">12.17</magV>
		<magB errorminus="0.02" errorplus="0.02">12.83</magB>
		<magR errorminus="0.04" errorplus="0.04">12.02</magR>
		<magJ errorminus="0.023" errorplus="0.023">10.960</magJ>
		<magH errorminus="0.024" errorplus="0.024">10.677</magH>
		<magK errorminus="0.026" errorplus="0.026">10.626</magK>
		<age>5.1</age>
		<metallicity>0.27</metallicity>
		<spectraltype>G</spectraltype>
		<temperature>5743</temperature>
		<planet>
			<name>HAT-P-42 b</name>
			<name>2MASS 09012265+0605500 b</name>
			<name>Gaia DR2 583455604761166848 b</name>
			<name>Lerna b</name>
			<list>Confirmed planets</list>
			<mass>0.975</mass>
			<radius>1.277</radius>
			<period>4.641876</period>
			<semimajoraxis>0.0575</semimajoraxis>
			<eccentricity>0</eccentricity>
			<inclination>85.9</inclination>
			<temperature>1427</temperature>
			<transittime errorminus="0.00077" errorplus="0.00077" unit="BJD">2455952.52606</transittime>
			<description>HAT-P-42 b is a typical Hot Jupiter on a circular orbit around an early G-type main sequence star. The planet is inflated compared to our own Jupiter. It was discovered by the HATNet collaboration.</description>
			<discoverymethod>transit</discoverymethod>
			<lastupdate>13/05/29</lastupdate>
			<discoveryyear>2013</discoveryyear>
			<istransiting>1</istransiting>
		</planet>
	</star>
	<constellation>Hydra</constellation>
</system>
