<system>
	<name>HAT-P-62</name>
	<rightascension>04 58 01.0287</rightascension>
	<declination>+48 18 03.7569</declination>
	<distance errorminus="4.8160000" errorplus="4.9510000">348.8150000</distance>
	<star>
		<name>HAT-P-62</name>
		<name>Gaia DR2 255397142179844224</name>
		<radius errorminus="0.02" errorplus="0.02">1.17</radius>
		<magV errorminus="0.0690000" errorplus="0.0690000">12.5390000</magV>
		<magJ errorminus="0.0290000" errorplus="0.0290000">11.1440000</magJ>
		<magH errorminus="0.0410000" errorplus="0.0410000">10.8030000</magH>
		<magK errorminus="0.0260000" errorplus="0.0260000">10.7010000</magK>
		<mass errorminus="0.02" errorplus="0.02">1.02</mass>
		<temperature errorminus="48.00" errorplus="48.00">5629.00</temperature>
		<metallicity errorminus="0.090" errorplus="0.090">0.414</metallicity>
		<planet>
			<name>HAT-P-62 b</name>
			<name>Gaia DR2 255397142179844224 b</name>
			<semimajoraxis errorminus="0.000240" errorplus="0.000240">0.037720</semimajoraxis>
			<eccentricity>0.101000</eccentricity>
			<inclination errorminus="0.640" errorplus="0.640">87.930</inclination>
			<period errorminus="0.00000390" errorplus="0.00000390">2.64532350</period>
			<description>This planet was discovered by Bakos et al. 2021. This was a ground based discovery. The parameters listed here have been imported into the Open Exoplanet Catalogue from the NASA Exoplanet Archive.</description>
			<mass errorminus="0.08800" errorplus="0.08800">0.76100</mass>
			<radius errorminus="0.029" errorplus="0.029">1.073</radius>
			<temperature errorminus="1.30000000000e+01" errorplus="1.30000000000e+01">1.51200000000e+03</temperature>
			<discoverymethod>transit</discoverymethod>
			<istransiting>1</istransiting>
			<discoveryyear>2021</discoveryyear>
			<list>Confirmed planets</list>
			<lastupdate>21/08/02</lastupdate>
			<transittime errorminus="0.000440" errorplus="0.000440">2457118.389790</transittime>
		</planet>
	</star>
	<constellation>Auriga</constellation>
</system>
