<system>
	<name>HAT-P-25</name>
	<rightascension>03 13 44.4981</rightascension>
	<declination>+25 11 50.6878</declination>
	<distance errorminus="4.2" errorplus="4.2">302.9</distance>
	<star>
		<mass>1.01</mass>
		<radius>0.959</radius>
		<magV errorminus="0.25" errorplus="0.25">13.15</magV>
		<magB errorminus="0.35" errorplus="0.35">14.12</magB>
		<magR errorminus="0.11" errorplus="0.11">13.22</magR>
		<magI errorminus="0.38" errorplus="0.38">11.98</magI>
		<magJ errorminus="0.018" errorplus="0.018">11.319</magJ>
		<magH errorminus="0.021" errorplus="0.021">10.908</magH>
		<magK errorminus="0.018" errorplus="0.018">10.815</magK>
		<metallicity>0.31</metallicity>
		<spectraltype>G5</spectraltype>
		<planet>
			<name>HAT-P-25 b</name>
			<name>2MASS J03134450+2511506 b</name>
			<name>Gaia DR2 111322601672419712 b</name>
			<list>Confirmed planets</list>
			<mass>0.567</mass>
			<radius>1.19</radius>
			<period>3.652836</period>
			<semimajoraxis>0.0466</semimajoraxis>
			<eccentricity>0.032</eccentricity>
			<inclination>87.6</inclination>
			<discoverymethod>transit</discoverymethod>
			<lastupdate>13/05/29</lastupdate>
			<discoveryyear>2010</discoveryyear>
			<temperature>1100.1</temperature>
			<transittime errorminus="0.00047" errorplus="0.00047" unit="BJD">2455176.85173</transittime>
			<istransiting>1</istransiting>
		</planet>
		<name>HAT-P-25</name>
		<name>Gaia DR2 111322601672419712</name>
		<temperature>5500.0</temperature>
	</star>
	<constellation>Aries</constellation>
</system>
