<system>
	<name>HAT-P-3</name>
	<rightascension>13 44 22.5939</rightascension>
	<declination>+48 01 43.2062</declination>
	<distance>130</distance>
	<star>
		<mass>0.917</mass>
		<radius>0.799</radius>
		<magV errorminus="0.15" errorplus="0.15">11.86</magV>
		<magB errorminus="0.20" errorplus="0.20">12.53</magB>
		<magJ errorminus="0.022" errorplus="0.022">9.936</magJ>
		<magH errorminus="0.028" errorplus="0.028">9.542</magH>
		<magK errorminus="0.025" errorplus="0.025">9.448</magK>
		<metallicity>0.27</metallicity>
		<spectraltype>K</spectraltype>
		<planet>
			<name>HAT-P-3 b</name>
			<name>TYC 3466-00819-1 b</name>
			<name>2MASS J13442258+4801432 b</name>
			<name>Gaia DR2 1510191594552968832 b</name>
			<name>Dombay b</name>
			<name>TYC 3466-819-1 b</name>
			<list>Confirmed planets</list>
			<mass>0.591</mass>
			<radius>0.827</radius>
			<period>2.899703</period>
			<semimajoraxis>0.03866</semimajoraxis>
			<eccentricity>0.0</eccentricity>
			<inclination>87.07</inclination>
			<description>The young and metal rich star HAT-P-3 is located in the constellation Ursa Major. The planet HAT-P-3 b has about 75 Earth masses worth of heavy elements.</description>
			<discoverymethod>transit</discoverymethod>
			<lastupdate>13/05/29</lastupdate>
			<discoveryyear>2007</discoveryyear>
			<temperature>1047.2</temperature>
			<transittime errorminus="0.0001" errorplus="0.0001" unit="BJD">2454856.70195</transittime>
			<istransiting>1</istransiting>
		</planet>
		<name>HAT-P-3</name>
		<name>Gaia DR2 1510191594552968832</name>
		<name>Dombay</name>
		<name>TYC 3466-819-1</name>
		<temperature>5224.0</temperature>
	</star>
	<constellation>Ursa Major</constellation>
</system>
