<system>
	<name>HAT-P-65</name>
	<rightascension>21 03 37.3130</rightascension>
	<declination>+11 59 21.8182</declination>
	<distance>841.0</distance>
	<star>
		<name>HAT-P-65</name>
		<name>Gaia DR2 1757302881526250496</name>
		<age>5.46</age>
		<radius>1.86</radius>
		<mass>1.212</mass>
		<magV errorminus="0.02" errorplus="0.02">13.16</magV>
		<magB errorminus="0.03" errorplus="0.03">13.81</magB>
		<magR errorminus="0.08" errorplus="0.08">13.02</magR>
		<magH errorminus="0.022" errorplus="0.022">11.604</magH>
		<magI errorminus="0.10" errorplus="0.10">12.46</magI>
		<magJ errorminus="0.026" errorplus="0.026">11.892</magJ>
		<magK errorminus="0.025" errorplus="0.025">11.528</magK>
		<temperature>5835.0</temperature>
		<metallicity>0.1</metallicity>
		<planet>
			<name>HAT-P-65 b</name>
			<name>Gaia DR2 1757302881526250496 b</name>
			<semimajoraxis errorminus="0.00054" errorplus="0.00054">0.03951</semimajoraxis>
			<eccentricity errorminus="0.3" errorplus="0.3">0.3</eccentricity>
			<inclination errorminus="1.3" errorplus="1.3">84.2</inclination>
			<period errorminus="0.000003" errorplus="0.000003">2.6054552</period>
			<mass errorminus="0.083" errorplus="0.083">0.527</mass>
			<radius errorminus="0.13" errorplus="0.13">1.89</radius>
			<istransiting>1</istransiting>
			<discoverymethod>transit</discoverymethod>
			<discoveryyear>2016</discoveryyear>
			<lastupdate>16/09/12</lastupdate>
			<list>Confirmed planets</list>
			<description>Data for this planet was imported from the exoplanet.eu database.</description>
		</planet>
	</star>
	<constellation>Equuleus</constellation>
</system>
