<system>
	<name>HAT-P-31</name>
	<rightascension>18 06 09.0499</rightascension>
	<declination>+26 25 35.9897</declination>
	<distance>354</distance>
	<star>
		<mass>1.218</mass>
		<radius>1.36</radius>
		<magV errorminus="0.11" errorplus="0.11">11.67</magV>
		<magB errorminus="0.10" errorplus="0.10">12.02</magB>
		<magR errorminus="0.04" errorplus="0.04">11.49</magR>
		<magJ errorminus="0.023" errorplus="0.023">10.423</magJ>
		<magH errorminus="0.027" errorplus="0.027">10.128</magH>
		<magK errorminus="0.021" errorplus="0.021">10.083</magK>
		<spectraltype>F</spectraltype>
		<metallicity>0.15</metallicity>
		<planet>
			<name>HAT-P-31 b</name>
			<name>TYC 2099-00908-1 b</name>
			<name>2MASS J18060904+2625359 b</name>
			<name>Gaia DR2 4583004815239650176 b</name>
			<name>TYC 2099-908-1 b</name>
			<list>Confirmed planets</list>
			<mass>2.171</mass>
			<radius>1.07</radius>
			<period>5.005425</period>
			<semimajoraxis>0.055</semimajoraxis>
			<eccentricity>0.245</eccentricity>
			<inclination>87.1</inclination>
			<discoverymethod>transit</discoverymethod>
			<lastupdate>13/05/29</lastupdate>
			<discoveryyear>2011</discoveryyear>
			<temperature>1324.7</temperature>
			<transittime errorminus="-0.000092" errorplus="0.000091" unit="BJD">2454320.8866</transittime>
			<istransiting>1</istransiting>
		</planet>
		<name>HAT-P-31</name>
		<name>Gaia DR2 4583004815239650176</name>
		<name>TYC 2099-908-1</name>
		<temperature>6065.0</temperature>
	</star>
	<constellation>Hercules</constellation>
</system>
