<system>
	<name>HAT-P-29</name>
	<rightascension>02 12 31.4784</rightascension>
	<declination>+51 46 43.5620</declination>
	<distance>322</distance>
	<star>
		<mass>1.207</mass>
		<radius>1.224</radius>
		<magV errorminus="0.16" errorplus="0.16">11.83</magV>
		<magB errorminus="0.17" errorplus="0.17">12.30</magB>
		<magR errorminus="0.04" errorplus="0.04">11.82</magR>
		<magJ errorminus="0.023" errorplus="0.023">10.648</magJ>
		<magH errorminus="0.023" errorplus="0.023">10.395</magH>
		<magK errorminus="0.020" errorplus="0.020">10.297</magK>
		<metallicity>0.21</metallicity>
		<spectraltype>F8</spectraltype>
		<planet>
			<name>HAT-P-29 b</name>
			<name>2MASS J02123147+5146435 b</name>
			<name>Gaia DR2 359058441314838528 b</name>
			<name>Muspelheim b</name>
			<name>TYC 3293-1539-1 b</name>
			<list>Confirmed planets</list>
			<mass>0.778</mass>
			<radius>1.107</radius>
			<period>5.72318</period>
			<semimajoraxis>0.0667</semimajoraxis>
			<eccentricity>0.095</eccentricity>
			<inclination>87.1</inclination>
			<discoverymethod>transit</discoverymethod>
			<lastupdate>13/05/29</lastupdate>
			<discoveryyear>2011</discoveryyear>
			<temperature>1149.1</temperature>
			<transittime errorminus="0.00181" errorplus="0.00181" unit="BJD">2455197.57540</transittime>
			<istransiting>1</istransiting>
		</planet>
		<name>HAT-P-29</name>
		<name>Gaia DR2 359058441314838528</name>
		<name>Muspelheim</name>
		<name>TYC 3293-1539-1</name>
		<temperature>6087.0</temperature>
	</star>
	<constellation>Perseus</constellation>
</system>
