<system>
	<name>HAT-P-4</name>
	<rightascension>15 19 57.9205</rightascension>
	<declination>+36 13 46.7379</declination>
	<distance>310</distance>
	<star>
		<mass>1.26</mass>
		<radius>1.59</radius>
		<magV errorminus="0.07" errorplus="0.07">11.12</magV>
		<magB errorminus="0.10" errorplus="0.10">11.83</magB>
		<magJ errorminus="0.018" errorplus="0.018">10.100</magJ>
		<magH errorminus="0.018" errorplus="0.018">9.837</magH>
		<magK errorminus="0.018" errorplus="0.018">9.770</magK>
		<metallicity>0.24</metallicity>
		<spectraltype>F</spectraltype>
		<planet>
			<name>HAT-P-4 b</name>
			<name>BD+36 2593 b</name>
			<name>TYC 2569-01599-1 b</name>
			<name>2MASS J15195792+3613467 b</name>
			<name>SAO 64638 b</name>
			<name>Gaia DR2 1291120362349158016 b</name>
			<name>TYC 2569-1599-1 b</name>
			<list>Confirmed planets</list>
			<mass>0.68</mass>
			<radius>1.27</radius>
			<period>3.0565114</period>
			<semimajoraxis>0.0446</semimajoraxis>
			<eccentricity>0.0</eccentricity>
			<inclination>89.67</inclination>
			<transittime errorminus="0.00023" errorplus="0.00025" unit="BJD">2454365.91538</transittime>
			<description>The star HAT-P-4 is located in the constellation Bootes.</description>
			<discoverymethod>transit</discoverymethod>
			<lastupdate>13/05/29</lastupdate>
			<discoveryyear>2007</discoveryyear>
			<temperature>1550.7</temperature>
			<istransiting>1</istransiting>
		</planet>
		<name>HAT-P-4</name>
		<name>Gaia DR2 1291120362349158016</name>
		<name>TYC 2569-1599-1</name>
		<temperature>5890.0</temperature>
	</star>
	<constellation>Boötes</constellation>
</system>
