<system>
	<name>HAT-P-6</name>
	<rightascension>23 39 05.8101</rightascension>
	<declination>+42 27 57.5034</declination>
	<distance>200</distance>
	<star>
		<mass>1.29</mass>
		<radius>1.46</radius>
		<magV errorminus="0.04" errorplus="0.04">10.47</magV>
		<magB errorminus="0.04" errorplus="0.04">10.88</magB>
		<magJ errorminus="0.023" errorplus="0.023">9.558</magJ>
		<magH errorminus="0.018" errorplus="0.018">9.440</magH>
		<magK errorminus="0.019" errorplus="0.019">9.313</magK>
		<metallicity>-0.13</metallicity>
		<spectraltype>F</spectraltype>
		<planet>
			<name>HAT-P-6 b</name>
			<name>2MASS J23390581+4227575 b</name>
			<name>TYC 3239-00992-1 b</name>
			<name>Gaia DR2 1925321658546436352 b</name>
			<name>TYC 3239-992-1 b</name>
			<name>Sterrennacht b</name>
			<list>Confirmed planets</list>
			<mass>1.057</mass>
			<radius>1.33</radius>
			<period>3.853003</period>
			<semimajoraxis>0.05235</semimajoraxis>
			<eccentricity>0.0</eccentricity>
			<inclination>85.51</inclination>
			<discoverymethod>transit</discoverymethod>
			<lastupdate>12/07/05</lastupdate>
			<discoveryyear>2007</discoveryyear>
			<temperature>1529.9</temperature>
			<transittime errorminus="0.00028" errorplus="0.00028" unit="BJD">2454035.67652</transittime>
			<istransiting>1</istransiting>
		</planet>
		<name>HAT-P-6</name>
		<name>Gaia DR2 1925321658546436352</name>
		<name>TYC 3239-992-1</name>
		<name>Sterrennacht</name>
		<temperature>6570.0</temperature>
	</star>
	<constellation>Andromeda</constellation>
</system>
