<system>
	<name>HATS-23</name>
	<rightascension>19 05 28.0082</rightascension>
	<declination>-50 55 57</declination>
	<distance>747.0</distance>
	<star>
		<name>HATS-23</name>
		<name>Gaia DR2 6657994706683397504</name>
		<magB errorminus="0.01" errorplus="0.01">14.62</magB>
		<magH errorminus="0.025" errorplus="0.025">12.293</magH>
		<magI errorminus="0.05" errorplus="0.05">13.11</magI>
		<magJ errorminus="0.025" errorplus="0.025">12.636</magJ>
		<magK errorminus="0.03" errorplus="0.03">12.26</magK>
		<magR errorminus="0.06" errorplus="0.06">13.72</magR>
		<magV errorminus="0.01" errorplus="0.01">13.90</magV>
		<age>4.2</age>
		<radius>1.199</radius>
		<mass>1.121</mass>
		<temperature>5780.0</temperature>
		<metallicity>0.28</metallicity>
		<planet>
			<name>HATS-23 b</name>
			<name>Gaia DR2 6657994706683397504 b</name>
			<semimajoraxis errorminus="0.00047" errorplus="0.00047">0.03397</semimajoraxis>
			<eccentricity errorminus="0.114" errorplus="0.114">0.114</eccentricity>
			<inclination errorminus="0.62" errorplus="0.93">81.02</inclination>
			<period errorminus="0.000005" errorplus="0.000005">2.1605156</period>
			<mass errorminus="0.072" errorplus="0.072">1.47</mass>
			<radius errorminus="0.4" errorplus="0.3">1.86</radius>
			<istransiting>1</istransiting>
			<discoverymethod>transit</discoverymethod>
			<discoveryyear>2015</discoveryyear>
			<lastupdate>16/07/11</lastupdate>
			<list>Confirmed planets</list>
			<description>Data for this planet was imported from the exoplanet.eu database.</description>
		</planet>
	</star>
	<constellation>Telescopium</constellation>
</system>
