<system>
	<name>HATS-34</name>
	<rightascension>00 03 05.8703</rightascension>
	<declination>-62 31 50</declination>
	<distance>532.0</distance>
	<star>
		<name>HATS-34</name>
		<name>Gaia DR2 4904523077718046720</name>
		<magB errorminus="0.01" errorplus="0.01">14.60</magB>
		<magH errorminus="0.022" errorplus="0.022">12.139</magH>
		<magJ errorminus="0.024" errorplus="0.024">12.513</magJ>
		<magK errorminus="0.019" errorplus="0.019">12.095</magK>
		<magR errorminus="0.12" errorplus="0.12">13.77</magR>
		<magV errorminus="0.01" errorplus="0.01">13.85</magV>
		<age>7.7</age>
		<radius>0.98</radius>
		<mass>0.955</mass>
		<temperature>5380.0</temperature>
		<metallicity>0.25</metallicity>
		<planet>
			<name>HATS-34 b</name>
			<name>Gaia DR2 4904523077718046720 b</name>
			<semimajoraxis errorminus="0.00034" errorplus="0.00034">0.03166</semimajoraxis>
			<eccentricity>0.0</eccentricity>
			<inclination errorminus="0.59" errorplus="0.43">82.28</inclination>
			<period errorminus="0.000005" errorplus="0.000005">2.1061607</period>
			<mass errorminus="0.072" errorplus="0.072">0.941</mass>
			<radius errorminus="0.19" errorplus="0.19">1.43</radius>
			<istransiting>1</istransiting>
			<discoverymethod>transit</discoverymethod>
			<discoveryyear>2016</discoveryyear>
			<lastupdate>16/07/11</lastupdate>
			<list>Confirmed planets</list>
			<description>Data for this planet was imported from the exoplanet.eu database.</description>
		</planet>
	</star>
	<constellation>Tucana</constellation>
</system>
