<system>
	<name>HATS-38</name>
	<rightascension>10 17 05</rightascension>
	<declination>-25 16 35</declination>
	<distance errorminus="5.10" errorplus="5.10">347.70</distance>
	<star>
		<name>HATS-38</name>
		<radius errorminus="0.02" errorplus="0.02">1.10</radius>
		<magV errorminus="0.030" errorplus="0.030">12.411</magV>
		<magJ errorminus="0.023" errorplus="0.023">11.184</magJ>
		<magH errorminus="0.022" errorplus="0.022">10.850</magH>
		<magK errorminus="0.023" errorplus="0.023">10.768</magK>
		<mass errorminus="0.01" errorplus="0.02">0.89</mass>
		<temperature errorminus="25.00" errorplus="25.00">5732.00</temperature>
		<metallicity errorminus="0.043" errorplus="0.043">-0.102</metallicity>
		<planet>
			<name>HATS-38 b</name>
			<semimajoraxis errorminus="0.000230" errorplus="0.000300">0.050360</semimajoraxis>
			<eccentricity>0.000000</eccentricity>
			<inclination errorminus="0.180" errorplus="0.180">87.210</inclination>
			<period errorminus="0.00001000" errorplus="0.00001000">4.37502100</period>
			<description>This planet was discovered by Jordán et al. 2020. This was a ground based discovery. The parameters listed here are those reported by Jordán et al. 2020 and were imported into the Open Exoplanet Catalogue from the NASA Exoplanet Archive.</description>
			<mass errorminus="0.01100" errorplus="0.01100">0.07400</mass>
			<radius errorminus="0.017" errorplus="0.017">0.614</radius>
			<temperature errorminus="10" errorplus="10">1294</temperature>
			<discoverymethod>transit</discoverymethod>
			<istransiting>1</istransiting>
			<discoveryyear>2020</discoveryyear>
			<list>Confirmed planets</list>
			<lastupdate>20/08/13</lastupdate>
			<transittime errorminus="0.000720" errorplus="0.000720">2457725.160420</transittime>
		</planet>
	</star>
	<constellation>Hydra</constellation>
</system>
