<system>
	<name>HATS-50</name>
	<rightascension>20 01 42.7298</rightascension>
	<declination>-26 04 39.2919</declination>
	<distance errorminus="16.8" errorplus="16.8">773.2</distance>
	<star>
		<name>HATS-50</name>
		<name>2MASS J20014273-2604392</name>
		<name>Gaia DR2 6850309426503755520</name>
		<magB errorminus="0.010" errorplus="0.010">14.718</magB>
		<magV errorminus="0.050" errorplus="0.050">14.033</magV>
		<magJ errorminus="0.025" errorplus="0.025">12.642</magJ>
		<magH errorminus="0.03" errorplus="0.03">12.37</magH>
		<magK errorminus="0.027" errorplus="0.027">12.289</magK>
		<mass errorminus="0.042" errorplus="0.042">1.168</mass>
		<radius errorminus="0.06" errorplus="0.060">1.117</radius>
		<temperature errorminus="110" errorplus="110">5990</temperature>
		<age errorminus="1.1" errorplus="1.1">1.2</age>
		<metallicity errorminus="0.056" errorplus="0.056">0.300</metallicity>
		<spectraltype>G</spectraltype>
		<planet>
			<name>HATS-50 b</name>
			<name>2MASS J20014273-2604392 b</name>
			<name>Gaia DR2 6850309426503755520 b</name>
			<list>Confirmed planets</list>
			<radius errorminus="0.075" errorplus="0.075">1.130</radius>
			<mass errorminus="0.10" errorplus="0.10">0.39</mass>
			<period errorminus="0.0000046" errorplus="0.0000046">3.8297015</period>
			<transittime errorminus="0.00068" errorplus="0.00068" unit="BJD">2456870.34792</transittime>
			<semimajoraxis errorminus="0.00060" errorplus="0.00060">0.05046</semimajoraxis>
			<temperature errorminus="47" errorplus="47">1348</temperature>
			<inclination errorminus="0.66" errorplus="0.66">87.54</inclination>
			<eccentricity>0</eccentricity>
			<description>This is a close-in transiting hot-Jupiter around a G-type dwarf.</description>
			<discoverymethod>transit</discoverymethod>
			<istransiting>1</istransiting>
			<lastupdate>17/12/12</lastupdate>
			<discoveryyear>2017</discoveryyear>
		</planet>
	</star>
	<constellation>Sagittarius</constellation>
</system>
