<system>
	<name>HATS-74A</name>
	<name>TOI-737</name>
	<rightascension>11 24 04.00</rightascension>
	<declination>-19 33 26.00</declination>
	<distance errorminus="3.0" errorplus="3.0">286.6</distance>
	<star>
		<name>HATS-74A</name>
		<name>TOI-737</name>
		<radius errorminus="0.0055" errorplus="0.0055">0.5758</radius>
		<mass errorminus="0.008" errorplus="0.008">0.6</mass>
		<temperature errorminus="9.5" errorplus="9.5">3777.0</temperature>
		<metallicity errorminus="0.02" errorplus="0.033">0.514</metallicity>
		<planet>
			<name>HATS-74A b</name>
			<name>TOI-737 b</name>
			<semimajoraxis errorminus="0.0001" errorplus="0.0001">0.02384</semimajoraxis>
			<eccentricity upperlimit="0.044" />
			<inclination errorminus="0.3" errorplus="0.3">87.9</inclination>
			<period errorminus="0.000001" errorplus="0.000001">1.73185606</period>
			<description>The parameters listed here were imported into the Open Exoplanet Catalogue from the exoplanet.eu website.</description>
			<mass errorminus="0.14" errorplus="0.14">1.46</mass>
			<radius errorminus="0.021" errorplus="0.021">1.032</radius>
			<temperature errorminus="5.7" errorplus="5.7">895.0</temperature>
			<discoverymethod>transit</discoverymethod>
			<istransiting>1</istransiting>
			<discoveryyear>2021</discoveryyear>
			<list>Confirmed planets</list>
			<lastupdate>21/12/06</lastupdate>
		</planet>
	</star>
	<constellation>Crater</constellation>
</system>
