<system>
	<name>HATS-24</name>
	<rightascension>17 55 33.7673</rightascension>
	<declination>-61 44 50.3673</declination>
	<distance errorminus="15.00" errorplus="15.00">510.00</distance>
	<star>
		<name>HATS-24</name>
		<name>Gaia DR2 5911182735242698496</name>
		<radius errorminus="0.05" errorplus="0.04">1.12</radius>
		<magV errorminus="0.010" errorplus="0.010">12.830</magV>
		<magJ errorminus="0.019" errorplus="0.019">11.678</magJ>
		<magH errorminus="0.024" errorplus="0.024">11.447</magH>
		<magK errorminus="0.021" errorplus="0.021">11.382</magK>
		<mass errorminus="0.05" errorplus="0.03">1.07</mass>
		<temperature errorminus="94.00" errorplus="94.00">6125.00</temperature>
		<metallicity errorminus="0.058" errorplus="0.058">-0.229</metallicity>
		<spectraltype>FV</spectraltype>
		<planet>
			<name>HATS-24 b</name>
			<name>Gaia DR2 5911182735242698496 b</name>
			<semimajoraxis errorminus="0.001000" errorplus="0.001000">0.023800</semimajoraxis>
			<eccentricity>0.000000</eccentricity>
			<periastron>90.0000</periastron>
			<inclination errorminus="0.280" errorplus="0.230">85.970</inclination>
			<period errorminus="0.00000090" errorplus="0.00000090">1.34849780</period>
			<description>This planet was discovered by Bento et al. 2017. This was a ground based discovery. The parameters listed here are those reported by Oliveira et al. 2019 and were imported into the Open Exoplanet Catalogue from the NASA Exoplanet Archive.</description>
			<mass errorminus="0.17000" errorplus="0.17000">2.26000</mass>
			<radius errorminus="0.057" errorplus="0.057">1.395</radius>
			<temperature errorminus="53" errorplus="53">2166</temperature>
			<discoverymethod>transit</discoverymethod>
			<istransiting>1</istransiting>
			<discoveryyear>2017</discoveryyear>
			<list>Confirmed planets</list>
			<lastupdate>19/07/11</lastupdate>
			<transittime errorminus="0.000039" errorplus="0.000039">2457948.709321</transittime>
		</planet>
	</star>
	<constellation>Pavo</constellation>
</system>
