<system>
	<name>HATS-49</name>
	<rightascension>00 26 27.1828</rightascension>
	<declination>-56 20 39.5351</declination>
	<distance errorminus="2.20" errorplus="2.20">324.60</distance>
	<star>
		<name>HATS-49</name>
		<name>Gaia DR2 4919770108539385472</name>
		<radius errorminus="0.01" errorplus="0.01">0.70</radius>
		<magV errorminus="0.040" errorplus="0.040">14.998</magV>
		<magJ errorminus="0.021" errorplus="0.021">12.692</magJ>
		<magH errorminus="0.023" errorplus="0.023">12.105</magH>
		<magK errorminus="0.021" errorplus="0.021">11.938</magK>
		<mass errorminus="0.01" errorplus="0.01">0.71</mass>
		<temperature errorminus="15.00" errorplus="15.00">4405.00</temperature>
		<metallicity errorminus="0.053" errorplus="0.053">0.208</metallicity>
		<planet>
			<name>HATS-49 b</name>
			<name>Gaia DR2 4919770108539385472 b</name>
			<semimajoraxis errorminus="0.000160" errorplus="0.000160">0.045150</semimajoraxis>
			<eccentricity>0.071000</eccentricity>
			<inclination errorminus="0.110" errorplus="0.160">88.270</inclination>
			<period errorminus="0.00000370" errorplus="0.00000370">4.14804670</period>
			<description>This planet was discovered by Hartman et al. 2020. This was a ground based discovery. The parameters listed here are those reported by Hartman et al. 2020 and were imported into the Open Exoplanet Catalogue from the NASA Exoplanet Archive.</description>
			<mass errorminus="0.02700" errorplus="0.03800">0.35300</mass>
			<radius errorminus="0.013" errorplus="0.013">0.765</radius>
			<temperature errorminus="4" errorplus="4">835</temperature>
			<discoverymethod>transit</discoverymethod>
			<istransiting>1</istransiting>
			<discoveryyear>2020</discoveryyear>
			<list>Confirmed planets</list>
			<lastupdate>20/02/27</lastupdate>
			<transittime errorminus="0.000540" errorplus="0.000540">2457105.164800</transittime>
		</planet>
	</star>
	<constellation>Phoenix</constellation>
</system>
