<system>
	<name>HATS-68</name>
	<rightascension>01 00 01.4134</rightascension>
	<declination>-58 54 17.1247</declination>
	<distance errorminus="10.3" errorplus="10.3">614.6</distance>
	<star>
		<name>HATS-68</name>
		<name>2MASS J01000141-5854172</name>
		<name>Gaia DR2 4904279261014267648</name>
		<magB errorminus="0.025" errorplus="0.025">12.81</magB>
		<magV errorminus="0.022" errorplus="0.022">12.281</magV>
		<magJ errorminus="0.026" errorplus="0.026">11.25</magJ>
		<magH errorminus="0.024" errorplus="0.024">10.985</magH>
		<magK errorminus="0.019" errorplus="0.019">10.949</magK>
		<magI errorminus="0.03" errorplus="0.03">11.659</magI>
		<magR>11.92</magR>
		<mass errorminus="0.014" errorplus="0.014">1.351</mass>
		<radius errorminus="0.014" errorplus="0.014">1.748</radius>
		<temperature errorminus="22" errorplus="22">6147</temperature>
		<metallicity errorminus="0.043" errorplus="0.043">0.210</metallicity>
		<planet>
			<name>HATS-68 b</name>
			<name>2MASS J01000141-5854172 b</name>
			<name>Gaia DR2 4904279261014267648 b</name>
			<list>Confirmed planets</list>
			<radius errorminus="0.029" errorplus="0.039">1.232</radius>
			<mass errorminus="0.059" errorplus="0.059">1.290</mass>
			<period errorminus="0.0000047" errorplus="0.0000047">3.58622202</period>
			<transittime errorminus="0.0011" errorplus="0.0011" unit="BJD">2457410.4068</transittime>
			<semimajoraxis errorminus="0.00018" errorplus="0.00018">0.05071</semimajoraxis>
			<temperature errorminus="12" errorplus="12">1741</temperature>
			<inclination errorminus="0.19" errorplus="0.19">83.21</inclination>
			<eccentricity>0</eccentricity>
			<description>This planet was discovered by the HATSouth project.</description>
			<discoverymethod>transit</discoverymethod>
			<istransiting>1</istransiting>
			<lastupdate>18/12/13</lastupdate>
			<discoveryyear>2018</discoveryyear>
		</planet>
	</star>
	<constellation>Tucana</constellation>
</system>
