<system>
	<name>HATS-77</name>
	<name>TOI-730</name>
	<rightascension>09 59 18.00</rightascension>
	<declination>-27 23 34.00</declination>
	<distance errorminus="6.0" errorplus="6.0">414.0</distance>
	<star>
		<name>HATS-77</name>
		<name>TOI-730</name>
		<radius errorminus="0.0066" errorplus="0.0066">0.643</radius>
		<magV>16.35</magV>
		<mass errorminus="0.014" errorplus="0.014">0.655</mass>
		<temperature errorminus="13.0" errorplus="13.0">4071.0</temperature>
		<metallicity errorminus="0.04" errorplus="0.04">0.253</metallicity>
		<planet>
			<name>HATS-77 b</name>
			<name>TOI-730 b</name>
			<semimajoraxis errorminus="0.00025" errorplus="0.00025">0.03607</semimajoraxis>
			<eccentricity upperlimit="0.045" />
			<inclination errorminus="0.27" errorplus="0.27">88.44</inclination>
			<period errorminus="0.000002" errorplus="0.000002">3.0876262</period>
			<description>The parameters listed here were imported into the Open Exoplanet Catalogue from the exoplanet.eu website.</description>
			<mass errorminus="0.074" errorplus="0.1">1.374</mass>
			<radius errorminus="0.021" errorplus="0.021">1.165</radius>
			<temperature errorminus="8.0" errorplus="8.0">828.0</temperature>
			<discoverymethod>transit</discoverymethod>
			<istransiting>1</istransiting>
			<discoveryyear>2021</discoveryyear>
			<list>Confirmed planets</list>
			<lastupdate>21/12/06</lastupdate>
		</planet>
	</star>
	<constellation>Antlia</constellation>
</system>
