<system>
	<name>HATS-47</name>
	<rightascension>19 09 56.2503</rightascension>
	<declination>-49 39 53.8684</declination>
	<distance errorminus="1.90" errorplus="1.90">301.70</distance>
	<star>
		<name>HATS-47</name>
		<name>Gaia DR2 6658373007402886400</name>
		<radius errorminus="0.01" errorplus="0.01">0.66</radius>
		<magV errorminus="0.010" errorplus="0.010">14.829</magV>
		<magJ errorminus="0.020" errorplus="0.020">12.653</magJ>
		<magH errorminus="0.021" errorplus="0.021">12.026</magH>
		<magK errorminus="0.023" errorplus="0.023">11.926</magK>
		<mass errorminus="0.01" errorplus="0.02">0.67</mass>
		<temperature errorminus="19.00" errorplus="19.00">4512.00</temperature>
		<metallicity errorminus="0.035" errorplus="0.035">-0.113</metallicity>
		<planet>
			<name>HATS-47 b</name>
			<name>Gaia DR2 6658373007402886400 b</name>
			<semimajoraxis errorminus="0.000250" errorplus="0.000330">0.042690</semimajoraxis>
			<eccentricity>0.088000</eccentricity>
			<inclination errorminus="0.061" errorplus="0.061">87.080</inclination>
			<period errorminus="0.00000220" errorplus="0.00000220">3.92280380</period>
			<description>This planet was discovered by Hartman et al. 2020. This was a ground based discovery. The parameters listed here are those reported by Hartman et al. 2020 and were imported into the Open Exoplanet Catalogue from the NASA Exoplanet Archive.</description>
			<mass errorminus="0.02100" errorplus="0.03100">0.36900</mass>
			<radius errorminus="0.014" errorplus="0.014">1.117</radius>
			<temperature errorminus="5" errorplus="5">853</temperature>
			<discoverymethod>transit</discoverymethod>
			<istransiting>1</istransiting>
			<discoveryyear>2020</discoveryyear>
			<list>Confirmed planets</list>
			<lastupdate>20/02/27</lastupdate>
			<transittime errorminus="0.000290" errorplus="0.000290">2457365.358040</transittime>
		</planet>
	</star>
	<constellation>Telescopium</constellation>
</system>
