<system>
	<name>HATS-33</name>
	<rightascension>19 38 32.0768</rightascension>
	<declination>-55 40 12</declination>
	<distance>355.0</distance>
	<star>
		<name>HATS-33</name>
		<name>Gaia DR2 6640975950310072960</name>
		<magB errorminus="0.07" errorplus="0.07">12.63</magB>
		<magH errorminus="0.026" errorplus="0.026">10.337</magH>
		<magJ errorminus="0.024" errorplus="0.024">10.659</magJ>
		<magK errorminus="0.027" errorplus="0.027">10.287</magK>
		<magR errorminus="0.03" errorplus="0.03">11.81</magR>
		<magV errorminus="0.07" errorplus="0.07">11.91</magV>
		<age>3.0</age>
		<radius>1.022</radius>
		<mass>1.062</mass>
		<temperature>5659.0</temperature>
		<metallicity>0.29</metallicity>
		<planet>
			<name>HATS-33 b</name>
			<name>Gaia DR2 6640975950310072960 b</name>
			<semimajoraxis errorminus="0.00037" errorplus="0.00037">0.03727</semimajoraxis>
			<eccentricity errorminus="0.08" errorplus="0.08">0.08</eccentricity>
			<inclination errorminus="0.92" errorplus="0.92">87.62</inclination>
			<period errorminus="0.000006" errorplus="0.000006">2.5495551</period>
			<mass errorminus="0.053" errorplus="0.053">1.192</mass>
			<radius errorminus="0.08" errorplus="0.11">1.23</radius>
			<istransiting>1</istransiting>
			<discoverymethod>transit</discoverymethod>
			<discoveryyear>2016</discoveryyear>
			<lastupdate>16/07/11</lastupdate>
			<list>Confirmed planets</list>
			<description>Data for this planet was imported from the exoplanet.eu database.</description>
		</planet>
	</star>
	<constellation>Telescopium</constellation>
</system>
