<system>
	<name>HATS-32</name>
	<rightascension>23 04 18.0222</rightascension>
	<declination>-21 16 18.9485</declination>
	<distance>839.0</distance>
	<star>
		<name>HATS-32</name>
		<name>Gaia DR2 2398227794405981568</name>
		<age>3.5</age>
		<radius>1.097</radius>
		<mass>1.099</mass>
		<temperature>5700.0</temperature>
		<magV errorminus="0.01" errorplus="0.01">14.38</magV>
		<magB errorminus="0.03" errorplus="0.03">15.11</magB>
		<magR errorminus="0.10" errorplus="0.10">14.38</magR>
		<metallicity>0.39</metallicity>
		<planet>
			<name>HATS-32 b</name>
			<name>Gaia DR2 2398227794405981568 b</name>
			<semimajoraxis errorminus="0.00053" errorplus="0.00053">0.04024</semimajoraxis>
			<eccentricity errorminus="0.471" errorplus="0.471">0.471</eccentricity>
			<inclination errorminus="1.2" errorplus="1.2">87.1</inclination>
			<period errorminus="0.000005" errorplus="0.000005">2.8126548</period>
			<mass errorminus="0.1" errorplus="0.1">0.92</mass>
			<radius errorminus="0.096" errorplus="0.144">1.249</radius>
			<istransiting>1</istransiting>
			<discoverymethod>transit</discoverymethod>
			<discoveryyear>2016</discoveryyear>
			<lastupdate>16/07/11</lastupdate>
			<list>Confirmed planets</list>
			<description>Data for this planet was imported from the exoplanet.eu database.</description>
		</planet>
	</star>
	<constellation>Aquarius</constellation>
</system>
