<system>
	<name>HATS-12</name>
	<rightascension>19 16 48.5743</rightascension>
	<declination>-19 21 21.2468</declination>
	<distance>981.0</distance>
	<star>
		<name>HATS-12</name>
		<name>Gaia DR2 4083840142695803520</name>
		<age>2.36</age>
		<radius>2.21</radius>
		<mass>1.49</mass>
		<spectraltype>F</spectraltype>
		<magV errorminus="0.021" errorplus="0.021">12.756</magV>
		<magB errorminus="0.043" errorplus="0.043">12.258</magB>
		<temperature>6408.0</temperature>
		<metallicity>-0.1</metallicity>
		<planet>
			<name>HATS-12 b</name>
			<name>Gaia DR2 4083840142695803520 b</name>
			<semimajoraxis errorminus="0.00077" errorplus="0.00077">0.04795</semimajoraxis>
			<eccentricity errorminus="0.085" errorplus="0.085">0.085</eccentricity>
			<inclination errorminus="1.9" errorplus="1.9">82.7</inclination>
			<period errorminus="0.000011" errorplus="0.000011">3.142833</period>
			<mass errorminus="0.119" errorplus="0.123">2.4</mass>
			<radius errorminus="0.17" errorplus="0.17">1.35</radius>
			<istransiting>1</istransiting>
			<discoverymethod>transit</discoverymethod>
			<discoveryyear>2016</discoveryyear>
			<lastupdate>16/05/01</lastupdate>
			<list>Confirmed planets</list>
			<description>Data for this planet was imported from the exoplanet.eu database.</description>
		</planet>
	</star>
	<constellation>Sagittarius</constellation>
</system>
