<system>
	<name>HATS-27</name>
	<rightascension>12 54 12.6109</rightascension>
	<declination>-46 24 44</declination>
	<distance>840.0</distance>
	<star>
		<name>HATS-27</name>
		<name>Gaia DR2 6134228079203074176</name>
		<magB errorminus="0.05" errorplus="0.05">13.24</magB>
		<magH errorminus="0.023" errorplus="0.023">11.651</magH>
		<magJ errorminus="0.022" errorplus="0.022">11.831</magJ>
		<magK errorminus="0.023" errorplus="0.023">11.550</magK>
		<magR errorminus="0.06" errorplus="0.06">12.75</magR>
		<magV errorminus="0.04" errorplus="0.04">12.77</magV>
		<age>2.3</age>
		<radius>1.74</radius>
		<mass>1.415</mass>
		<spectraltype>F</spectraltype>
		<temperature>6438.0</temperature>
		<metallicity>0.09</metallicity>
		<planet>
			<name>HATS-27 b</name>
			<name>Gaia DR2 6134228079203074176 b</name>
			<semimajoraxis errorminus="0.00068" errorplus="0.00068">0.0611</semimajoraxis>
			<eccentricity errorminus="0.29" errorplus="0.29">0.29</eccentricity>
			<inclination errorminus="1.3" errorplus="1.3">87.3</inclination>
			<period errorminus="0.000014" errorplus="0.000014">4.637038</period>
			<mass errorminus="0.13" errorplus="0.13">0.53</mass>
			<radius errorminus="0.11" errorplus="0.2">1.5</radius>
			<istransiting>1</istransiting>
			<discoverymethod>transit</discoverymethod>
			<discoveryyear>2016</discoveryyear>
			<lastupdate>16/07/28</lastupdate>
			<list>Confirmed planets</list>
			<description>Data for this planet was imported from the exoplanet.eu database.</description>
		</planet>
	</star>
	<constellation>Centaurus</constellation>
</system>
