<system>
	<name>HATS-31</name>
	<rightascension>12 46 48.6784</rightascension>
	<declination>-24 35 38.5</declination>
	<distance>872.0</distance>
	<star>
		<name>HATS-31</name>
		<name>Gaia DR2 3498553232585634816</name>
		<age>4.3</age>
		<radius>1.87</radius>
		<mass>1.275</mass>
		<magV errorminus="0.03" errorplus="0.03">13.11</magV>
		<temperature>6050.0</temperature>
		<metallicity>0.0</metallicity>
		<planet>
			<name>HATS-31 b</name>
			<name>Gaia DR2 3498553232585634816 b</name>
			<semimajoraxis errorminus="0.0012" errorplus="0.0012">0.0478</semimajoraxis>
			<eccentricity errorminus="0.233" errorplus="0.233">0.233</eccentricity>
			<inclination errorminus="1.6" errorplus="2.5">85.0</inclination>
			<period errorminus="0.000012" errorplus="0.000012">3.37796</period>
			<mass errorminus="0.12" errorplus="0.12">0.88</mass>
			<radius errorminus="0.22" errorplus="0.22">1.64</radius>
			<istransiting>1</istransiting>
			<discoverymethod>transit</discoverymethod>
			<discoveryyear>2016</discoveryyear>
			<lastupdate>16/07/11</lastupdate>
			<list>Confirmed planets</list>
			<description>Data for this planet was imported from the exoplanet.eu database.</description>
		</planet>
	</star>
	<constellation>Hydra</constellation>
</system>
