<system>
	<name>HATS-26</name>
	<rightascension>09 39 42.4488</rightascension>
	<declination>-28 35 08.0980</declination>
	<distance>907.0</distance>
	<star>
		<name>HATS-26</name>
		<name>Gaia DR2 5656896924435896832</name>
		<age>4.04</age>
		<radius>2.04</radius>
		<mass>1.299</mass>
		<spectraltype>F</spectraltype>
		<magV errorminus="0.03" errorplus="0.03">12.96</magV>
		<magB errorminus="0.03" errorplus="0.03">13.55</magB>
		<magR errorminus="0.09" errorplus="0.09">12.90</magR>
		<temperature>6071.0</temperature>
		<metallicity>-0.02</metallicity>
		<planet>
			<name>HATS-26 b</name>
			<name>Gaia DR2 5656896924435896832 b</name>
			<semimajoraxis errorminus="0.00068" errorplus="0.00133">0.04735</semimajoraxis>
			<eccentricity errorminus="0.122" errorplus="0.122">0.122</eccentricity>
			<inclination errorminus="1.9" errorplus="1.9">86.2</inclination>
			<period errorminus="0.000008" errorplus="0.000008">3.3023881</period>
			<mass errorminus="0.076" errorplus="0.076">0.65</mass>
			<radius errorminus="0.21" errorplus="0.21">1.75</radius>
			<istransiting>1</istransiting>
			<discoverymethod>transit</discoverymethod>
			<discoveryyear>2016</discoveryyear>
			<lastupdate>16/07/28</lastupdate>
			<list>Confirmed planets</list>
			<description>Data for this planet was imported from the exoplanet.eu database.</description>
		</planet>
	</star>
	<constellation>Antlia</constellation>
</system>
