<system>
	<name>HATS-1</name>
	<rightascension>11 42 06.0805</rightascension>
	<declination>-23 21 17.4281</declination>
	<distance>303</distance>
	<star>
		<mass>0.986</mass>
		<radius>1.038</radius>
		<magV errorminus="0.017" errorplus="0.017">12.053</magV>
		<magB errorminus="0.066" errorplus="0.066">12.740</magB>
		<magR errorminus="0.07" errorplus="0.07">12.08</magR>
		<magI errorminus="0.03" errorplus="0.03">11.38</magI>
		<magJ errorminus="0.024" errorplus="0.024">10.924</magJ>
		<magH errorminus="0.022" errorplus="0.022">10.634</magH>
		<magK errorminus="0.023" errorplus="0.023">10.58</magK>
		<metallicity>-0.06</metallicity>
		<spectraltype>G2V</spectraltype>
		<planet>
			<name>HATS-1 b</name>
			<name>2MASS J11420608-2321174 b</name>
			<name>GSC 6652-186 b</name>
			<name>Gaia DR2 3540018633568783488 b</name>
			<list>Confirmed planets</list>
			<mass>1.855</mass>
			<radius>1.302</radius>
			<period>3.446459</period>
			<semimajoraxis>0.0444</semimajoraxis>
			<eccentricity>0.12</eccentricity>
			<inclination>85.6</inclination>
			<description>HATS-1 b is the first planet discovery of HATSouth, a global network of autonomous wide-field telescopes.</description>
			<discoverymethod>transit</discoverymethod>
			<lastupdate>12/06/08</lastupdate>
			<discoveryyear>2012</discoveryyear>
			<temperature>1250.3</temperature>
			<transittime errorminus="0.00071" errorplus="0.00071" unit="BJD">2455241.28722</transittime>
			<istransiting>1</istransiting>
		</planet>
		<name>HATS-1</name>
		<name>Gaia DR2 3540018633568783488</name>
		<temperature>5870.0</temperature>
	</star>
	<constellation>Crater</constellation>
</system>
