<system>
	<name>HATS-75</name>
	<name>TOI-552</name>
	<rightascension>04 03 48.00</rightascension>
	<declination>-25 24 32.00</declination>
	<distance errorminus="1.0" errorplus="1.0">195.3</distance>
	<star>
		<name>HATS-75</name>
		<name>TOI-552</name>
		<radius errorminus="0.0026" errorplus="0.0026">0.5848</radius>
		<magV>15.8</magV>
		<mass errorminus="0.0055" errorplus="0.0074">0.6017</mass>
		<temperature errorminus="5.7" errorplus="5.7">3790.4</temperature>
		<metallicity errorminus="0.028" errorplus="0.05">0.522</metallicity>
		<planet>
			<name>HATS-75 b</name>
			<name>TOI-552 b</name>
			<semimajoraxis errorminus="0.0001" errorplus="0.000134">0.032742</semimajoraxis>
			<eccentricity upperlimit="0.064" />
			<inclination errorminus="0.15" errorplus="0.15">88.7</inclination>
			<period errorminus="0.000001" errorplus="0.000001">2.7886556</period>
			<description>The parameters listed here were imported into the Open Exoplanet Catalogue from the exoplanet.eu website.</description>
			<mass errorminus="0.039" errorplus="0.039">0.491</mass>
			<radius errorminus="0.013" errorplus="0.013">0.884</radius>
			<temperature errorminus="2.3" errorplus="2.3">772.0</temperature>
			<discoverymethod>transit</discoverymethod>
			<istransiting>1</istransiting>
			<discoveryyear>2021</discoveryyear>
			<list>Confirmed planets</list>
			<lastupdate>21/12/15</lastupdate>
		</planet>
	</star>
	<constellation>Eridanus</constellation>
</system>
