<system>
	<name>HATS-37 A</name>
	<rightascension>13 19 12</rightascension>
	<declination>-22 59 13</declination>
	<distance errorminus="2.50" errorplus="2.50">211.10</distance>
	<star>
		<name>HATS-37 A</name>
		<radius errorminus="0.01" errorplus="0.02">0.88</radius>
		<magV errorminus="0.030" errorplus="0.030">12.266</magV>
		<magJ errorminus="0.021" errorplus="0.021">10.528</magJ>
		<magH errorminus="0.020" errorplus="0.020">10.038</magH>
		<magK errorminus="0.019" errorplus="0.019">9.947</magK>
		<mass errorminus="0.01" errorplus="0.02">0.84</mass>
		<temperature errorminus="44.00" errorplus="44.00">5326.00</temperature>
		<metallicity errorminus="0.029" errorplus="0.029">0.051</metallicity>
		<planet>
			<name>HATS-37 A b</name>
			<semimajoraxis errorminus="0.000230" errorplus="0.000330">0.049130</semimajoraxis>
			<eccentricity>0.000000</eccentricity>
			<inclination errorminus="0.450" errorplus="0.450">89.330</inclination>
			<period errorminus="0.00000410" errorplus="0.00000410">4.33153660</period>
			<description>This planet was discovered by Jordán et al. 2020. This was a ground based discovery. The parameters listed here are those reported by Jordán et al. 2020 and were imported into the Open Exoplanet Catalogue from the NASA Exoplanet Archive.</description>
			<mass errorminus="0.04200" errorplus="0.04200">0.09900</mass>
			<radius errorminus="0.016" errorplus="0.016">0.606</radius>
			<temperature errorminus="12" errorplus="16">1085</temperature>
			<discoverymethod>transit</discoverymethod>
			<istransiting>1</istransiting>
			<discoveryyear>2020</discoveryyear>
			<list>Confirmed planets</list>
			<lastupdate>20/08/13</lastupdate>
			<transittime errorminus="0.000500" errorplus="0.000500">2458006.801450</transittime>
		</planet>
	</star>
	<constellation>Hydra</constellation>
</system>
