<system>
	<name>HD 108236</name>
	<name>TOI-1233</name>
	<name>HIP 60689</name>
	<rightascension>12 26 17.8916</rightascension>
	<declination>-51 21 46.2140</declination>
	<distance errorminus="0.1931" errorplus="0.1931">64.7178</distance>
	<star>
		<name>HD 108236</name>
		<name>TOI-1233</name>
		<name>HIP 60689</name>
		<name>TYC 8243-1948-1</name>
		<name>Gaia DR2 6125644402384918784</name>
		<mass errorminus="0.048" errorplus="0.050">0.869</mass>
		<radius errorminus="0.008" errorplus="0.008">0.877</radius>
		<temperature errorminus="61" errorplus="61">5660</temperature>
		<magV>9.24</magV>
		<magJ>8.046</magJ>
		<metallicity errorminus="0.04" errorplus="0.04">-0.28</metallicity>
		<spectraltype>G3V</spectraltype>
		<planet>
			<name>HD 108236 b</name>
			<name>TOI-1233 b</name>
			<name>HIP 60689 b</name>
			<name>TYC 8243-1948-1 b</name>
			<name>Gaia DR2 6125644402384918784 b</name>
			<list>Confirmed planets</list>
			<mass errorminus="0.001227" errorplus="0.001290">0.013309</mass>
			<radius errorminus="0.004550" errorplus="0.004550">0.144081</radius>
			<period errorminus="0.000034" errorplus="3.795963">3.795963</period>
			<semimajoraxis errorminus="0.00096" errorplus="0.00096">0.04527</semimajoraxis>
			<eccentricity errorminus="0.033" errorplus="0.039">0.045</eccentricity>
			<inclination errorminus="0.35" errorplus="0.47">87.59</inclination>
			<periastron errorminus="62" errorplus="51">126</periastron>
			<transittime errorminus="0.0013" errorplus="0.0013">2458773.2964</transittime>
			<description>HD 108236 is a Sun-like star hosting at least 5 planets. This is only the third system brighter than V = 10 mag to host more than four transiting planets. The planets were discovered using both TESS and CHEOPS data.</description>
			<discoverymethod>transit</discoverymethod>
			<istransiting>1</istransiting>
			<lastupdate>21/01/05</lastupdate>
			<discoveryyear>2020</discoveryyear>
		</planet>
		<planet>
			<name>HD 108236 c</name>
			<name>TOI-1233 c</name>
			<name>HIP 60689 c</name>
			<list>Confirmed planets</list>
			<mass errorminus="0.002014" errorplus="0.002108">0.028003</mass>
			<radius errorminus="0.004639" errorplus="0.004639">0.184763</radius>
			<period errorminus="0.000046" errorplus="0.000049">6.203449</period>
			<semimajoraxis errorminus="0.0012" errorplus="0.0012">0.0620</semimajoraxis>
			<eccentricity errorminus="0.025" errorplus="0.042">0.034</eccentricity>
			<inclination errorminus="0.23" errorplus="0.29">88.30</inclination>
			<periastron errorminus="110" errorplus="44">211</periastron>
			<transittime errorminus="0.00078" errorplus="0.00078">2458770.90586</transittime>
			<description>HD 108236 is a Sun-like star hosting at least 5 planets. This is only the third system brighter than V = 10 mag to host more than four transiting planets. The planets were discovered using both TESS and CHEOPS data.</description>
			<discoverymethod>transit</discoverymethod>
			<istransiting>1</istransiting>
			<lastupdate>21/01/05</lastupdate>
			<discoveryyear>2020</discoveryyear>
		</planet>
		<planet>
			<name>HD 108236 d</name>
			<name>TOI-1233 d</name>
			<name>HIP 60689 d</name>
			<list>Confirmed planets</list>
			<mass errorminus="0.001951" errorplus="0.002863">0.024384</mass>
			<radius errorminus="0.005799" errorplus="0.005531">0.226515</radius>
			<period errorminus="0.00010" errorplus="0.000083">14.175685</period>
			<semimajoraxis errorminus="0.0023" errorplus="0.0023">0.1074</semimajoraxis>
			<eccentricity errorminus="0.035" errorplus="0.038">0.055</eccentricity>
			<inclination errorminus="0.14" errorplus="0.27">89.06</inclination>
			<periastron errorminus="33" errorplus="46">151</periastron>
			<transittime errorminus="0.00090" errorplus="0.00090">2458769.79682</transittime>
			<description>HD 108236 is a Sun-like star hosting at least 5 planets. This is only the third system brighter than V = 10 mag to host more than four transiting planets. The planets were discovered using both TESS and CHEOPS data.</description>
			<discoverymethod>transit</discoverymethod>
			<istransiting>1</istransiting>
			<lastupdate>21/01/05</lastupdate>
			<discoveryyear>2020</discoveryyear>
		</planet>
		<planet>
			<name>HD 108236 e</name>
			<name>TOI-1233 e</name>
			<name>HIP 60689 e</name>
			<list>Confirmed planets</list>
			<mass errorminus="0.003776" errorplus="0.011956">0.025800</mass>
			<radius errorminus="0.004639" errorplus="0.004639">0.275047</radius>
			<period errorminus="0.000089" errorplus="0.000083">19.590025</period>
			<semimajoraxis errorminus="0.0020" errorplus="0.0022">0.1367</semimajoraxis>
			<eccentricity errorminus="0.036" errorplus="0.032">0.058</eccentricity>
			<inclination errorminus="0.086" errorplus="0.12">89.245</inclination>
			<periastron errorminus="54" errorplus="37">128</periastron>
			<transittime errorminus="0.00069" errorplus="0.00078">2458782.46935</transittime>
			<description>HD 108236 is a Sun-like star hosting at least 5 planets. This is only the third system brighter than V = 10 mag to host more than four transiting planets. The planets were discovered using both TESS and CHEOPS data.</description>
			<discoverymethod>transit</discoverymethod>
			<istransiting>1</istransiting>
			<lastupdate>21/01/05</lastupdate>
			<discoveryyear>2020</discoveryyear>
		</planet>
		<planet>
			<name>HD 108236 f</name>
			<name>TOI-1233 f</name>
			<name>HIP 60689 f</name>
			<list>Confirmed planets</list>
			<mass errorminus="0.001007" errorplus="0.001447">0.012428</mass>
			<radius errorminus="0.005085" errorplus="0.004639">0.179945</radius>
			<period errorminus="0.00042" errorplus="0.00033">29.54115</period>
			<semimajoraxis errorminus="0.0038" errorplus="0.0041">0.1758</semimajoraxis>
			<eccentricity errorminus="0.034" errorplus="0.036">0.051</eccentricity>
			<inclination errorminus="0.042" errorplus="0.042">88.963</inclination>
			<periastron errorminus="63" errorplus="45">275</periastron>
			<transittime errorminus="0.0019" errorplus="0.0021">2458793.2786</transittime>
			<description>HD 108236 is a Sun-like star hosting at least 5 planets. This is only the third system brighter than V = 10 mag to host more than four transiting planets. The planets were discovered using both TESS and CHEOPS data.</description>
			<discoverymethod>transit</discoverymethod>
			<istransiting>1</istransiting>
			<lastupdate>21/01/05</lastupdate>
			<discoveryyear>2021</discoveryyear>
		</planet>
	</star>
	<constellation>Centaurus</constellation>
</system>
