<system>
	<name>HD 100546</name>
	<rightascension>11 33 25.4404</rightascension>
	<declination>-70 11 41.2393</declination>
	<distance errorminus="4" errorplus="4">97</distance>
	<star>
		<magB errorminus="0.01" errorplus="0.01">6.71</magB>
		<magV errorminus="0.01" errorplus="0.01">6.70</magV>
		<magR>6.7</magR>
		<magI errorminus="0.05" errorplus="0.05">6.64</magI>
		<magJ errorminus="0.020" errorplus="0.020">6.425</magJ>
		<magH errorminus="0.03" errorplus="0.03">5.96</magH>
		<magK errorminus="0.06" errorplus="0.06">5.83</magK>
		<name>HD 100546</name>
		<name>HIP 56379</name>
		<name>Gaia DR2 5233604915060520576</name>
		<name>TYC 9229-2446-1</name>
		<mass errorminus="0.1" errorplus="0.1">2.4</mass>
		<temperature>10500</temperature>
		<spectraltype>B9Vne</spectraltype>
		<age>0.005</age>
		<planet>
			<name>HD 100546 b</name>
			<name>HIP 56379 b</name>
			<name>Gaia DR2 5233604915060520576 b</name>
			<name>TYC 9229-2446-1 b</name>
			<list>Confirmed planets</list>
			<semimajoraxis errorminus="2" errorplus="2">53</semimajoraxis>
			<mass>17.5</mass>
			<magK errorminus="0.11" errorplus="0.11">13.59</magK>
			<age errorminus="0.0045" errorplus="0.0045">0.0055</age>
			<temperature errorminus="253" errorplus="227">1028</temperature>
			<radius errorminus="2.6" errorplus="2.5">6</radius>
			<description>HD 100546 is a Herbig Ae/Be star. High contrast observations of the circumstellar disk reveal an emmision source at a distance of 68 astronomical units. The most likely explanation is a planet in the process of forming. HD 100546b has, as of the 2nd November, 2014, been confirmed to be a planet. HD 100546b is a unique laboratory to study the formation process of a new planetary system, with one giant planet currently forming in the disk and a second planet possibly oribitin in the disk gap at a smaller separation.</description>
			<discoverymethod>imaging</discoverymethod>
			<lastupdate>14/12/26</lastupdate>
			<discoveryyear>2013</discoveryyear>
			<image>HD100546</image>
			<imagedescription>This artist's impression shows the formation of a gas giant planet in the ring of dust around the young star HD 100546. This system is also suspected to contain another large planet orbiting closer to the star. The newly-discovered object lies about 70 times further from its star than the Earth does from the Sun. This protoplanet is surrounded by a thick cloud of material so that, seen from this position, its star almost invisible and red in colour because of the scattering of light from the dust.
			
Credit: ESO/L. Calcada</imagedescription>
		</planet>
		<planet>
			<name>HD 100546 c</name>
			<name>HIP 56379 c</name>
			<name>Gaia DR2 5233604915060520576 c</name>
			<name>TYC 9229-2446-1 c</name>
			<list>Controversial</list>
			<semimajoraxis>13.5</semimajoraxis>
		</planet>
	</star>
	<constellation>Musca</constellation>
</system>
