<system>
	<name>HD 100655</name>
	<rightascension>11 35 03.7529</rightascension>
	<declination>+20 26 29.5636</declination>
	<distance>122</distance>
	<star>
		<mass>2.4</mass>
		<radius>9.3</radius>
		<magV>6.45</magV>
		<magB errorminus="0.017" errorplus="0.017">7.468</magB>
		<magR errorminus="0.35" errorplus="0.35">6.37</magR>
		<magJ errorminus="0.194" errorplus="0.194">5.039</magJ>
		<magH errorminus="0.202" errorplus="0.202">4.470</magH>
		<magK errorminus="0.024" errorplus="0.024">4.129</magK>
		<metallicity>0.15</metallicity>
		<spectraltype>G9III</spectraltype>
		<planet>
			<name>HD 100655 b</name>
			<name>TYC 1440-2597-1 b</name>
			<name>Gaia DR2 3979226627820659072 b</name>
			<name>HIP 56508 b</name>
			<name>Formosa b</name>
			<list>Confirmed planets</list>
			<mass>1.7</mass>
			<period>157.57</period>
			<semimajoraxis>0.76</semimajoraxis>
			<eccentricity>0.085</eccentricity>
			<description>HD 100655b is a planetary companion to a star which is more than twice as massive as our Sun. Even though the planet is heavier than Jupiter, it is the lowest-mass planet known around giant stars with more than 1.9 solar masses.</description>
			<discoverymethod>RV</discoverymethod>
			<lastupdate>11/11/17</lastupdate>
			<discoveryyear>2011</discoveryyear>
			<temperature>749.4</temperature>
		</planet>
		<name>HD 100655</name>
		<name>TYC 1440-2597-1</name>
		<name>Gaia DR2 3979226627820659072</name>
		<name>HIP 56508</name>
		<name>Formosa</name>
		<temperature>4861.0</temperature>
	</star>
	<constellation>Leo</constellation>
</system>
