<system>
	<name>HD 111591</name>
	<name>HIP 62653</name>
	<rightascension>12 50 17.2954</rightascension>
	<declination>+22 51 48.2786</declination>
	<distance errorminus="0.70" errorplus="0.70">114.54</distance>
	<star>
		<name>HD 111591</name>
		<name>HIP 62653</name>
		<name>TYC 1993-2900-1</name>
		<name>Gaia DR2 3955257343054729984</name>
		<radius errorminus="0.49" errorplus="0.49">8.03</radius>
		<magV errorminus="0.010" errorplus="0.010">6.427</magV>
		<mass errorminus="0.07" errorplus="0.07">1.94</mass>
		<temperature errorminus="30.00" errorplus="30.00">4884.00</temperature>
		<metallicity errorminus="0.040" errorplus="0.040">0.070</metallicity>
		<spectraltype>K0III</spectraltype>
		<planet>
			<name>HD 111591 b</name>
			<name>HIP 62653 b</name>
			<name>TYC 1993-2900-1 b</name>
			<name>Gaia DR2 3955257343054729984 b</name>
			<semimajoraxis errorminus="0.100000" errorplus="0.100000">2.500000</semimajoraxis>
			<eccentricity errorminus="0.100000" errorplus="0.100000">0.260000</eccentricity>
			<periastron errorminus="11.9400" errorplus="11.9400">78.7200</periastron>
			<period errorminus="14.30000000" errorplus="14.30000000">1056.40000000</period>
			<description>This planet was discovered by Jeong et al. 2018. This was a ground based discovery. The parameters listed here are those reported by Jeong et al. 2018 and were imported into the Open Exoplanet Catalogue from the NASA Exoplanet Archive.</description>
			<mass errorminus="0.40000" errorplus="0.40000">4.40000</mass>
			<discoverymethod>RV</discoverymethod>
			<discoveryyear>2017</discoveryyear>
			<list>Confirmed planets</list>
			<lastupdate>17/11/30</lastupdate>
		</planet>
	</star>
	<constellation>Coma Berenices</constellation>
</system>
