<system>
	<name>HD 10697</name>
	<rightascension>01 44 55.8251</rightascension>
	<declination>+20 04 59.3362</declination>
	<distance>32.56</distance>
	<star>
		<mass>1.15</mass>
		<radius>1.72</radius>
		<magV>6.29</magV>
		<magB>6.957</magB>
		<magJ errorminus="0.27" errorplus="0.27">5.39</magJ>
		<magH>4.678</magH>
		<magK errorminus="0.021" errorplus="0.021">4.601</magK>
		<metallicity>0.1</metallicity>
		<spectraltype>G5 IV</spectraltype>
		<planet>
			<name>HD 10697 b</name>
			<name>TYC 1211-1730-1 b</name>
			<name>Gaia DR2 95652018353917056 b</name>
			<name>HIP 8159 b</name>
			<name>GJ 72 b</name>
			<list>Confirmed planets</list>
			<mass>6.38</mass>
			<period>1076.4</period>
			<semimajoraxis>2.16</semimajoraxis>
			<eccentricity>0.1</eccentricity>
			<inclination>69</inclination>
			<discoverymethod>RV</discoverymethod>
			<lastupdate>10/10/19</lastupdate>
			<discoveryyear>2000</discoveryyear>
			<temperature>221.8</temperature>
		</planet>
		<name>HD 10697</name>
		<name>TYC 1211-1730-1</name>
		<name>Gaia DR2 95652018353917056</name>
		<name>HIP 8159</name>
		<name>GJ 72</name>
		<temperature>5641.0</temperature>
	</star>
	<constellation>Pisces</constellation>
</system>
