<system>
	<name>HD 102843</name>
	<name>HIP 57735</name>
	<rightascension>11 50 20.9304</rightascension>
	<declination>-01 15 08.8430</declination>
	<distance>62.87</distance>
	<star>
		<name>HD 102843</name>
		<name>HIP 57735</name>
		<name>TYC 4932-380-1</name>
		<name>Gaia DR2 3794501355731126016</name>
		<magV errorminus="0.023" errorplus="0.023">9.268</magV>
		<magJ errorminus="0.027" errorplus="0.027">7.896</magJ>
		<magH errorminus="0.059" errorplus="0.059">7.535</magH>
		<magK errorminus="0.022" errorplus="0.022">7.495</magK>
		<mass errorminus="0.05" errorplus="0.05">0.95</mass>
		<temperature errorminus="69.00" errorplus="144.00">5436.00</temperature>
		<spectraltype>K0V</spectraltype>
		<planet>
			<name>HD 102843 b</name>
			<name>HIP 57735 b</name>
			<name>TYC 4932-380-1 b</name>
			<name>Gaia DR2 3794501355731126016 b</name>
			<semimajoraxis errorminus="0.270000" errorplus="0.270000">4.074000</semimajoraxis>
			<eccentricity errorminus="0.070000" errorplus="0.070000">0.110000</eccentricity>
			<periastron errorminus="49.3800" errorplus="49.3800">108.6900</periastron>
			<period errorminus="295.04900000" errorplus="295.04900000">3090.94200000</period>
			<description>This planet was discovered by Feng et al. 2019. This was a ground based discovery. The parameters listed here are those reported by Feng et al. 2019 and were imported into the Open Exoplanet Catalogue from the NASA Exoplanet Archive.</description>
			<mass errorminus="0.04562" errorplus="0.04562">0.35837</mass>
			<discoverymethod>RV</discoverymethod>
			<discoveryyear>2019</discoveryyear>
			<list>Confirmed planets</list>
			<lastupdate>19/05/23</lastupdate>
		</planet>
	</star>
	<constellation>Virgo</constellation>
</system>
