<system>
	<name>HD 103774</name>
	<rightascension>11 56 55.5894</rightascension>
	<declination>-12 06 28.4700</declination>
	<distance>55</distance>
	<star>
		<name>HD 103774</name>
		<name>HIP 58263</name>
		<name>TYC 5521-1086-1</name>
		<name>Gaia DR2 3574907305749250432</name>
		<mass>1.335</mass>
		<temperature>6489</temperature>
		<magV>7.12</magV>
		<magB errorminus="0.02" errorplus="0.02">7.61</magB>
		<magJ errorminus="0.018" errorplus="0.018">6.269</magJ>
		<magH errorminus="0.049" errorplus="0.049">6.112</magH>
		<magK errorminus="0.020" errorplus="0.020">6.000</magK>
		<metallicity>0.28</metallicity>
		<spectraltype>F5V</spectraltype>
		<planet>
			<name>HD 103774 b</name>
			<name>HIP 58263 b</name>
			<name>TYC 5521-1086-1 b</name>
			<name>Gaia DR2 3574907305749250432 b</name>
			<list>Confirmed planets</list>
			<mass>0.367</mass>
			<period>5.8881</period>
			<semimajoraxis>0.070</semimajoraxis>
			<eccentricity>0.09</eccentricity>
			<periastron>-42</periastron>
			<discoverymethod>RV</discoverymethod>
			<lastupdate>13/01/14</lastupdate>
			<discoveryyear>2013</discoveryyear>
			<description>The Star HD 103774 hosts a Neptune mass planet. The star shows signs for varying activity during the nine year observing campaign. The planet was discovered with the European HARPS instrument.</description>
			<temperature>1310.9</temperature>
		</planet>
	</star>
	<constellation>Corvus</constellation>
</system>
