<system>
	<name>HD 104067</name>
	<rightascension>11 59 10.0086</rightascension>
	<declination>-20 21 13.6101</declination>
	<distance>20.8</distance>
	<star>
		<mass>0.791</mass>
		<magV>7.93</magV>
		<magB>8.897</magB>
		<magR>7.369</magR>
		<magI>6.913</magI>
		<magJ errorminus="0.019" errorplus="0.019">6.212</magJ>
		<magH errorminus="0.023" errorplus="0.023">5.754</magH>
		<magK errorminus="0.024" errorplus="0.024">5.614</magK>
		<metallicity>-0.06</metallicity>
		<spectraltype>K2V</spectraltype>
		<planet>
			<name>HD 104067 b</name>
			<name>Gaia DR2 3494677900774838144 b</name>
			<name>GJ 1153 b</name>
			<name>TYC 6100-1491-1 b</name>
			<name>HIP 58451 b</name>
			<list>Confirmed planets</list>
			<mass>0.186</mass>
			<period>55.806</period>
			<semimajoraxis>0.2643</semimajoraxis>
			<eccentricity>0.0</eccentricity>
			<discoverymethod>RV</discoverymethod>
			<lastupdate>11/07/05</lastupdate>
			<discoveryyear>2009</discoveryyear>
			<temperature>363.2</temperature>
		</planet>
		<name>HD 104067</name>
		<name>Gaia DR2 3494677900774838144</name>
		<name>GJ 1153</name>
		<name>TYC 6100-1491-1</name>
		<name>HIP 58451</name>
		<temperature>4969.0</temperature>
	</star>
	<constellation>Corvus</constellation>
</system>
