<system>
	<name>HD 102195</name>
	<rightascension>11 45 42.2927</rightascension>
	<declination>+02 49 17.3261</declination>
	<distance>28.98</distance>
	<star>
		<mass>0.926</mass>
		<radius>0.835</radius>
		<magV>8.05</magV>
		<magB errorminus="0.02" errorplus="0.02">8.90</magB>
		<magR>7.6</magR>
		<magI>7.2</magI>
		<magJ errorminus="0.024" errorplus="0.024">6.629</magJ>
		<magH errorminus="0.026" errorplus="0.026">6.268</magH>
		<magK errorminus="0.018" errorplus="0.018">6.151</magK>
		<metallicity>0.05</metallicity>
		<spectraltype>K0V</spectraltype>
		<planet>
			<name>HD 102195 b</name>
			<name>TYC 275-157-1 b</name>
			<name>Flegetonte b</name>
			<name>Gaia DR2 3799626935341796096 b</name>
			<name>HIP 57370 b</name>
			<list>Confirmed planets</list>
			<mass>0.45</mass>
			<period>4.113775</period>
			<semimajoraxis>0.049</semimajoraxis>
			<eccentricity>0.0</eccentricity>
			<discoverymethod>RV</discoverymethod>
			<lastupdate>10/12/21</lastupdate>
			<discoveryyear>2005</discoveryyear>
			<temperature>963.1</temperature>
		</planet>
		<name>HD 102195</name>
		<name>TYC 275-157-1</name>
		<name>Flegetonte</name>
		<name>Gaia DR2 3799626935341796096</name>
		<name>HIP 57370</name>
		<temperature>5291.0</temperature>
	</star>
	<constellation>Virgo</constellation>
</system>
