<system>
	<name>HD 109246</name>
	<rightascension>12 32 07.1885</rightascension>
	<declination>+74 29 22.3704</declination>
	<distance>65.6</distance>
	<star>
		<mass>1.01</mass>
		<radius>1.02</radius>
		<magV>8.77</magV>
		<magB errorminus="0.02" errorplus="0.02">9.42</magB>
		<magR>8.43</magR>
		<magI>8.0</magI>
		<magJ errorminus="0.027" errorplus="0.027">7.570</magJ>
		<magH errorminus="0.020" errorplus="0.020">7.296</magH>
		<magK errorminus="0.023" errorplus="0.023">7.216</magK>
		<metallicity>0.1</metallicity>
		<spectraltype>G0V</spectraltype>
		<planet>
			<name>HD 109246 b</name>
			<name>TYC 4400-99-1 b</name>
			<name>Gaia DR2 1692267077979468544 b</name>
			<name>HIP 61177 b</name>
			<name>Funi b</name>
			<list>Confirmed planets</list>
			<mass>0.77</mass>
			<period>68.27</period>
			<semimajoraxis>0.33</semimajoraxis>
			<eccentricity>0.12</eccentricity>
			<discoverymethod>RV</discoverymethod>
			<lastupdate>10/06/28</lastupdate>
			<discoveryyear>2010</discoveryyear>
			<temperature>452.6</temperature>
		</planet>
		<name>HD 109246</name>
		<name>TYC 4400-99-1</name>
		<name>Gaia DR2 1692267077979468544</name>
		<name>HIP 61177</name>
		<name>Funi</name>
		<temperature>5844.0</temperature>
	</star>
	<constellation>Draco</constellation>
</system>
