<system>
	<name>HD 10647</name>
	<rightascension>01 42 29.3148</rightascension>
	<declination>-53 44 26.9911</declination>
	<distance>17.3</distance>
	<star>
		<name>HD 10647</name>
		<name>TYC 8475-527-1</name>
		<name>Gaia DR2 4912580642524184960</name>
		<name>HIP 7978</name>
		<name>GJ 3109</name>
		<age>1.4</age>
		<mass>1.11</mass>
		<radius>1.1</radius>
		<magV>5.52</magV>
		<magB>6.05</magB>
		<magJ errorminus="0.23" errorplus="0.23">4.79</magJ>
		<magH errorminus="0.23" errorplus="0.23">4.40</magH>
		<magK errorminus="0.28" errorplus="0.28">4.34</magK>
		<metallicity>0.0</metallicity>
		<spectraltype>F9V</spectraltype>
		<planet>
			<name>HD 10647 b</name>
			<name>TYC 8475-527-1 b</name>
			<name>Gaia DR2 4912580642524184960 b</name>
			<name>HIP 7978 b</name>
			<name>GJ 3109 b</name>
			<list>Confirmed planets</list>
			<mass>0.94</mass>
			<period>989.2</period>
			<semimajoraxis>2.015</semimajoraxis>
			<eccentricity>0.15</eccentricity>
			<periastron>212</periastron>
			<discoverymethod>RV</discoverymethod>
			<lastupdate>12/11/29</lastupdate>
			<discoveryyear>2003</discoveryyear>
			<temperature>195.9</temperature>
		</planet>
		<temperature>6039.0</temperature>
	</star>
	<constellation>Eridanus</constellation>
</system>
