<system>
	<name>HD 113538</name>
	<rightascension>13 04 57.47691</rightascension>
	<declination>-52 26 34.5223</declination>
	<distance errorminus="0.34" errorplus="0.34">15.87</distance>
	<star>
		<name>HD 113538</name>
		<name>HIP 63833</name>
		<name>TYC 8258-2139-1</name>
		<name>Gliese 496.1</name>
		<name>GJ 496.1</name>
		<name>GJ 9425</name>
		<name>CD-51 7244</name>
		<name>CPD-51 5750</name>
		<name>2MASS J13045745-5226349</name>
		<name>Gaia DR2 6080301367488384896</name>
		<temperature errorminus="145" errorplus="145">4462</temperature>
		<mass errorminus="0.05" errorplus="0.05">0.585</mass>
		<radius errorminus="0.02" errorplus="0.02">0.53</radius>
		<magV>9.057</magV>
		<magB>10.433</magB>
		<magR>8.202</magR>
		<magI>7.418</magI>
		<magJ errorminus="0.021" errorplus="0.021">6.438</magJ>
		<magH errorminus="0.042" errorplus="0.042">5.835</magH>
		<magK errorminus="0.024" errorplus="0.024">5.637</magK>
		<metallicity errorminus="0.06" errorplus="0.06">-0.24</metallicity>
		<spectraltype>K9V</spectraltype>
		<age errorminus="4" errorplus="4">4.3</age>
		<planet>
			<name>HD 113538 b</name>
			<name>TYC 8258-2139-1 b</name>
			<name>GJ 496.1 b</name>
			<name>Gaia DR2 6080301367488384896 b</name>
			<name>HIP 63833 b</name>
			<name>GJ 9425 b</name>
			<list>Confirmed planets</list>
			<mass errorminus="0.04" errorplus="0.04" type="msini">0.36</mass>
			<period errorminus="7.4" errorplus="7.4">663.2</period>
			<semimajoraxis errorminus="0.04" errorplus="0.04">1.24</semimajoraxis>
			<eccentricity errorminus="0.08" errorplus="0.08">0.14</eccentricity>
			<periastron errorminus="29" errorplus="37">74</periastron>
			<maximumrvtime errorminus="17" errorplus="17">2455500</maximumrvtime>
			<discoverymethod>RV</discoverymethod>
			<description>These planet parameters have been derived from ten years of HARPS data.</description>
			<lastupdate>15/11/21</lastupdate>
			<discoveryyear>2010</discoveryyear>
		</planet>
		<planet>
			<name>HD 113538 c</name>
			<name>TYC 8258-2139-1 c</name>
			<name>GJ 496.1 c</name>
			<name>Gaia DR2 6080301367488384896 c</name>
			<name>HIP 63833 c</name>
			<name>GJ 9425 c</name>
			<list>Confirmed planets</list>
			<mass errorminus="0.06" errorplus="0.06" type="msini">0.93</mass>
			<period errorminus="22" errorplus="25">1818</period>
			<semimajoraxis errorminus="0.07" errorplus="0.07">2.44</semimajoraxis>
			<eccentricity errorminus="0.04" errorplus="0.04">0.2</eccentricity>
			<periastron errorminus="16" errorplus="16">280</periastron>
			<maximumrvtime errorminus="31" errorplus="31">2456741</maximumrvtime>
			<discoverymethod>RV</discoverymethod>
			<description>These planet parameters have been derived from ten years of HARPS data.</description>
			<lastupdate>15/11/21</lastupdate>
			<discoveryyear>2010</discoveryyear>
		</planet>
	</star>
	<constellation>Centaurus</constellation>
</system>
