<system>
	<name>HD 111232</name>
	<rightascension>12 48 51.7525</rightascension>
	<declination>-68 25 30.5470</declination>
	<distance>29</distance>
	<star>
		<mass>0.78</mass>
		<magV>7.61</magV>
		<magJ errorminus="0.021" errorplus="0.021">6.328</magJ>
		<magH errorminus="0.023" errorplus="0.023">5.975</magH>
		<magK errorminus="0.033" errorplus="0.033">5.898</magK>
		<magB>8.29</magB>
		<metallicity>-0.36</metallicity>
		<spectraltype>G8V</spectraltype>
		<planet>
			<name>HD 111232 b</name>
			<name>HIP 62534 b</name>
			<name>Gaia DR2 5855730584310531200 b</name>
			<name>TYC 9241-249-1 b</name>
			<list>Confirmed planets</list>
			<mass>6.8</mass>
			<period>1143</period>
			<semimajoraxis>1.97</semimajoraxis>
			<eccentricity>0.2</eccentricity>
			<discoverymethod>RV</discoverymethod>
			<lastupdate>10/12/29</lastupdate>
			<discoveryyear>2004</discoveryyear>
			<temperature>163.3</temperature>
		</planet>
		<name>HD 111232</name>
		<name>HIP 62534</name>
		<name>Gaia DR2 5855730584310531200</name>
		<name>TYC 9241-249-1</name>
		<temperature>5494.0</temperature>
	</star>
	<constellation>Musca</constellation>
</system>
