<system>
	<name>HD 108874</name>
	<rightascension>12 30 26.8817</rightascension>
	<declination>+22 52 47.3806</declination>
	<distance>68.5</distance>
	<star>
		<mass>1</mass>
		<radius>1.22</radius>
		<magV>8.76</magV>
		<magB errorminus="0.02" errorplus="0.02">9.49</magB>
		<magR>8.3</magR>
		<magI>7.9</magI>
		<magJ>7.48</magJ>
		<magH>7.11</magH>
		<magK>7.06</magK>
		<metallicity>0.14</metallicity>
		<spectraltype>G5</spectraltype>
		<planet>
			<name>HD 108874 b</name>
			<name>TYC 1989-2141-1 b</name>
			<name>HIP 61028 b</name>
			<name>Gaia DR2 3958951942642583936 b</name>
			<list>Confirmed planets</list>
			<mass>1.36</mass>
			<period>395.4</period>
			<semimajoraxis>1.051</semimajoraxis>
			<eccentricity>0.07</eccentricity>
			<discoverymethod>RV</discoverymethod>
			<lastupdate>10/12/29</lastupdate>
			<discoveryyear>2003</discoveryyear>
			<temperature>256.8</temperature>
		</planet>
		<planet>
			<name>HD 108874 c</name>
			<name>TYC 1989-2141-1 c</name>
			<name>HIP 61028 c</name>
			<name>Gaia DR2 3958951942642583936 c</name>
			<list>Confirmed planets</list>
			<mass>1.018</mass>
			<period>1605.8</period>
			<semimajoraxis>2.68</semimajoraxis>
			<eccentricity>0.25</eccentricity>
			<discoverymethod>RV</discoverymethod>
			<lastupdate>10/12/29</lastupdate>
			<discoveryyear>2005</discoveryyear>
			<temperature>160.2</temperature>
		</planet>
		<name>HD 108874</name>
		<name>TYC 1989-2141-1</name>
		<name>HIP 61028</name>
		<name>Gaia DR2 3958951942642583936</name>
		<temperature>5407.0</temperature>
	</star>
	<constellation>Coma Berenices</constellation>
</system>
