<system>
	<name>HD 103949</name>
	<name>HIP 58374</name>
	<rightascension>11 58 11.7047</rightascension>
	<declination>-23 55 25.9952</declination>
	<distance>26.52</distance>
	<star>
		<name>HD 103949</name>
		<name>HIP 58374</name>
		<name>Gaia DR2 3492633633781166336</name>
		<name>TYC 6666-290-1</name>
		<magV errorminus="0.030" errorplus="0.030">8.690</magV>
		<magJ errorminus="0.020" errorplus="0.020">6.903</magJ>
		<magH errorminus="0.020" errorplus="0.020">6.411</magH>
		<magK errorminus="0.021" errorplus="0.021">6.314</magK>
		<mass errorminus="0.04" errorplus="0.04">0.77</mass>
		<temperature errorminus="54.00" errorplus="66.00">4792.00</temperature>
		<spectraltype>K3V</spectraltype>
		<planet>
			<name>HD 103949 b</name>
			<name>HIP 58374 b</name>
			<name>Gaia DR2 3492633633781166336 b</name>
			<name>TYC 6666-290-1 b</name>
			<semimajoraxis errorminus="0.009000" errorplus="0.009000">0.439000</semimajoraxis>
			<eccentricity errorminus="0.120000" errorplus="0.120000">0.190000</eccentricity>
			<periastron errorminus="68.2800" errorplus="68.2800">127.7400</periastron>
			<period errorminus="0.44600000" errorplus="0.44600000">120.87800000</period>
			<description>This planet was discovered by Feng et al. 2019. This was a ground based discovery. The parameters listed here are those reported by Feng et al. 2019 and were imported into the Open Exoplanet Catalogue from the NASA Exoplanet Archive.</description>
			<mass errorminus="0.00724" errorplus="0.00724">0.03524</mass>
			<discoverymethod>RV</discoverymethod>
			<discoveryyear>2019</discoveryyear>
			<list>Confirmed planets</list>
			<lastupdate>19/05/23</lastupdate>
		</planet>
	</star>
	<constellation>Corvus</constellation>
</system>
