<system>
	<name>HD 102272</name>
	<rightascension>11 46 23.5354</rightascension>
	<declination>+14 07 26.3538</declination>
	<distance>360</distance>
	<star>
		<mass>1.9</mass>
		<radius>10.1</radius>
		<magV>8.71</magV>
		<magB>9.71</magB>
		<magJ errorminus="0.017" errorplus="0.017">6.895</magJ>
		<magH errorminus="0.026" errorplus="0.026">6.402</magH>
		<magK errorminus="0.016" errorplus="0.016">6.259</magK>
		<metallicity>0.26</metallicity>
		<spectraltype>K0</spectraltype>
		<planet>
			<name>HD 102272 b</name>
			<name>Gaia DR2 3923915248709126144 b</name>
			<name>TYC 870-114-1 b</name>
			<name>HIP 57428 b</name>
			<list>Confirmed planets</list>
			<mass>5.9</mass>
			<period>127.58</period>
			<semimajoraxis>0.614</semimajoraxis>
			<eccentricity>0.05</eccentricity>
			<discoverymethod>RV</discoverymethod>
			<lastupdate>08/06/12</lastupdate>
			<discoveryyear>2008</discoveryyear>
			<temperature>877.6</temperature>
		</planet>
		<planet>
			<name>HD 102272 c</name>
			<name>Gaia DR2 3923915248709126144 c</name>
			<name>TYC 870-114-1 c</name>
			<name>HIP 57428 c</name>
			<list>Confirmed planets</list>
			<mass>2.6</mass>
			<period>520</period>
			<semimajoraxis>1.57</semimajoraxis>
			<eccentricity>0.68</eccentricity>
			<discoverymethod>RV</discoverymethod>
			<lastupdate>08/06/12</lastupdate>
			<discoveryyear>2008</discoveryyear>
			<temperature>530.8</temperature>
		</planet>
		<name>HD 102272</name>
		<name>Gaia DR2 3923915248709126144</name>
		<name>TYC 870-114-1</name>
		<name>HIP 57428</name>
		<temperature>4908.0</temperature>
	</star>
	<constellation>Leo</constellation>
</system>
