<system>
	<name>HD 105779</name>
	<rightascension>12 10 38.69</rightascension>
	<declination>-17 36 05.00</declination>
	<distance errorminus="0.3" errorplus="0.3">55.1</distance>
	<star>
		<name>HD 105779</name>
		<radius errorminus="0.02" errorplus="0.02">0.94</radius>
		<magV>8.64</magV>
		<mass errorminus="0.01" errorplus="0.01">0.89</mass>
		<temperature errorminus="16.0" errorplus="16.0">5792.0</temperature>
		<metallicity errorminus="0.01" errorplus="0.01">-0.25</metallicity>
		<spectraltype>G2</spectraltype>
		<planet>
			<name>HD 105779 b</name>
			<semimajoraxis errorminus="0.05" errorplus="0.05">3.38</semimajoraxis>
			<eccentricity>0.0</eccentricity>
			<period errorminus="55.0" errorplus="55.0">2412.0</period>
			<description>The parameters listed here were imported into the Open Exoplanet Catalogue from the exoplanet.eu website.</description>
			<mass errorminus="0.06" errorplus="0.06">0.64</mass>
			<discoverymethod>RV</discoverymethod>
			<discoveryyear>2021</discoveryyear>
			<list>Confirmed planets</list>
			<lastupdate>21/12/17</lastupdate>
		</planet>
	</star>
	<constellation>Corvus</constellation>
</system>
