<system>
	<name>HD 113996</name>
	<name>HD 113996 A</name>
	<name>HIP 64022</name>
	<rightascension>13 07 10.7300</rightascension>
	<declination>+27 37 29.0585</declination>
	<distance errorminus="5.06" errorplus="5.06">116.34</distance>
	<star>
		<name>HD 113996</name>
		<name>HD 113996 A</name>
		<name>HIP 64022</name>
		<name>TYC 1996-2401-1</name>
		<name>Gaia DR2 1460876573902016768</name>
		<radius errorminus="1.20" errorplus="1.20">25.11</radius>
		<magV>4.820</magV>
		<magJ errorminus="0.272" errorplus="0.272">2.372</magJ>
		<magH errorminus="0.182" errorplus="0.182">1.631</magH>
		<magK errorminus="0.178" errorplus="0.178">1.493</magK>
		<mass errorminus="0.18" errorplus="0.18">1.49</mass>
		<temperature errorminus="40.00" errorplus="40.00">4181.00</temperature>
		<metallicity errorminus="0.080" errorplus="0.080">0.130</metallicity>
		<spectraltype>K5III</spectraltype>
		<planet>
			<name>HD 113996 b</name>
			<name>HD 113996 A b</name>
			<name>HIP 64022 b</name>
			<name>TYC 1996-2401-1 b</name>
			<name>Gaia DR2 1460876573902016768 b</name>
			<semimajoraxis errorminus="0.100000" errorplus="0.100000">1.600000</semimajoraxis>
			<eccentricity errorminus="0.120000" errorplus="0.120000">0.280000</eccentricity>
			<periastron errorminus="17.2500" errorplus="17.2500">92.0600</periastron>
			<period errorminus="3.80000000" errorplus="3.80000000">610.20000000</period>
			<description>This planet was discovered by Jeong et al. 2018. This was a ground based discovery. The parameters listed here are those reported by Jeong et al. 2018 and were imported into the Open Exoplanet Catalogue from the NASA Exoplanet Archive.</description>
			<mass errorminus="1.00000" errorplus="1.00000">6.30000</mass>
			<discoverymethod>RV</discoverymethod>
			<discoveryyear>2017</discoveryyear>
			<list>Confirmed planets</list>
			<lastupdate>17/11/30</lastupdate>
		</planet>
	</star>
	<constellation>Coma Berenices</constellation>
</system>
