<system>
	<name>HD 103891</name>
	<rightascension>11 57 45.19</rightascension>
	<declination>-09 58 24.00</declination>
	<distance errorminus="0.1" errorplus="0.1">54.9</distance>
	<star>
		<name>HD 103891</name>
		<radius errorminus="0.05" errorplus="0.05">2.2</radius>
		<magV>6.55</magV>
		<mass errorminus="0.01" errorplus="0.01">1.28</mass>
		<temperature errorminus="20.0" errorplus="20.0">6072.0</temperature>
		<metallicity errorminus="0.01" errorplus="0.01">-0.19</metallicity>
		<spectraltype>F9</spectraltype>
		<planet>
			<name>HD 103891 b</name>
			<semimajoraxis errorminus="0.01" errorplus="0.02">3.27</semimajoraxis>
			<eccentricity errorminus="0.03" errorplus="0.03">0.31</eccentricity>
			<periastron errorminus="8.2" errorplus="8.1">181.5</periastron>
			<period errorminus="15.0" errorplus="15.0">1919.0</period>
			<description>The parameters listed here were imported into the Open Exoplanet Catalogue from the exoplanet.eu website.</description>
			<mass errorminus="0.06" errorplus="0.06">1.44</mass>
			<discoverymethod>RV</discoverymethod>
			<discoveryyear>2021</discoveryyear>
			<list>Confirmed planets</list>
			<lastupdate>21/12/17</lastupdate>
		</planet>
	</star>
	<constellation>Virgo</constellation>
</system>
