<system>
	<name>HD 110113</name>
	<name>TOI-755</name>
	<rightascension>12 40 08.7806</rightascension>
	<declination>-44 18 43.2676</declination>
	<distance errorminus="0.72" errorplus="0.72">106.3</distance>
	<star>
		<name>HD 110113</name>
		<name>TOI-755</name>
		<name>Gaia DR2 6133384959942131968</name>
		<name>TYC 7783-2026-1</name>
		<name>HIP 61820</name>
		<radius errorminus="0.018" errorplus="0.018">0.968</radius>
		<age errorminus="0.5" errorplus="0.5">4.0</age>
		<magV>10.0</magV>
		<mass errorminus="0.06" errorplus="0.06">0.997</mass>
		<temperature errorminus="50.0" errorplus="50.0">5732.0</temperature>
		<planet>
			<name>HD 110113 b</name>
			<name>TOI-755 b</name>
			<name>Gaia DR2 6133384959942131968 b</name>
			<name>TYC 7783-2026-1 b</name>
			<name>HIP 61820 b</name>
			<semimajoraxis errorminus="0.001" errorplus="0.001">0.035</semimajoraxis>
			<eccentricity errorminus="0.064" errorplus="0.079">0.093</eccentricity>
			<periastron errorminus="39.0" errorplus="39.0">331.0</periastron>
			<period errorminus="0.001" errorplus="0.0005">2.541</period>
			<description>HD 110113 b is a transiting mini-Neptune exoplanet on a 2.5-day orbit around the solar-analogue HD 110113.</description>
			<mass errorminus="0.62" errorplus="0.62">4.55</mass>
			<radius errorminus="0.0107" errorplus="0.0107">0.1829</radius>
			<temperature errorminus="14.0" errorplus="14.0">1371.0</temperature>
			<discoverymethod>transit</discoverymethod>
			<istransiting>1</istransiting>
			<discoveryyear>2021</discoveryyear>
			<list>Confirmed planets</list>
			<lastupdate>21/01/14</lastupdate>
		</planet>
		<planet>
			<name>HD 110113 c</name>
			<semimajoraxis errorminus="0.002" errorplus="0.001">0.068</semimajoraxis>
			<eccentricity errorminus="0.038" errorplus="0.079">0.045</eccentricity>
			<periastron errorminus="70.0" errorplus="70.0">300.0</periastron>
			<period errorminus="0.009" errorplus="0.009">6.744</period>
			<description>This is a non-transiting planet. The parameters listed here were imported into the Open Exoplanet Catalogue from the exoplanet.eu website.</description>
			<mass errorminus="0.0038" errorplus="0.0038">0.033</mass>
			<temperature errorminus="10.0" errorplus="10.0">990.0</temperature>
			<discoverymethod>RV</discoverymethod>
			<discoveryyear>2021</discoveryyear>
			<list>Confirmed planets</list>
			<lastupdate>21/01/14</lastupdate>
		</planet>
	</star>
	<constellation>Centaurus</constellation>
</system>
