<system>
	<name>HD 109286</name>
	<rightascension>12 33 34.9893</rightascension>
	<declination>+07 16 51.2869</declination>
	<distance errorminus="0.1" errorplus="0.1">55.5</distance>
	<star>
		<name>HD 109286</name>
		<name>Gaia DR2 3902370696320119296</name>
		<name>TYC 295-141-1</name>
		<name>HIP 61298</name>
		<radius errorminus="0.04" errorplus="0.04">1.089</radius>
		<magV>8.77</magV>
		<mass errorminus="0.05" errorplus="0.05">0.98</mass>
		<temperature errorminus="23.0" errorplus="23.0">5694.0</temperature>
		<metallicity errorminus="0.02" errorplus="0.02">0.05</metallicity>
		<spectraltype>G5</spectraltype>
		<planet>
			<name>HD 109286 b</name>
			<name>Gaia DR2 3902370696320119296 b</name>
			<name>TYC 295-141-1 b</name>
			<name>HIP 61298 b</name>
			<semimajoraxis errorminus="0.022" errorplus="0.022">1.259</semimajoraxis>
			<eccentricity errorminus="0.035" errorplus="0.035">0.338</eccentricity>
			<periastron errorminus="7.4" errorplus="7.4">133.1</periastron>
			<period errorminus="2.3" errorplus="2.3">520.1</period>
			<description>The parameters listed here were imported into the Open Exoplanet Catalogue from the exoplanet.eu website.</description>
			<mass errorminus="0.15" errorplus="0.15">2.99</mass>
			<temperature errorminus="5.5" errorplus="5.5">259.4</temperature>
			<discoverymethod>RV</discoverymethod>
			<discoveryyear>2020</discoveryyear>
			<list>Confirmed planets</list>
			<lastupdate>21/07/13</lastupdate>
		</planet>
	</star>
	<constellation>Virgo</constellation>
</system>
