<system>
	<name>HD 101930</name>
	<rightascension>11 43 30.1133</rightascension>
	<declination>-58 00 24.7768</declination>
	<distance>30.49</distance>
	<star>
		<mass>0.74</mass>
		<magV>8.21</magV>
		<magB>9.12</magB>
		<magJ errorminus="0.019" errorplus="0.019">6.645</magJ>
		<magH errorminus="0.05" errorplus="0.05">6.26</magH>
		<magK errorminus="0.026" errorplus="0.026">6.147</magK>
		<metallicity>0.17</metallicity>
		<spectraltype>K1 V</spectraltype>
		<planet>
			<name>HD 101930 b</name>
			<name>TYC 8638-692-1 b</name>
			<name>Gaia DR2 5341787994441794176 b</name>
			<name>HIP 57172 b</name>
			<name>GJ 3683 b</name>
			<list>Confirmed planets</list>
			<mass>0.3</mass>
			<period>70.46</period>
			<semimajoraxis>0.302</semimajoraxis>
			<eccentricity>0.11</eccentricity>
			<discoverymethod>RV</discoverymethod>
			<lastupdate>10/12/29</lastupdate>
			<discoveryyear>2005</discoveryyear>
			<temperature>385.4</temperature>
		</planet>
		<name>HD 101930</name>
		<name>TYC 8638-692-1</name>
		<name>Gaia DR2 5341787994441794176</name>
		<name>HIP 57172</name>
		<name>GJ 3683</name>
		<temperature>5079.0</temperature>
	</star>
	<constellation>Centaurus</constellation>
</system>
