<system>
	<name>HD 106252</name>
	<rightascension>12 13 29.5100</rightascension>
	<declination>+10 02 29.8888</declination>
	<distance>37.44</distance>
	<star>
		<mass>0.96</mass>
		<radius>1.09</radius>
		<magV>7.36</magV>
		<magB>8.00</magB>
		<magR>7.0</magR>
		<magI>6.7</magI>
		<magJ>6.30</magJ>
		<magH>6.02</magH>
		<magK>5.93</magK>
		<metallicity>-0.078</metallicity>
		<spectraltype>G0</spectraltype>
		<planet>
			<name>HD 106252 b</name>
			<name>Gaia DR2 3905603054348141440 b</name>
			<name>TYC 869-1019-1 b</name>
			<name>HIP 59610 b</name>
			<list>Confirmed planets</list>
			<mass>7.56</mass>
			<period>1600</period>
			<semimajoraxis>2.7</semimajoraxis>
			<eccentricity>0.47</eccentricity>
			<inclination>166.7</inclination>
			<discoverymethod>RV</discoverymethod>
			<lastupdate>11/01/11</lastupdate>
			<discoveryyear>2002</discoveryyear>
			<temperature>158.8</temperature>
		</planet>
		<name>HD 106252</name>
		<name>Gaia DR2 3905603054348141440</name>
		<name>TYC 869-1019-1</name>
		<name>HIP 59610</name>
		<temperature>5754.0</temperature>
	</star>
	<constellation>Virgo</constellation>
</system>
