<system>
	<name>HD 10975</name>
	<rightascension>01 48 39.00</rightascension>
	<declination>+37 57 10.00</declination>
	<star>
		<name>HD 10975</name>
		<spectraltype>K0III</spectraltype>
		<planet>
			<name>HD 10975 b</name>
			<semimajoraxis errorminus="0.08" errorplus="0.08">0.95</semimajoraxis>
			<eccentricity errorminus="0.39" errorplus="0.04">0.442</eccentricity>
			<periastron errorminus="35.0" errorplus="15.0">135.0</periastron>
			<period errorminus="0.1" errorplus="12.7">283.8</period>
			<description>The parameters listed here were imported into the Open Exoplanet Catalogue from the exoplanet.eu website.</description>
			<mass errorminus="0.15" errorplus="0.06">0.45</mass>
			<discoverymethod>RV</discoverymethod>
			<discoveryyear>2021</discoveryyear>
			<list>Confirmed planets</list>
			<lastupdate>21/12/15</lastupdate>
		</planet>
	</star>
	<constellation>Andromeda</constellation>
</system>
