<system>
	<name>HD 108341</name>
	<rightascension>12 27 31.38999</rightascension>
	<declination>-71 25 22.7053</declination>
	<distance errorminus="2.3" errorplus="2.3">49.4</distance>
	<star>
		<name>HD 108341</name>
		<name>HIP 60788</name>
		<name>TYC 9236-2866-1</name>
		<name>CD-70 941</name>
		<name>CPD-70 1484</name>
		<name>2MASS J12273136-7125225</name>
		<name>Gaia DR2 5842782219960409728</name>
		<mass errorminus="0.024" errorplus="0.024">0.843</mass>
		<radius errorminus="0.03" errorplus="0.03">0.79</radius>
		<temperature errorminus="79" errorplus="79">5122</temperature>
		<age errorminus="4.1" errorplus="4.1">4.9</age>
		<metallicity errorminus="0.06" errorplus="0.06">0.04</metallicity>
		<spectraltype>K2 V</spectraltype>
		<magV>9.36</magV>
		<magB errorminus="0.03" errorplus="0.03">10.29</magB>
		<magJ errorminus="0.027" errorplus="0.027">7.863</magJ>
		<magH errorminus="0.061" errorplus="0.061">7.458</magH>
		<magK errorminus="0.021" errorplus="0.021">7.326</magK>
		<planet>
			<name>HD 108341 b</name>
			<name>HIP 60788 b</name>
			<name>TYC 9236-2866-1 b</name>
			<name>Gaia DR2 5842782219960409728 b</name>
			<semimajoraxis errorminus="0.04" errorplus="0.04">2</semimajoraxis>
			<eccentricity errorminus="0.08" errorplus="0.09">0.85</eccentricity>
			<period errorminus="8" errorplus="6">1129</period>
			<mass errorminus="1.2" errorplus="3.4" type="msini">3.5</mass>
			<periastron errorminus="5" errorplus="2">190</periastron>
			<maximumrvtime errorminus="88" errorplus="33">2456633</maximumrvtime>
			<list>Confirmed planets</list>
			<discoverymethod>RV</discoverymethod>
			<description>Further data to be collected in August 2015 will result in more accurate parameters.</description>
			<discoveryyear>2014</discoveryyear>
			<lastupdate>15/11/21</lastupdate>
		</planet>
	</star>
	<constellation>Musca</constellation>
</system>
