<system>
	<name>HD 108147</name>
	<rightascension>12 25 46.2670</rightascension>
	<declination>-64 01 19.5150</declination>
	<distance>38.57</distance>
	<star>
		<mass>1.19</mass>
		<radius>1.22</radius>
		<magV>6.99</magV>
		<magJ errorminus="0.029" errorplus="0.029">6.007</magJ>
		<magH errorminus="0.027" errorplus="0.027">5.832</magH>
		<magK errorminus="0.016" errorplus="0.016">5.721</magK>
		<magB>7.501</magB>
		<metallicity>0.18</metallicity>
		<spectraltype>F8/G0 V</spectraltype>
		<planet>
			<name>HD 108147 b</name>
			<name>TYC 8983-384-1 b</name>
			<name>Tupa b</name>
			<name>Gaia DR2 6053512007260865280 b</name>
			<name>HIP 60644 b</name>
			<list>Confirmed planets</list>
			<mass>0.261</mass>
			<period>10.8985</period>
			<semimajoraxis>0.102</semimajoraxis>
			<eccentricity>0.53</eccentricity>
			<discoverymethod>RV</discoverymethod>
			<lastupdate>09/10/06</lastupdate>
			<discoveryyear>2002</discoveryyear>
			<temperature>907.7</temperature>
		</planet>
		<name>HD 108147</name>
		<name>TYC 8983-384-1</name>
		<name>Tupa</name>
		<name>Gaia DR2 6053512007260865280</name>
		<name>HIP 60644</name>
		<temperature>6067.0</temperature>
	</star>
	<constellation>Crux</constellation>
</system>
