<system>
	<name>HD 112640</name>
	<rightascension>12 56 58.0160</rightascension>
	<declination>+67 14 34.3071</declination>
	<distance errorminus="2.0" errorplus="2.0">326.8</distance>
	<star>
		<name>HD 112640</name>
		<name>HIP 63203</name>
		<name>Gaia DR2 1679187115856566528</name>
		<name>TYC 4168-694-1</name>
		<radius errorminus="5.0" errorplus="5.0">39.0</radius>
		<magV>6.5</magV>
		<mass errorminus="0.2" errorplus="0.2">1.8</mass>
		<temperature errorminus="15.0" errorplus="15.0">4155.0</temperature>
		<metallicity errorminus="0.07" errorplus="0.07">-0.09</metallicity>
		<spectraltype>K0III</spectraltype>
		<planet>
			<name>HD 112640 b</name>
			<name>HIP 63203 b</name>
			<name>Gaia DR2 1679187115856566528 b</name>
			<name>TYC 4168-694-1 b</name>
			<semimajoraxis errorminus="0.1" errorplus="0.1">1.7</semimajoraxis>
			<eccentricity errorminus="0.18" errorplus="0.18">0.24</eccentricity>
			<periastron errorminus="22.8" errorplus="22.8">114.4</periastron>
			<period errorminus="5.8" errorplus="5.8">613.2</period>
			<description>The parameters listed here were imported into the Open Exoplanet Catalogue from the exoplanet.eu website.</description>
			<mass errorminus="1.0" errorplus="1.0">5.0</mass>
			<discoverymethod>RV</discoverymethod>
			<discoveryyear>2020</discoveryyear>
			<list>Confirmed planets</list>
			<lastupdate>20/12/11</lastupdate>
		</planet>
	</star>
	<constellation>Draco</constellation>
</system>
